solid ASCII
  facet normal -3.720900e-01 -1.015260e-01 -9.226275e-01
    outer loop
      vertex   -4.322015e-02 -1.871387e-02 1.509334e-01
      vertex   -3.911747e-02 -1.738345e-02 1.491324e-01
      vertex   -3.915331e-02 -2.130471e-02 1.495784e-01
    endloop
  endfacet
  facet normal -8.944345e-01 2.774413e-01 3.507325e-01
    outer loop
      vertex   -4.378254e-02 1.789824e-02 1.954261e-01
      vertex   -4.696026e-02 1.151912e-02 1.923684e-01
      vertex   -4.462398e-02 1.128270e-02 1.985134e-01
    endloop
  endfacet
  facet normal 4.290324e-01 -7.281259e-01 5.345689e-01
    outer loop
      vertex   2.480760e-02 -3.589521e-02 1.432806e-01
      vertex   1.912817e-02 -3.825957e-02 1.446184e-01
      vertex   2.011764e-02 -4.123808e-02 1.397673e-01
    endloop
  endfacet
  facet normal -7.139692e-01 4.112331e-01 -5.666881e-01
    outer loop
      vertex   -4.352498e-02 2.378830e-02 1.550027e-01
      vertex   -4.158476e-02 2.224849e-02 1.514408e-01
      vertex   -4.420587e-02 1.976905e-02 1.529439e-01
    endloop
  endfacet
  facet normal -4.405968e-01 2.378221e-01 -8.656299e-01
    outer loop
      vertex   -3.820145e-02 2.208744e-02 1.496745e-01
      vertex   -4.158476e-02 2.224849e-02 1.514408e-01
      vertex   -4.000751e-02 2.558227e-02 1.515539e-01
    endloop
  endfacet
  facet normal 2.305069e-01 -7.811525e-01 5.802305e-01
    outer loop
      vertex   8.550738e-03 -4.823906e-02 1.598858e-01
      vertex   1.299200e-02 -4.757136e-02 1.590203e-01
      vertex   9.572678e-03 -4.583483e-02 1.627166e-01
    endloop
  endfacet
  facet normal 5.288424e-02 -1.296057e-01 -9.901543e-01
    outer loop
      vertex   1.075847e-02 -3.751924e-02 1.490000e-01
      vertex   1.491364e-02 -4.003971e-02 1.495518e-01
      vertex   1.159831e-02 -4.290081e-02 1.497493e-01
    endloop
  endfacet
  facet normal -2.859302e-02 7.197779e-01 6.936153e-01
    outer loop
      vertex   -5.813138e-03 4.415516e-02 1.651932e-01
      vertex   -1.233590e-03 4.707627e-02 1.623507e-01
      vertex   -4.928890e-03 4.729708e-02 1.619692e-01
    endloop
  endfacet
  facet normal 5.112137e-01 3.740452e-01 -7.737899e-01
    outer loop
      vertex   3.740974e-02 3.123998e-02 1.529028e-01
      vertex   3.369639e-02 3.096520e-02 1.503167e-01
      vertex   3.373819e-02 3.414694e-02 1.518823e-01
    endloop
  endfacet
  facet normal 2.843747e-02 -9.065966e-01 -4.210391e-01
    outer loop
      vertex   -2.755082e-03 -4.972069e-02 1.559811e-01
      vertex   -6.043258e-03 -4.875004e-02 1.536690e-01
      vertex   -2.318473e-03 -4.778765e-02 1.518483e-01
    endloop
  endfacet
  facet normal 2.594713e-01 4.236462e-01 -8.678701e-01
    outer loop
      vertex   3.025405e-02 3.224319e-02 1.499113e-01
      vertex   3.373819e-02 3.414694e-02 1.518823e-01
      vertex   3.369639e-02 3.096520e-02 1.503167e-01
    endloop
  endfacet
  facet normal 2.752007e-01 1.979255e-01 -9.407922e-01
    outer loop
      vertex   3.154203e-02 2.833470e-02 1.491331e-01
      vertex   3.369639e-02 3.096520e-02 1.503167e-01
      vertex   3.541417e-02 2.626652e-02 1.498306e-01
    endloop
  endfacet
  facet normal 1.258520e-01 -8.193081e-01 -5.593707e-01
    outer loop
      vertex   1.868893e-02 -4.500535e-02 1.536327e-01
      vertex   1.607445e-02 -4.686193e-02 1.557638e-01
      vertex   1.549745e-02 -4.416169e-02 1.516789e-01
    endloop
  endfacet
  facet normal -9.004263e-02 -8.165892e-01 5.701529e-01
    outer loop
      vertex   -1.002502e-02 -4.604223e-02 1.629505e-01
      vertex   -7.505295e-03 -4.896576e-02 1.591613e-01
      vertex   -6.180659e-03 -4.694454e-02 1.622653e-01
    endloop
  endfacet
  facet normal -5.514701e-01 -4.836264e-01 6.796956e-01
    outer loop
      vertex   -3.533293e-02 -2.711191e-02 1.651932e-01
      vertex   -3.672910e-02 -3.056484e-02 1.616035e-01
      vertex   -3.149183e-02 -3.149183e-02 1.651932e-01
    endloop
  endfacet
  facet normal 8.181815e-01 3.179503e-01 4.790476e-01
    outer loop
      vertex   4.435569e-02 1.570651e-02 1.626971e-01
      vertex   4.567854e-02 1.862486e-02 1.585008e-01
      vertex   4.286571e-02 2.107416e-02 1.616793e-01
    endloop
  endfacet
  facet normal -8.279341e-01 1.834684e-01 5.299665e-01
    outer loop
      vertex   -4.911070e-02 7.767702e-03 1.587999e-01
      vertex   -4.898769e-02 3.280343e-03 1.605455e-01
      vertex   -4.648082e-02 7.922841e-03 1.628547e-01
    endloop
  endfacet
  facet normal 5.977847e-02 1.054056e-02 -9.981560e-01
    outer loop
      vertex   3.787185e-02 9.442513e-03 1.490000e-01
      vertex   4.175474e-02 8.285854e-03 1.492203e-01
      vertex   3.881743e-02 4.079876e-03 1.490000e-01
    endloop
  endfacet
  facet normal -3.704392e-01 9.284053e-01 2.895363e-02
    outer loop
      vertex   -2.333189e-02 4.384170e-02 1.558318e-01
      vertex   -2.014484e-02 4.501288e-02 1.590533e-01
      vertex   -1.987368e-02 4.525787e-02 1.546670e-01
    endloop
  endfacet
  facet normal 8.607586e-01 4.406781e-01 -2.547498e-01
    outer loop
      vertex   4.296392e-02 2.480524e-02 1.785580e-01
      vertex   4.454672e-02 1.991874e-02 1.754531e-01
      vertex   4.139431e-02 2.390211e-02 1.716922e-01
    endloop
  endfacet
  facet normal -6.335594e-01 -7.039736e-01 -3.209729e-01
    outer loop
      vertex   -3.450384e-02 -3.242895e-02 1.709338e-01
      vertex   -2.837594e-02 -3.738717e-02 1.697128e-01
      vertex   -3.187246e-02 -3.731670e-02 1.764599e-01
    endloop
  endfacet
  facet normal -9.948114e-01 9.380819e-02 3.937461e-02
    outer loop
      vertex   -4.787612e-02 -1.050474e-02 1.591385e-01
      vertex   -4.798748e-02 -9.405817e-03 1.537068e-01
      vertex   -4.817927e-02 -1.241385e-02 1.560277e-01
    endloop
  endfacet
  facet normal 6.791944e-02 -1.179016e-01 -9.906998e-01
    outer loop
      vertex   2.442250e-02 -3.716552e-02 1.497401e-01
      vertex   1.919061e-02 -3.861137e-02 1.495535e-01
      vertex   2.068341e-02 -3.310037e-02 1.490000e-01
    endloop
  endfacet
  facet normal -6.610757e-02 1.057942e-01 -9.921882e-01
    outer loop
      vertex   -1.832406e-02 3.446254e-02 1.490000e-01
      vertex   -2.294199e-02 3.157694e-02 1.490000e-01
      vertex   -2.439353e-02 3.696561e-02 1.496713e-01
    endloop
  endfacet
  facet normal 3.549101e-01 1.767239e-02 -9.347334e-01
    outer loop
      vertex   4.242219e-02 -4.041760e-03 1.498435e-01
      vertex   4.702362e-02 -1.436990e-03 1.516399e-01
      vertex   4.610295e-02 -6.179546e-03 1.512007e-01
    endloop
  endfacet
  facet normal -2.175421e-01 6.408595e-01 7.361892e-01
    outer loop
      vertex   -1.704326e-02 4.114606e-02 1.651932e-01
      vertex   -1.152681e-02 4.301864e-02 1.651932e-01
      vertex   -1.638130e-02 4.545510e-02 1.616377e-01
    endloop
  endfacet
  facet normal 5.193127e-01 8.018212e-01 2.956300e-01
    outer loop
      vertex   2.429074e-02 4.336738e-02 1.571428e-01
      vertex   2.530751e-02 4.134051e-02 1.608541e-01
      vertex   2.842152e-02 4.026068e-02 1.583127e-01
    endloop
  endfacet
  facet normal 1.943354e-01 6.756341e-02 -9.786056e-01
    outer loop
      vertex   2.711338e-02 2.807673e-02 1.490000e-01
      vertex   2.731573e-02 3.454403e-02 1.494867e-01
      vertex   3.025405e-02 3.224319e-02 1.499113e-01
    endloop
  endfacet
  facet normal 3.731173e-01 -1.533325e-01 -9.150260e-01
    outer loop
      vertex   4.260633e-02 -2.012523e-02 1.510580e-01
      vertex   3.987388e-02 -1.693926e-02 1.494100e-01
      vertex   4.436047e-02 -1.537640e-02 1.509776e-01
    endloop
  endfacet
  facet normal 5.755036e-02 1.551698e-01 -9.862101e-01
    outer loop
      vertex   -7.225201e-03 4.190332e-02 1.496380e-01
      vertex   -8.115053e-03 3.817832e-02 1.490000e-01
      vertex   -1.113336e-02 4.001306e-02 1.491125e-01
    endloop
  endfacet
  facet normal -8.280082e-01 3.415136e-01 -4.447143e-01
    outer loop
      vertex   -4.701578e-02 1.277129e-02 1.530829e-01
      vertex   -4.677929e-02 1.636165e-02 1.553997e-01
      vertex   -4.483218e-02 1.600255e-02 1.514987e-01
    endloop
  endfacet
  facet normal 4.533084e-02 -1.345800e-01 -9.898653e-01
    outer loop
      vertex   1.491364e-02 -4.003971e-02 1.495518e-01
      vertex   1.587544e-02 -3.565682e-02 1.490000e-01
      vertex   1.919061e-02 -3.861137e-02 1.495535e-01
    endloop
  endfacet
  facet normal 9.197800e-02 -9.904232e-02 -9.908232e-01
    outer loop
      vertex   3.410260e-03 -4.318721e-02 1.497320e-01
      vertex   -1.666192e-03 -4.317059e-02 1.492591e-01
      vertex   -5.703170e-17 -3.903125e-02 1.490000e-01
    endloop
  endfacet
  facet normal 1.507266e-02 9.143555e-02 -9.956969e-01
    outer loop
      vertex   1.866805e-02 3.959976e-02 1.494769e-01
      vertex   2.313048e-02 3.700500e-02 1.493062e-01
      vertex   1.832406e-02 3.446254e-02 1.490000e-01
    endloop
  endfacet
  facet normal -2.738782e-01 1.002647e-01 -9.565238e-01
    outer loop
      vertex   -4.170702e-02 8.049504e-03 1.495691e-01
      vertex   -4.268091e-02 2.462183e-03 1.492623e-01
      vertex   -4.570892e-02 5.157060e-03 1.504118e-01
    endloop
  endfacet
  facet normal -4.805060e-01 -8.706113e-01 1.055933e-01
    outer loop
      vertex   -2.374211e-02 -4.334231e-02 1.558726e-01
      vertex   -1.914155e-02 -4.589386e-02 1.557703e-01
      vertex   -2.058151e-02 -4.463073e-02 1.596321e-01
    endloop
  endfacet
  facet normal 3.784786e-01 -8.408342e-01 3.869779e-01
    outer loop
      vertex   2.524447e-02 -4.290647e-02 1.572078e-01
      vertex   2.179959e-02 -4.228789e-02 1.619211e-01
      vertex   2.016039e-02 -4.491399e-02 1.578182e-01
    endloop
  endfacet
  facet normal -5.732190e-01 -7.998450e-01 1.779546e-01
    outer loop
      vertex   -3.405289e-02 -3.412980e-02 1.605221e-01
      vertex   -3.674655e-02 -3.290501e-02 1.573505e-01
      vertex   -3.474303e-02 -3.494600e-02 1.546305e-01
    endloop
  endfacet
  facet normal 1.763974e-01 -1.740008e-03 -9.843175e-01
    outer loop
      vertex   3.154203e-02 2.833470e-02 1.491331e-01
      vertex   3.541417e-02 2.626652e-02 1.498306e-01
      vertex   3.075704e-02 2.403003e-02 1.490000e-01
    endloop
  endfacet
  facet normal 8.806896e-01 3.691683e-01 2.968175e-01
    outer loop
      vertex   4.376713e-02 2.364260e-02 1.558102e-01
      vertex   4.164981e-02 2.648574e-02 1.585563e-01
      vertex   4.286571e-02 2.107416e-02 1.616793e-01
    endloop
  endfacet
  facet normal 6.514389e-01 3.212544e-01 6.873303e-01
    outer loop
      vertex   4.114606e-02 1.704326e-02 1.651932e-01
      vertex   4.286571e-02 2.107416e-02 1.616793e-01
      vertex   3.856946e-02 2.226809e-02 1.651932e-01
    endloop
  endfacet
  facet normal 3.373175e-01 -6.457516e-01 -6.849977e-01
    outer loop
      vertex   2.633271e-02 -4.117175e-02 1.533582e-01
      vertex   2.230175e-02 -4.368905e-02 1.537463e-01
      vertex   2.232227e-02 -4.083932e-02 1.510699e-01
    endloop
  endfacet
  facet normal -2.014404e-01 -9.094109e-01 -3.638593e-01
    outer loop
      vertex   -9.431390e-03 -4.762133e-02 1.525926e-01
      vertex   -9.395981e-03 -4.884547e-02 1.556325e-01
      vertex   -1.417066e-02 -4.729450e-02 1.543995e-01
    endloop
  endfacet
  facet normal -2.353777e-02 1.758198e-01 -9.841409e-01
    outer loop
      vertex   1.868507e-03 4.449551e-02 1.500136e-01
      vertex   6.390934e-03 4.320532e-02 1.496749e-01
      vertex   2.722682e-03 3.893617e-02 1.490000e-01
    endloop
  endfacet
  facet normal 4.743111e-01 5.599820e-01 6.793005e-01
    outer loop
      vertex   3.494633e-02 3.055421e-02 1.635541e-01
      vertex   3.310412e-02 3.439823e-02 1.616715e-01
      vertex   3.149183e-02 3.149183e-02 1.651932e-01
    endloop
  endfacet
  facet normal 3.941807e-01 4.992288e-02 -9.176760e-01
    outer loop
      vertex   4.175474e-02 8.285854e-03 1.492203e-01
      vertex   4.146330e-02 1.233091e-02 1.493152e-01
      vertex   4.517924e-02 9.814076e-03 1.507744e-01
    endloop
  endfacet
  facet normal -5.274638e-01 -6.851026e-01 5.024106e-01
    outer loop
      vertex   -3.008503e-02 -3.589908e-02 1.620439e-01
      vertex   -3.209651e-02 -3.695338e-02 1.584945e-01
      vertex   -2.952821e-02 -3.941106e-02 1.578395e-01
    endloop
  endfacet
  facet normal -7.166913e-01 -1.453236e-01 6.820811e-01
    outer loop
      vertex   -4.580626e-02 -9.090446e-03 1.627832e-01
      vertex   -4.587691e-02 -1.288193e-02 1.619011e-01
      vertex   -4.301864e-02 -1.152681e-02 1.651932e-01
    endloop
  endfacet
  facet normal -5.397158e-01 -6.597470e-01 5.229156e-01
    outer loop
      vertex   -2.386084e-02 -4.215432e-02 1.602257e-01
      vertex   -2.564514e-02 -3.920568e-02 1.621043e-01
      vertex   -2.655408e-02 -4.185512e-02 1.578234e-01
    endloop
  endfacet
  facet normal -2.214512e-03 1.790411e-01 -9.838391e-01
    outer loop
      vertex   2.722682e-03 3.893617e-02 1.490000e-01
      vertex   -2.048784e-03 4.290169e-02 1.497324e-01
      vertex   1.868507e-03 4.449551e-02 1.500136e-01
    endloop
  endfacet
  facet normal -2.576645e-01 -9.662256e-01 -4.137575e-03
    outer loop
      vertex   -1.199541e-02 -4.789319e-02 1.587456e-01
      vertex   -1.641124e-02 -4.671631e-02 1.589087e-01
      vertex   -1.417066e-02 -4.729450e-02 1.543995e-01
    endloop
  endfacet
  facet normal -2.326045e-01 3.861280e-01 -8.926367e-01
    outer loop
      vertex   -3.025499e-02 3.749290e-02 1.521440e-01
      vertex   -2.795034e-02 3.317433e-02 1.496753e-01
      vertex   -3.193282e-02 3.357397e-02 1.508860e-01
    endloop
  endfacet
  facet normal 1.364104e-01 3.724292e-02 -9.899521e-01
    outer loop
      vertex   3.380205e-02 1.951562e-02 1.490000e-01
      vertex   3.831337e-02 2.326549e-02 1.497627e-01
      vertex   3.791103e-02 1.861012e-02 1.495321e-01
    endloop
  endfacet
  facet normal 2.096668e-01 6.176594e-01 7.579820e-01
    outer loop
      vertex   1.704326e-02 4.114606e-02 1.651932e-01
      vertex   1.524471e-02 4.470948e-02 1.627869e-01
      vertex   1.152681e-02 4.301864e-02 1.651932e-01
    endloop
  endfacet
  facet normal -1.766675e-02 1.844929e-01 -9.826750e-01
    outer loop
      vertex   -7.225201e-03 4.190332e-02 1.496380e-01
      vertex   -2.048784e-03 4.290169e-02 1.497324e-01
      vertex   -2.722682e-03 3.893617e-02 1.490000e-01
    endloop
  endfacet
  facet normal -9.179848e-02 3.874793e-01 -9.172965e-01
    outer loop
      vertex   1.868507e-03 4.449551e-02 1.500136e-01
      vertex   -2.048784e-03 4.290169e-02 1.497324e-01
      vertex   -5.382430e-04 4.751502e-02 1.515300e-01
    endloop
  endfacet
  facet normal -7.656433e-01 -3.018597e-01 5.680414e-01
    outer loop
      vertex   -4.182279e-02 -2.069047e-02 1.627343e-01
      vertex   -4.405140e-02 -2.152615e-02 1.592863e-01
      vertex   -4.206367e-02 -2.429429e-02 1.604945e-01
    endloop
  endfacet
  facet normal 8.830755e-01 -4.690983e-01 -1.115075e-02
    outer loop
      vertex   4.390235e-02 -2.292705e-02 1.544475e-01
      vertex   4.630063e-02 -1.847257e-02 1.569828e-01
      vertex   4.466928e-02 -2.159865e-02 1.592996e-01
    endloop
  endfacet
  facet normal -9.346434e-02 9.992348e-02 -9.905956e-01
    outer loop
      vertex   -3.380205e-02 1.951562e-02 1.490000e-01
      vertex   -3.996221e-02 1.742089e-02 1.493699e-01
      vertex   -3.820145e-02 2.208744e-02 1.496745e-01
    endloop
  endfacet
  facet normal -1.132198e-01 7.636569e-02 -9.906309e-01
    outer loop
      vertex   -3.380205e-02 1.951562e-02 1.490000e-01
      vertex   -3.529832e-02 2.485287e-02 1.495824e-01
      vertex   -3.075704e-02 2.403003e-02 1.490000e-01
    endloop
  endfacet
  facet normal -2.554174e-01 2.684159e-01 -9.288244e-01
    outer loop
      vertex   -3.193282e-02 3.357397e-02 1.508860e-01
      vertex   -2.795034e-02 3.317433e-02 1.496753e-01
      vertex   -3.212815e-02 2.941502e-02 1.497378e-01
    endloop
  endfacet
  facet normal -1.030181e-01 9.558856e-02 -9.900758e-01
    outer loop
      vertex   -2.294199e-02 3.157694e-02 1.490000e-01
      vertex   -2.795034e-02 3.317433e-02 1.496753e-01
      vertex   -2.439353e-02 3.696561e-02 1.496713e-01
    endloop
  endfacet
  facet normal 1.104523e-01 4.413918e-01 -8.904907e-01
    outer loop
      vertex   1.129444e-02 4.208901e-02 1.497298e-01
      vertex   6.390934e-03 4.320532e-02 1.496749e-01
      vertex   8.855872e-03 4.663897e-02 1.516827e-01
    endloop
  endfacet
  facet normal 6.819192e-01 -6.490609e-02 -7.285420e-01
    outer loop
      vertex   4.702362e-02 -1.436990e-03 1.516399e-01
      vertex   4.895306e-02 -4.673588e-03 1.537342e-01
      vertex   4.610295e-02 -6.179546e-03 1.512007e-01
    endloop
  endfacet
  facet normal -5.400835e-01 -8.287240e-01 -1.467185e-01
    outer loop
      vertex   -2.717839e-02 -4.069346e-02 1.535601e-01
      vertex   -2.374211e-02 -4.334231e-02 1.558726e-01
      vertex   -2.655408e-02 -4.185512e-02 1.578234e-01
    endloop
  endfacet
  facet normal 9.002359e-01 -4.268411e-01 -8.591862e-02
    outer loop
      vertex   4.854858e-02 -1.153591e-02 1.568183e-01
      vertex   4.726365e-02 -1.477642e-02 1.594538e-01
      vertex   4.723626e-02 -1.370383e-02 1.538382e-01
    endloop
  endfacet
  facet normal -9.031489e-01 -2.246859e-01 -3.658392e-01
    outer loop
      vertex   -4.667267e-02 -1.233070e-02 1.522573e-01
      vertex   -4.817927e-02 -1.241385e-02 1.560277e-01
      vertex   -4.798748e-02 -9.405817e-03 1.537068e-01
    endloop
  endfacet
  facet normal 6.875426e-01 -6.844367e-01 -2.425522e-01
    outer loop
      vertex   3.402771e-02 -3.648441e-02 1.576604e-01
      vertex   3.046516e-02 -3.916512e-02 1.551264e-01
      vertex   3.227682e-02 -3.651156e-02 1.527739e-01
    endloop
  endfacet
  facet normal 3.197182e-01 -6.483237e-01 6.909824e-01
    outer loop
      vertex   1.704326e-02 -4.114606e-02 1.651932e-01
      vertex   2.179959e-02 -4.228789e-02 1.619211e-01
      vertex   2.226809e-02 -3.856946e-02 1.651932e-01
    endloop
  endfacet
  facet normal 1.406421e-01 -7.070541e-01 6.930327e-01
    outer loop
      vertex   5.813138e-03 -4.415516e-02 1.651932e-01
      vertex   9.572678e-03 -4.583483e-02 1.627166e-01
      vertex   1.152681e-02 -4.301864e-02 1.651932e-01
    endloop
  endfacet
  facet normal 1.300528e-01 -8.456722e-01 5.176145e-01
    outer loop
      vertex   1.355042e-02 -4.516335e-02 1.628142e-01
      vertex   9.572678e-03 -4.583483e-02 1.627166e-01
      vertex   1.299200e-02 -4.757136e-02 1.590203e-01
    endloop
  endfacet
  facet normal -6.699846e-01 -1.901586e-01 7.176073e-01
    outer loop
      vertex   -4.800467e-02 -5.780640e-03 1.616077e-01
      vertex   -4.580626e-02 -9.090446e-03 1.627832e-01
      vertex   -4.415516e-02 -5.813138e-03 1.651932e-01
    endloop
  endfacet
  facet normal 3.560701e-01 -9.298721e-01 -9.247623e-02
    outer loop
      vertex   2.016039e-02 -4.491399e-02 1.578182e-01
      vertex   2.230175e-02 -4.368905e-02 1.537463e-01
      vertex   2.524447e-02 -4.290647e-02 1.572078e-01
    endloop
  endfacet
  facet normal 1.792192e-01 -1.205107e-01 -9.764004e-01
    outer loop
      vertex   3.198783e-02 -3.216167e-02 1.502104e-01
      vertex   2.862758e-02 -3.423114e-02 1.498490e-01
      vertex   2.887603e-02 -3.011715e-02 1.493868e-01
    endloop
  endfacet
  facet normal 3.970151e-01 -9.314435e-02 -9.130734e-01
    outer loop
      vertex   4.203933e-02 -1.268592e-02 1.496938e-01
      vertex   4.528384e-02 -1.057004e-02 1.508887e-01
      vertex   4.436047e-02 -1.537640e-02 1.509776e-01
    endloop
  endfacet
  facet normal -5.055328e-01 -6.026074e-01 6.174957e-01
    outer loop
      vertex   -3.008503e-02 -3.589908e-02 1.620439e-01
      vertex   -3.149183e-02 -3.149183e-02 1.651932e-01
      vertex   -3.405289e-02 -3.412980e-02 1.605221e-01
    endloop
  endfacet
  facet normal 6.545294e-01 2.221824e-01 7.226522e-01
    outer loop
      vertex   4.301864e-02 1.152681e-02 1.651932e-01
      vertex   4.435569e-02 1.570651e-02 1.626971e-01
      vertex   4.114606e-02 1.704326e-02 1.651932e-01
    endloop
  endfacet
  facet normal 7.154108e-01 4.473992e-01 5.366761e-01
    outer loop
      vertex   4.435569e-02 1.570651e-02 1.626971e-01
      vertex   4.713672e-02 1.420178e-02 1.602443e-01
      vertex   4.567854e-02 1.862486e-02 1.585008e-01
    endloop
  endfacet
  facet normal -5.959245e-02 -1.120771e-01 -9.919110e-01
    outer loop
      vertex   -1.587544e-02 -3.565682e-02 1.490000e-01
      vertex   -2.179123e-02 -3.742795e-02 1.495555e-01
      vertex   -2.068341e-02 -3.310037e-02 1.490000e-01
    endloop
  endfacet
  facet normal 8.137112e-01 -1.595745e-01 -5.589366e-01
    outer loop
      vertex   4.959754e-02 -3.395573e-04 1.550737e-01
      vertex   4.702362e-02 -1.436990e-03 1.516399e-01
      vertex   4.838970e-02 2.462056e-03 1.525155e-01
    endloop
  endfacet
  facet normal 2.438346e-01 4.455676e-01 -8.614025e-01
    outer loop
      vertex   3.025405e-02 3.224319e-02 1.499113e-01
      vertex   3.130654e-02 3.699391e-02 1.526666e-01
      vertex   3.373819e-02 3.414694e-02 1.518823e-01
    endloop
  endfacet
  facet normal -3.850743e-01 7.965251e-01 4.661175e-01
    outer loop
      vertex   -2.618671e-02 3.991197e-02 1.623296e-01
      vertex   -2.112572e-02 4.249932e-02 1.620892e-01
      vertex   -2.501761e-02 4.247169e-02 1.589212e-01
    endloop
  endfacet
  facet normal -8.823560e-02 4.742106e-02 -9.949702e-01
    outer loop
      vertex   -4.152973e-02 -8.554088e-03 1.495581e-01
      vertex   -3.712092e-02 -1.206132e-02 1.490000e-01
      vertex   -4.113696e-02 -1.377073e-02 1.492747e-01
    endloop
  endfacet
  facet normal -3.433175e-01 2.692091e-01 -8.998108e-01
    outer loop
      vertex   -3.529832e-02 2.485287e-02 1.495824e-01
      vertex   -3.719999e-02 2.940073e-02 1.516687e-01
      vertex   -3.212815e-02 2.941502e-02 1.497378e-01
    endloop
  endfacet
  facet normal 3.945554e-03 8.815584e-01 4.720585e-01
    outer loop
      vertex   -2.937216e-03 4.934965e-02 1.581194e-01
      vertex   -4.928890e-03 4.729708e-02 1.619692e-01
      vertex   -1.233590e-03 4.707627e-02 1.623507e-01
    endloop
  endfacet
  facet normal -9.265204e-01 2.836065e-01 -2.472394e-01
    outer loop
      vertex   -4.352498e-02 2.378830e-02 1.550027e-01
      vertex   -4.420587e-02 1.976905e-02 1.529439e-01
      vertex   -4.544341e-02 2.045428e-02 1.583675e-01
    endloop
  endfacet
  facet normal 3.269655e-01 -1.527916e-01 -9.326030e-01
    outer loop
      vertex   4.247316e-02 1.028716e-03 1.496406e-01
      vertex   4.579167e-02 2.010528e-03 1.506432e-01
      vertex   4.702362e-02 -1.436990e-03 1.516399e-01
    endloop
  endfacet
  facet normal 3.833124e-01 -4.078800e-02 -9.227177e-01
    outer loop
      vertex   4.242219e-02 -4.041760e-03 1.498435e-01
      vertex   4.247316e-02 1.028716e-03 1.496406e-01
      vertex   4.702362e-02 -1.436990e-03 1.516399e-01
    endloop
  endfacet
  facet normal 1.776116e-01 6.202352e-03 -9.840811e-01
    outer loop
      vertex   3.881743e-02 4.079876e-03 1.490000e-01
      vertex   4.247316e-02 1.028716e-03 1.496406e-01
      vertex   3.900747e-02 -1.362171e-03 1.490000e-01
    endloop
  endfacet
  facet normal -9.416342e-02 -2.166944e-01 -9.716876e-01
    outer loop
      vertex   -3.244972e-02 -2.973189e-02 1.495553e-01
      vertex   -2.862883e-02 -3.075638e-02 1.494135e-01
      vertex   -3.122496e-02 -3.430843e-02 1.504572e-01
    endloop
  endfacet
  facet normal -9.708038e-02 -7.772541e-02 -9.922369e-01
    outer loop
      vertex   -2.862883e-02 -3.075638e-02 1.494135e-01
      vertex   -2.508880e-02 -2.989967e-02 1.490000e-01
      vertex   -2.539846e-02 -3.363264e-02 1.493227e-01
    endloop
  endfacet
  facet normal -6.325376e-02 -1.684696e-01 -9.836752e-01
    outer loop
      vertex   -7.289023e-03 -4.187966e-02 1.495237e-01
      vertex   -1.087559e-02 -4.126379e-02 1.496488e-01
      vertex   -1.075847e-02 -3.751924e-02 1.490000e-01
    endloop
  endfacet
  facet normal 6.112668e-01 2.524100e-01 7.500947e-01
    outer loop
      vertex   4.301864e-02 1.152681e-02 1.651932e-01
      vertex   4.630148e-02 1.064597e-02 1.628143e-01
      vertex   4.435569e-02 1.570651e-02 1.626971e-01
    endloop
  endfacet
  facet normal 2.678693e-01 9.096125e-01 -3.175708e-01
    outer loop
      vertex   1.516123e-02 4.750828e-02 1.571865e-01
      vertex   2.039031e-02 4.526789e-02 1.551801e-01
      vertex   1.745992e-02 4.519510e-02 1.524998e-01
    endloop
  endfacet
  facet normal 7.404618e-01 -1.543402e-01 -6.541371e-01
    outer loop
      vertex   4.528384e-02 -1.057004e-02 1.508887e-01
      vertex   4.723626e-02 -1.370383e-02 1.538382e-01
      vertex   4.436047e-02 -1.537640e-02 1.509776e-01
    endloop
  endfacet
  facet normal -7.621975e-02 -6.726083e-01 7.360629e-01
    outer loop
      vertex   1.214720e-03 -4.754323e-02 1.625711e-01
      vertex   -3.635048e-17 -4.453618e-02 1.651932e-01
      vertex   -2.697200e-03 -4.636954e-02 1.632386e-01
    endloop
  endfacet
  facet normal 5.008749e-02 8.286624e-01 5.575033e-01
    outer loop
      vertex   -1.050389e-03 4.463128e-02 1.418297e-01
      vertex   3.849888e-03 4.193641e-02 1.453951e-01
      vertex   5.356390e-03 4.508708e-02 1.405766e-01
    endloop
  endfacet
  facet normal -1.886407e-01 -7.751943e-01 -6.029001e-01
    outer loop
      vertex   -1.811870e-02 -4.481291e-02 1.524440e-01
      vertex   -1.478954e-02 -4.481985e-02 1.514113e-01
      vertex   -1.417066e-02 -4.729450e-02 1.543995e-01
    endloop
  endfacet
  facet normal 7.664179e-01 3.519845e-01 5.373179e-01
    outer loop
      vertex   3.977465e-02 2.473173e-02 1.623800e-01
      vertex   4.164981e-02 2.648574e-02 1.585563e-01
      vertex   3.835491e-02 2.845529e-02 1.619659e-01
    endloop
  endfacet
  facet normal 2.817794e-01 -7.185069e-01 -6.358837e-01
    outer loop
      vertex   1.868893e-02 -4.500535e-02 1.536327e-01
      vertex   1.892375e-02 -4.252416e-02 1.509331e-01
      vertex   2.230175e-02 -4.368905e-02 1.537463e-01
    endloop
  endfacet
  facet normal 6.850696e-03 7.471161e-01 6.646583e-01
    outer loop
      vertex   3.650118e-03 4.697490e-02 1.624143e-01
      vertex   -1.233590e-03 4.707627e-02 1.623507e-01
      vertex   8.881784e-18 4.453618e-02 1.651932e-01
    endloop
  endfacet
  facet normal 3.691119e-01 -1.262683e-01 9.207675e-01
    outer loop
      vertex   2.277699e-02 -3.880473e-03 2.187824e-01
      vertex   1.912130e-02 -9.901662e-03 2.194222e-01
      vertex   2.503677e-02 -9.803516e-03 2.170643e-01
    endloop
  endfacet
  facet normal -7.892089e-01 -1.920977e-01 5.833076e-01
    outer loop
      vertex   -4.027671e-02 -1.374007e-02 2.041997e-01
      vertex   -4.037294e-02 -8.358887e-03 2.058416e-01
      vertex   -4.360294e-02 -1.007296e-02 2.009070e-01
    endloop
  endfacet
  facet normal -4.752990e-01 -5.705468e-01 6.697515e-01
    outer loop
      vertex   -2.473703e-02 -3.408855e-02 2.047874e-01
      vertex   -2.324223e-02 -3.030891e-02 2.090680e-01
      vertex   -2.894641e-02 -2.869051e-02 2.063987e-01
    endloop
  endfacet
  facet normal -3.020178e-01 -7.754845e-01 5.544447e-01
    outer loop
      vertex   -1.648579e-02 -4.285487e-02 1.989851e-01
      vertex   -1.332891e-02 -3.966406e-02 2.051676e-01
      vertex   -2.005373e-02 -3.889129e-02 2.025853e-01
    endloop
  endfacet
  facet normal -2.596237e-01 -7.977222e-01 5.442746e-01
    outer loop
      vertex   -1.332891e-02 -3.966406e-02 2.051676e-01
      vertex   -1.648579e-02 -4.285487e-02 1.989851e-01
      vertex   -1.064019e-02 -4.379752e-02 2.003919e-01
    endloop
  endfacet
  facet normal -1.615094e-01 -8.116722e-01 5.613403e-01
    outer loop
      vertex   -6.468439e-03 -4.131231e-02 2.051857e-01
      vertex   -1.064019e-02 -4.379752e-02 2.003919e-01
      vertex   -5.104818e-03 -4.434376e-02 2.011947e-01
    endloop
  endfacet
  facet normal 5.562760e-01 8.199433e-01 -1.350925e-01
    outer loop
      vertex   2.782181e-02 4.128622e-02 1.829966e-01
      vertex   3.019809e-02 3.856119e-02 1.762419e-01
      vertex   2.364608e-02 4.328455e-02 1.779309e-01
    endloop
  endfacet
  facet normal -5.927695e-01 4.421228e-01 6.731655e-01
    outer loop
      vertex   -2.979968e-02 2.282535e-02 2.097197e-01
      vertex   -3.274274e-02 2.650419e-02 2.047120e-01
      vertex   -3.374780e-02 1.948430e-02 2.084375e-01
    endloop
  endfacet
  facet normal -5.964107e-01 -6.724978e-01 4.382249e-01
    outer loop
      vertex   -3.263488e-02 -3.520963e-02 1.942437e-01
      vertex   -2.676545e-02 -3.740314e-02 1.988657e-01
      vertex   -3.149279e-02 -3.188619e-02 2.008982e-01
    endloop
  endfacet
  facet normal -5.542131e-01 -7.579213e-01 3.440976e-01
    outer loop
      vertex   -2.676545e-02 -3.740314e-02 1.988657e-01
      vertex   -3.263488e-02 -3.520963e-02 1.942437e-01
      vertex   -2.719998e-02 -4.072780e-02 1.908428e-01
    endloop
  endfacet
  facet normal 4.161700e-01 -3.046220e-01 8.567427e-01
    outer loop
      vertex   2.703178e-02 -1.492978e-02 2.147932e-01
      vertex   2.190271e-02 -1.557912e-02 2.170539e-01
      vertex   2.532706e-02 -2.061893e-02 2.135985e-01
    endloop
  endfacet
  facet normal -4.754491e-01 -8.238379e-01 3.086086e-01
    outer loop
      vertex   -1.982950e-02 -4.422298e-02 1.928675e-01
      vertex   -2.210216e-02 -4.136810e-02 1.969873e-01
      vertex   -2.719998e-02 -4.072780e-02 1.908428e-01
    endloop
  endfacet
  facet normal -3.994046e-01 -9.142444e-01 6.806741e-02
    outer loop
      vertex   -2.269331e-02 -4.409618e-02 1.877081e-01
      vertex   -1.985531e-02 -4.569817e-02 1.828439e-01
      vertex   -1.695949e-02 -4.656512e-02 1.881915e-01
    endloop
  endfacet
  facet normal -3.141808e-01 -9.492241e-01 1.624632e-02
    outer loop
      vertex   -1.695949e-02 -4.656512e-02 1.881915e-01
      vertex   -1.985531e-02 -4.569817e-02 1.828439e-01
      vertex   -1.363218e-02 -4.777811e-02 1.816654e-01
    endloop
  endfacet
  facet normal -2.696369e-01 -9.620741e-01 4.134523e-02
    outer loop
      vertex   -1.695949e-02 -4.656512e-02 1.881915e-01
      vertex   -1.363218e-02 -4.777811e-02 1.816654e-01
      vertex   -1.053337e-02 -4.835735e-02 1.883960e-01
    endloop
  endfacet
  facet normal -8.327511e-01 3.411775e-01 4.360316e-01
    outer loop
      vertex   -3.950604e-02 2.280883e-02 1.997512e-01
      vertex   -4.378254e-02 1.789824e-02 1.954261e-01
      vertex   -4.165961e-02 1.649397e-02 2.005793e-01
    endloop
  endfacet
  facet normal 1.891269e-01 6.417846e-01 7.431982e-01
    outer loop
      vertex   1.152681e-02 4.301864e-02 1.651932e-01
      vertex   1.524471e-02 4.470948e-02 1.627869e-01
      vertex   1.126359e-02 4.688087e-02 1.619250e-01
    endloop
  endfacet
  facet normal -8.408846e-02 -4.645864e-01 8.815263e-01
    outer loop
      vertex   -5.842737e-03 -2.325246e-02 2.183882e-01
      vertex   -6.807320e-03 -3.059157e-02 2.144283e-01
      vertex   -2.277316e-17 -2.979278e-02 2.154987e-01
    endloop
  endfacet
  facet normal -8.832425e-01 7.985694e-02 4.620667e-01
    outer loop
      vertex   -4.572571e-02 -1.486117e-05 1.992319e-01
      vertex   -4.384735e-02 4.259474e-03 2.020837e-01
      vertex   -4.707657e-02 4.976246e-03 1.957871e-01
    endloop
  endfacet
  facet normal 3.733673e-01 8.733161e-01 3.129150e-01
    outer loop
      vertex   1.701937e-02 4.604171e-02 1.903134e-01
      vertex   1.856422e-02 4.290885e-02 1.972136e-01
      vertex   2.308661e-02 4.279024e-02 1.921486e-01
    endloop
  endfacet
  facet normal -8.462998e-01 -8.275572e-02 5.262397e-01
    outer loop
      vertex   -4.231293e-02 -2.880008e-03 2.042698e-01
      vertex   -4.572571e-02 -1.486117e-05 1.992319e-01
      vertex   -4.639428e-02 -5.879700e-03 1.972344e-01
    endloop
  endfacet
  facet normal -7.851640e-01 -2.985741e-01 5.425596e-01
    outer loop
      vertex   -3.978075e-02 -1.907875e-02 2.019795e-01
      vertex   -4.027671e-02 -1.374007e-02 2.041997e-01
      vertex   -4.318582e-02 -1.609160e-02 1.986957e-01
    endloop
  endfacet
  facet normal -8.697965e-01 -2.221502e-01 4.405716e-01
    outer loop
      vertex   -4.360294e-02 -1.007296e-02 2.009070e-01
      vertex   -4.623039e-02 -1.220701e-02 1.946437e-01
      vertex   -4.318582e-02 -1.609160e-02 1.986957e-01
    endloop
  endfacet
  facet normal -8.426796e-01 -3.767805e-01 3.846136e-01
    outer loop
      vertex   -4.494361e-02 -1.834632e-02 1.926356e-01
      vertex   -4.120747e-02 -2.208833e-02 1.971556e-01
      vertex   -4.318582e-02 -1.609160e-02 1.986957e-01
    endloop
  endfacet
  facet normal -7.942015e-01 -5.340732e-01 2.898444e-01
    outer loop
      vertex   -4.235923e-02 -2.431793e-02 1.912497e-01
      vertex   -3.977918e-02 -2.933177e-02 1.890806e-01
      vertex   -3.765155e-02 -2.903808e-02 1.954517e-01
    endloop
  endfacet
  facet normal -7.426912e-01 -6.100443e-01 2.761445e-01
    outer loop
      vertex   -3.765155e-02 -2.903808e-02 1.954517e-01
      vertex   -3.977918e-02 -2.933177e-02 1.890806e-01
      vertex   -3.626779e-02 -3.358181e-02 1.891356e-01
    endloop
  endfacet
  facet normal -7.099023e-01 -6.361984e-01 3.021428e-01
    outer loop
      vertex   -3.765155e-02 -2.903808e-02 1.954517e-01
      vertex   -3.626779e-02 -3.358181e-02 1.891356e-01
      vertex   -3.263488e-02 -3.520963e-02 1.942437e-01
    endloop
  endfacet
  facet normal -6.592870e-01 -7.118721e-01 2.420303e-01
    outer loop
      vertex   -3.263488e-02 -3.520963e-02 1.942437e-01
      vertex   -3.626779e-02 -3.358181e-02 1.891356e-01
      vertex   -3.190959e-02 -3.788277e-02 1.883570e-01
    endloop
  endfacet
  facet normal -5.980739e-01 -7.549073e-01 2.691144e-01
    outer loop
      vertex   -3.263488e-02 -3.520963e-02 1.942437e-01
      vertex   -3.190959e-02 -3.788277e-02 1.883570e-01
      vertex   -2.719998e-02 -4.072780e-02 1.908428e-01
    endloop
  endfacet
  facet normal -7.526075e-01 5.713447e-01 -3.273334e-01
    outer loop
      vertex   -4.139699e-02 2.389747e-02 1.716922e-01
      vertex   -3.800508e-02 3.091275e-02 1.761384e-01
      vertex   -3.677649e-02 2.883419e-02 1.696856e-01
    endloop
  endfacet
  facet normal 3.554893e-01 1.882377e-02 -9.344908e-01
    outer loop
      vertex   4.610295e-02 -6.179546e-03 1.512007e-01
      vertex   4.152622e-02 -8.881636e-03 1.494052e-01
      vertex   4.242219e-02 -4.041760e-03 1.498435e-01
    endloop
  endfacet
  facet normal -5.540996e-01 -8.258525e-01 1.046008e-01
    outer loop
      vertex   -3.190959e-02 -3.788277e-02 1.883570e-01
      vertex   -2.756896e-02 -4.151712e-02 1.826563e-01
      vertex   -2.719998e-02 -4.072780e-02 1.908428e-01
    endloop
  endfacet
  facet normal -4.753112e-01 -8.788030e-01 -4.224292e-02
    outer loop
      vertex   -2.252539e-02 -4.403327e-02 1.782514e-01
      vertex   -1.985531e-02 -4.569817e-02 1.828439e-01
      vertex   -2.756896e-02 -4.151712e-02 1.826563e-01
    endloop
  endfacet
  facet normal -4.767135e-01 -8.789854e-01 1.134924e-02
    outer loop
      vertex   -2.269331e-02 -4.409618e-02 1.877081e-01
      vertex   -2.756896e-02 -4.151712e-02 1.826563e-01
      vertex   -1.985531e-02 -4.569817e-02 1.828439e-01
    endloop
  endfacet
  facet normal -2.179611e-01 -9.758202e-01 1.637054e-02
    outer loop
      vertex   -1.053337e-02 -4.835735e-02 1.883960e-01
      vertex   -1.363218e-02 -4.777811e-02 1.816654e-01
      vertex   -6.106597e-03 -4.943849e-02 1.828903e-01
    endloop
  endfacet
  facet normal 6.634672e-01 -5.485068e-01 5.088729e-01
    outer loop
      vertex   3.687936e-02 -2.865337e-02 1.974184e-01
      vertex   3.307003e-02 -2.814394e-02 2.029341e-01
      vertex   3.253425e-02 -3.253121e-02 1.989037e-01
    endloop
  endfacet
  facet normal 2.090194e-01 -4.121035e-02 -9.770428e-01
    outer loop
      vertex   4.242219e-02 -4.041760e-03 1.498435e-01
      vertex   3.900747e-02 -1.362171e-03 1.490000e-01
      vertex   4.247316e-02 1.028716e-03 1.496406e-01
    endloop
  endfacet
  facet normal 4.059020e-01 -6.374391e-01 6.549160e-01
    outer loop
      vertex   2.582633e-02 -3.156706e-02 2.063675e-01
      vertex   1.841103e-02 -3.373597e-02 2.088523e-01
      vertex   2.311506e-02 -3.717049e-02 2.025939e-01
    endloop
  endfacet
  facet normal 3.666058e-01 -3.436695e-01 8.645759e-01
    outer loop
      vertex   1.817628e-02 -2.187382e-02 2.161318e-01
      vertex   2.532706e-02 -2.061893e-02 2.135985e-01
      vertex   2.190271e-02 -1.557912e-02 2.170539e-01
    endloop
  endfacet
  facet normal -7.588628e-01 -8.339643e-02 6.458887e-01
    outer loop
      vertex   -4.231293e-02 -2.880008e-03 2.042698e-01
      vertex   -4.037294e-02 -8.358887e-03 2.058416e-01
      vertex   -3.852761e-02 -4.055650e-03 2.085654e-01
    endloop
  endfacet
  facet normal -9.175657e-01 2.549775e-02 3.967657e-01
    outer loop
      vertex   -4.572571e-02 -1.486117e-05 1.992319e-01
      vertex   -4.707657e-02 4.976246e-03 1.957871e-01
      vertex   -4.842226e-02 -1.163237e-03 1.930696e-01
    endloop
  endfacet
  facet normal -9.547660e-01 8.286581e-02 2.855786e-01
    outer loop
      vertex   -4.911558e-02 4.461902e-03 1.891194e-01
      vertex   -4.842226e-02 -1.163237e-03 1.930696e-01
      vertex   -4.707657e-02 4.976246e-03 1.957871e-01
    endloop
  endfacet
  facet normal -9.132379e-01 -3.416998e-02 4.059913e-01
    outer loop
      vertex   -4.572571e-02 -1.486117e-05 1.992319e-01
      vertex   -4.842226e-02 -1.163237e-03 1.930696e-01
      vertex   -4.639428e-02 -5.879700e-03 1.972344e-01
    endloop
  endfacet
  facet normal -9.359732e-01 -1.538956e-01 3.166547e-01
    outer loop
      vertex   -4.860429e-02 -7.344869e-03 1.899899e-01
      vertex   -4.623039e-02 -1.220701e-02 1.946437e-01
      vertex   -4.639428e-02 -5.879700e-03 1.972344e-01
    endloop
  endfacet
  facet normal -7.929679e-01 -3.832422e-01 4.736320e-01
    outer loop
      vertex   -3.978075e-02 -1.907875e-02 2.019795e-01
      vertex   -4.318582e-02 -1.609160e-02 1.986957e-01
      vertex   -4.120747e-02 -2.208833e-02 1.971556e-01
    endloop
  endfacet
  facet normal -8.531029e-01 -5.014024e-01 1.442602e-01
    outer loop
      vertex   -4.235923e-02 -2.431793e-02 1.912497e-01
      vertex   -4.193959e-02 -2.691122e-02 1.847178e-01
      vertex   -3.977918e-02 -2.933177e-02 1.890806e-01
    endloop
  endfacet
  facet normal 3.388506e-01 6.846560e-01 6.453112e-01
    outer loop
      vertex   2.006318e-02 3.413241e-02 2.076625e-01
      vertex   2.013358e-02 3.877768e-02 2.026971e-01
      vertex   1.408864e-02 3.850780e-02 2.061576e-01
    endloop
  endfacet
  facet normal -8.093848e-01 -5.820971e-01 7.784129e-02
    outer loop
      vertex   -3.977918e-02 -2.933177e-02 1.890806e-01
      vertex   -4.193959e-02 -2.691122e-02 1.847178e-01
      vertex   -3.848363e-02 -3.174445e-02 1.845097e-01
    endloop
  endfacet
  facet normal -7.664316e-01 -6.317259e-01 1.162112e-01
    outer loop
      vertex   -3.977918e-02 -2.933177e-02 1.890806e-01
      vertex   -3.848363e-02 -3.174445e-02 1.845097e-01
      vertex   -3.626779e-02 -3.358181e-02 1.891356e-01
    endloop
  endfacet
  facet normal -6.898008e-01 -7.170699e-01 9.992777e-02
    outer loop
      vertex   -3.190959e-02 -3.788277e-02 1.883570e-01
      vertex   -3.626779e-02 -3.358181e-02 1.891356e-01
      vertex   -3.448575e-02 -3.611936e-02 1.832278e-01
    endloop
  endfacet
  facet normal -7.250064e-01 -6.846065e-01 7.536436e-02
    outer loop
      vertex   -3.848363e-02 -3.174445e-02 1.845097e-01
      vertex   -3.448575e-02 -3.611936e-02 1.832278e-01
      vertex   -3.626779e-02 -3.358181e-02 1.891356e-01
    endloop
  endfacet
  facet normal -6.129353e-01 -7.892899e-01 3.649336e-02
    outer loop
      vertex   -3.190959e-02 -3.788277e-02 1.883570e-01
      vertex   -3.448575e-02 -3.611936e-02 1.832278e-01
      vertex   -2.756896e-02 -4.151712e-02 1.826563e-01
    endloop
  endfacet
  facet normal -2.960576e-01 8.918253e-01 -3.420491e-01
    outer loop
      vertex   -1.949905e-02 4.321330e-02 1.115854e-01
      vertex   -1.402193e-02 4.671065e-02 1.159633e-01
      vertex   -1.094176e-02 4.559142e-02 1.103791e-01
    endloop
  endfacet
  facet normal 2.224264e-01 -2.337796e-02 -9.746692e-01
    outer loop
      vertex   3.843827e-02 -6.777705e-03 1.490000e-01
      vertex   3.900747e-02 -1.362171e-03 1.490000e-01
      vertex   4.242219e-02 -4.041760e-03 1.498435e-01
    endloop
  endfacet
  facet normal -3.449162e-01 -9.287070e-01 -1.361473e-01
    outer loop
      vertex   -2.252539e-02 -4.403327e-02 1.782514e-01
      vertex   -1.543796e-02 -4.630570e-02 1.757972e-01
      vertex   -1.985531e-02 -4.569817e-02 1.828439e-01
    endloop
  endfacet
  facet normal -8.240128e-01 1.438605e-02 5.663885e-01
    outer loop
      vertex   -4.231293e-02 -2.880008e-03 2.042698e-01
      vertex   -4.156387e-02 -1.372825e-04 2.052899e-01
      vertex   -4.572571e-02 -1.486117e-05 1.992319e-01
    endloop
  endfacet
  facet normal 9.296513e-01 -1.383048e-01 -3.414970e-01
    outer loop
      vertex   4.589644e-02 -9.347854e-03 1.697862e-01
      vertex   4.663316e-02 -3.928956e-03 1.695971e-01
      vertex   4.790445e-02 -8.818589e-03 1.750382e-01
    endloop
  endfacet
  facet normal -8.735830e-01 4.863416e-01 -1.801788e-02
    outer loop
      vertex   -4.308311e-02 2.487405e-02 1.861942e-01
      vertex   -4.296392e-02 2.480524e-02 1.785580e-01
      vertex   -4.553268e-02 2.033617e-02 1.824727e-01
    endloop
  endfacet
  facet normal 6.121675e-01 4.373034e-01 6.587994e-01
    outer loop
      vertex   3.374780e-02 1.948430e-02 2.084375e-01
      vertex   3.692745e-02 2.132007e-02 2.042643e-01
      vertex   3.103945e-02 2.585985e-02 2.067221e-01
    endloop
  endfacet
  facet normal -7.471050e-02 8.050713e-01 -5.884544e-01
    outer loop
      vertex   -5.419083e-03 4.667385e-02 1.509988e-01
      vertex   -4.326493e-03 4.919063e-02 1.543033e-01
      vertex   -5.382430e-04 4.751502e-02 1.515300e-01
    endloop
  endfacet
  facet normal 8.034658e-01 -4.954442e-01 3.301177e-01
    outer loop
      vertex   4.466928e-02 -2.159865e-02 1.592996e-01
      vertex   4.221260e-02 -2.405625e-02 1.615904e-01
      vertex   4.219253e-02 -2.644991e-02 1.580469e-01
    endloop
  endfacet
  facet normal -5.646341e-02 -1.551318e-01 -9.862789e-01
    outer loop
      vertex   -1.469352e-02 -4.136128e-02 1.498296e-01
      vertex   -1.587544e-02 -3.565682e-02 1.490000e-01
      vertex   -1.075847e-02 -3.751924e-02 1.490000e-01
    endloop
  endfacet
  facet normal -4.049735e-01 5.354888e-02 -9.127590e-01
    outer loop
      vertex   -4.268091e-02 2.462183e-03 1.492623e-01
      vertex   -4.324687e-02 -3.134567e-03 1.491851e-01
      vertex   -4.708443e-02 -3.515504e-04 1.510510e-01
    endloop
  endfacet
  facet normal -9.214697e-01 2.341265e-01 -3.099653e-01
    outer loop
      vertex   -4.497661e-02 1.469797e-02 1.708432e-01
      vertex   -4.610761e-02 8.710130e-03 1.696827e-01
      vertex   -4.807686e-02 9.668315e-03 1.762606e-01
    endloop
  endfacet
  facet normal 8.272799e-02 -8.350897e-01 5.438578e-01
    outer loop
      vertex   6.281456e-03 -4.508966e-02 1.403618e-01
      vertex   5.109656e-03 -4.266656e-02 1.442607e-01
      vertex   -1.289843e-16 -4.480107e-02 1.417604e-01
    endloop
  endfacet
  facet normal -9.700789e-01 7.417646e-02 -2.311815e-01
    outer loop
      vertex   -4.759010e-02 1.900935e-03 1.717259e-01
      vertex   -4.958508e-02 3.857795e-03 1.807251e-01
      vertex   -4.807686e-02 9.668315e-03 1.762606e-01
    endloop
  endfacet
  facet normal -9.705692e-01 7.008107e-02 -2.303996e-01
    outer loop
      vertex   -4.958508e-02 3.857795e-03 1.807251e-01
      vertex   -4.759010e-02 1.900935e-03 1.717259e-01
      vertex   -4.919219e-02 -2.083795e-03 1.772627e-01
    endloop
  endfacet
  facet normal -9.974072e-01 -2.710866e-02 -6.666304e-02
    outer loop
      vertex   -4.958508e-02 3.857795e-03 1.807251e-01
      vertex   -4.919219e-02 -2.083795e-03 1.772627e-01
      vertex   -4.974761e-02 -1.771269e-03 1.854458e-01
    endloop
  endfacet
  facet normal -9.967505e-01 -4.634502e-02 -6.588380e-02
    outer loop
      vertex   -4.974761e-02 -1.771269e-03 1.854458e-01
      vertex   -4.919219e-02 -2.083795e-03 1.772627e-01
      vertex   -4.918263e-02 -7.730648e-03 1.810903e-01
    endloop
  endfacet
  facet normal -9.869176e-01 -1.450322e-01 7.042184e-02
    outer loop
      vertex   -4.974761e-02 -1.771269e-03 1.854458e-01
      vertex   -4.918263e-02 -7.730648e-03 1.810903e-01
      vertex   -4.860429e-02 -7.344869e-03 1.899899e-01
    endloop
  endfacet
  facet normal -9.818415e-01 -1.757438e-01 7.142325e-02
    outer loop
      vertex   -4.860429e-02 -7.344869e-03 1.899899e-01
      vertex   -4.918263e-02 -7.730648e-03 1.810903e-01
      vertex   -4.768492e-02 -1.409605e-02 1.860164e-01
    endloop
  endfacet
  facet normal -9.428490e-01 -2.547909e-01 2.147494e-01
    outer loop
      vertex   -4.860429e-02 -7.344869e-03 1.899899e-01
      vertex   -4.768492e-02 -1.409605e-02 1.860164e-01
      vertex   -4.623039e-02 -1.220701e-02 1.946437e-01
    endloop
  endfacet
  facet normal -9.387718e-01 -2.677056e-01 2.168898e-01
    outer loop
      vertex   -4.623039e-02 -1.220701e-02 1.946437e-01
      vertex   -4.768492e-02 -1.409605e-02 1.860164e-01
      vertex   -4.494361e-02 -1.834632e-02 1.926356e-01
    endloop
  endfacet
  facet normal 3.657915e-02 8.738441e-01 4.848284e-01
    outer loop
      vertex   -2.937216e-03 4.934965e-02 1.581194e-01
      vertex   -7.427819e-03 4.851521e-02 1.599622e-01
      vertex   -4.928890e-03 4.729708e-02 1.619692e-01
    endloop
  endfacet
  facet normal -7.516023e-02 -7.172477e-01 6.927530e-01
    outer loop
      vertex   -5.813138e-03 -4.415516e-02 1.651932e-01
      vertex   -6.180659e-03 -4.694454e-02 1.622653e-01
      vertex   -2.697200e-03 -4.636954e-02 1.632386e-01
    endloop
  endfacet
  facet normal -9.230231e-01 -3.514288e-01 1.566081e-01
    outer loop
      vertex   -4.768492e-02 -1.409605e-02 1.860164e-01
      vertex   -4.513284e-02 -2.090869e-02 1.857704e-01
      vertex   -4.494361e-02 -1.834632e-02 1.926356e-01
    endloop
  endfacet
  facet normal -8.859438e-01 -4.259850e-01 1.834133e-01
    outer loop
      vertex   -4.494361e-02 -1.834632e-02 1.926356e-01
      vertex   -4.513284e-02 -2.090869e-02 1.857704e-01
      vertex   -4.235923e-02 -2.431793e-02 1.912497e-01
    endloop
  endfacet
  facet normal 3.057092e-03 8.506424e-01 5.257358e-01
    outer loop
      vertex   6.773125e-03 4.869191e-02 1.596180e-01
      vertex   2.119117e-03 4.932179e-02 1.586259e-01
      vertex   3.650118e-03 4.697490e-02 1.624143e-01
    endloop
  endfacet
  facet normal 1.040240e-01 -1.076016e-01 -9.887370e-01
    outer loop
      vertex   3.309321e-02 -2.692733e-02 1.496325e-01
      vertex   3.235837e-02 -2.182600e-02 1.490000e-01
      vertex   3.603799e-02 -2.376113e-02 1.495977e-01
    endloop
  endfacet
  facet normal 4.475150e-02 1.480014e-01 -9.879741e-01
    outer loop
      vertex   6.390934e-03 4.320532e-02 1.496749e-01
      vertex   1.129444e-02 4.208901e-02 1.497298e-01
      vertex   8.115053e-03 3.817832e-02 1.490000e-01
    endloop
  endfacet
  facet normal 9.336563e-02 1.678111e-01 -9.813879e-01
    outer loop
      vertex   1.334947e-02 3.667737e-02 1.490000e-01
      vertex   1.129444e-02 4.208901e-02 1.497298e-01
      vertex   1.515179e-02 4.248109e-02 1.501639e-01
    endloop
  endfacet
  facet normal 2.448126e-01 -8.240549e-01 5.108819e-01
    outer loop
      vertex   1.615076e-02 -4.174297e-02 1.415514e-01
      vertex   1.148378e-02 -4.147899e-02 1.442136e-01
      vertex   1.315820e-02 -4.466331e-02 1.382749e-01
    endloop
  endfacet
  facet normal -9.629799e-01 -1.485389e-01 -2.249578e-01
    outer loop
      vertex   -4.728633e-02 -1.353163e-02 1.768032e-01
      vertex   -4.918263e-02 -7.730648e-03 1.810903e-01
      vertex   -4.703307e-02 -7.107227e-03 1.714771e-01
    endloop
  endfacet
  facet normal -9.607960e-01 -2.710848e-01 -5.817366e-02
    outer loop
      vertex   -4.918263e-02 -7.730648e-03 1.810903e-01
      vertex   -4.728633e-02 -1.353163e-02 1.768032e-01
      vertex   -4.768492e-02 -1.409605e-02 1.860164e-01
    endloop
  endfacet
  facet normal -9.361866e-01 -3.512168e-01 1.419125e-02
    outer loop
      vertex   -4.513284e-02 -2.090869e-02 1.857704e-01
      vertex   -4.768492e-02 -1.409605e-02 1.860164e-01
      vertex   -4.616405e-02 -1.839749e-02 1.798910e-01
    endloop
  endfacet
  facet normal -8.644505e-01 -4.838176e-01 1.365496e-01
    outer loop
      vertex   -4.235923e-02 -2.431793e-02 1.912497e-01
      vertex   -4.513284e-02 -2.090869e-02 1.857704e-01
      vertex   -4.193959e-02 -2.691122e-02 1.847178e-01
    endloop
  endfacet
  facet normal -3.797796e-02 2.873834e-01 -9.570624e-01
    outer loop
      vertex   -7.225201e-03 4.190332e-02 1.496380e-01
      vertex   -5.419083e-03 4.667385e-02 1.509988e-01
      vertex   -2.048784e-03 4.290169e-02 1.497324e-01
    endloop
  endfacet
  facet normal -8.438711e-01 -3.539665e-02 -5.353770e-01
    outer loop
      vertex   -4.708443e-02 -3.515504e-04 1.510510e-01
      vertex   -4.949969e-02 -1.646645e-03 1.549436e-01
      vertex   -4.930407e-02 3.451807e-03 1.542982e-01
    endloop
  endfacet
  facet normal -9.641818e-01 -2.589182e-01 -5.757480e-02
    outer loop
      vertex   -4.728633e-02 -1.353163e-02 1.768032e-01
      vertex   -4.616405e-02 -1.839749e-02 1.798910e-01
      vertex   -4.768492e-02 -1.409605e-02 1.860164e-01
    endloop
  endfacet
  facet normal -9.491826e-01 -5.011053e-02 -3.107109e-01
    outer loop
      vertex   -4.703307e-02 -7.107227e-03 1.714771e-01
      vertex   -4.919219e-02 -2.083795e-03 1.772627e-01
      vertex   -4.759010e-02 1.900935e-03 1.717259e-01
    endloop
  endfacet
  facet normal -9.063454e-01 -3.547295e-01 -2.295758e-01
    outer loop
      vertex   -4.616405e-02 -1.839749e-02 1.798910e-01
      vertex   -4.728633e-02 -1.353163e-02 1.768032e-01
      vertex   -4.386020e-02 -1.969295e-02 1.727973e-01
    endloop
  endfacet
  facet normal -9.020298e-01 -2.994269e-01 -3.109433e-01
    outer loop
      vertex   -4.482190e-02 -1.394419e-02 1.700513e-01
      vertex   -4.386020e-02 -1.969295e-02 1.727973e-01
      vertex   -4.728633e-02 -1.353163e-02 1.768032e-01
    endloop
  endfacet
  facet normal -8.905397e-01 -4.002875e-01 -2.161228e-01
    outer loop
      vertex   -4.616405e-02 -1.839749e-02 1.798910e-01
      vertex   -4.386020e-02 -1.969295e-02 1.727973e-01
      vertex   -4.338700e-02 -2.398488e-02 1.787967e-01
    endloop
  endfacet
  facet normal -8.974455e-01 -4.400659e-01 -3.055330e-02
    outer loop
      vertex   -4.616405e-02 -1.839749e-02 1.798910e-01
      vertex   -4.338700e-02 -2.398488e-02 1.787967e-01
      vertex   -4.513284e-02 -2.090869e-02 1.857704e-01
    endloop
  endfacet
  facet normal -8.838377e-01 -4.675525e-01 -1.502195e-02
    outer loop
      vertex   -4.513284e-02 -2.090869e-02 1.857704e-01
      vertex   -4.338700e-02 -2.398488e-02 1.787967e-01
      vertex   -4.193959e-02 -2.691122e-02 1.847178e-01
    endloop
  endfacet
  facet normal -8.210862e-01 -5.653533e-01 -7.869647e-02
    outer loop
      vertex   -4.193959e-02 -2.691122e-02 1.847178e-01
      vertex   -4.338700e-02 -2.398488e-02 1.787967e-01
      vertex   -3.844306e-02 -3.107548e-02 1.781524e-01
    endloop
  endfacet
  facet normal -2.512859e-01 5.996735e-01 7.597678e-01
    outer loop
      vertex   -1.847830e-02 3.226050e-02 2.100772e-01
      vertex   -1.228816e-02 3.093483e-02 2.131709e-01
      vertex   -1.189996e-02 3.622968e-02 2.091201e-01
    endloop
  endfacet
  facet normal -8.130085e-01 -5.784920e-01 -6.606107e-02
    outer loop
      vertex   -4.193959e-02 -2.691122e-02 1.847178e-01
      vertex   -3.844306e-02 -3.107548e-02 1.781524e-01
      vertex   -3.848363e-02 -3.174445e-02 1.845097e-01
    endloop
  endfacet
  facet normal 5.029814e-01 8.406293e-01 2.008783e-01
    outer loop
      vertex   2.853585e-02 4.002523e-02 1.900751e-01
      vertex   2.570225e-02 4.228784e-02 1.877017e-01
      vertex   2.308661e-02 4.279024e-02 1.921486e-01
    endloop
  endfacet
  facet normal 4.419698e-01 -7.183311e-01 -5.372738e-01
    outer loop
      vertex   1.242383e-02 -4.712377e-02 1.531108e-01
      vertex   1.549745e-02 -4.416169e-02 1.516789e-01
      vertex   1.607445e-02 -4.686193e-02 1.557638e-01
    endloop
  endfacet
  facet normal -8.075133e-01 -5.418656e-01 -2.330319e-01
    outer loop
      vertex   -4.338700e-02 -2.398488e-02 1.787967e-01
      vertex   -3.960250e-02 -2.654721e-02 1.716406e-01
      vertex   -3.844306e-02 -3.107548e-02 1.781524e-01
    endloop
  endfacet
  facet normal 6.228650e-01 3.170345e-01 7.152121e-01
    outer loop
      vertex   3.835491e-02 2.845529e-02 1.619659e-01
      vertex   3.533293e-02 2.711191e-02 1.651932e-01
      vertex   3.977465e-02 2.473173e-02 1.623800e-01
    endloop
  endfacet
  facet normal -6.312726e-01 -5.358008e-01 5.607249e-01
    outer loop
      vertex   -4.050546e-02 -2.746167e-02 1.592222e-01
      vertex   -3.899837e-02 -2.557595e-02 1.627208e-01
      vertex   -4.206367e-02 -2.429429e-02 1.604945e-01
    endloop
  endfacet
  facet normal -6.995616e-01 -6.668641e-01 -2.567213e-01
    outer loop
      vertex   -3.187246e-02 -3.731670e-02 1.764599e-01
      vertex   -3.844306e-02 -3.107548e-02 1.781524e-01
      vertex   -3.450384e-02 -3.242895e-02 1.709338e-01
    endloop
  endfacet
  facet normal -7.008656e-01 -6.979505e-01 -1.471480e-01
    outer loop
      vertex   -3.844306e-02 -3.107548e-02 1.781524e-01
      vertex   -3.187246e-02 -3.731670e-02 1.764599e-01
      vertex   -3.448575e-02 -3.611936e-02 1.832278e-01
    endloop
  endfacet
  facet normal -6.172562e-01 -7.803443e-01 -1.002870e-01
    outer loop
      vertex   -3.448575e-02 -3.611936e-02 1.832278e-01
      vertex   -3.187246e-02 -3.731670e-02 1.764599e-01
      vertex   -2.756896e-02 -4.151712e-02 1.826563e-01
    endloop
  endfacet
  facet normal -4.714857e-01 -7.289389e-02 8.788559e-01
    outer loop
      vertex   -2.380775e-02 -5.502667e-03 2.181926e-01
      vertex   -2.861763e-02 -2.294789e-04 2.160496e-01
      vertex   -2.967692e-02 -7.879550e-03 2.148468e-01
    endloop
  endfacet
  facet normal -5.930879e-01 2.360502e-01 7.697578e-01
    outer loop
      vertex   -3.518005e-02 1.339018e-02 2.094346e-01
      vertex   -3.055298e-02 1.140984e-02 2.136070e-01
      vertex   -3.001885e-02 1.733139e-02 2.122027e-01
    endloop
  endfacet
  facet normal -6.629738e-01 2.700635e-01 6.982346e-01
    outer loop
      vertex   -3.518005e-02 1.339018e-02 2.094346e-01
      vertex   -3.374780e-02 1.948430e-02 2.084375e-01
      vertex   -3.897620e-02 1.513896e-02 2.051538e-01
    endloop
  endfacet
  facet normal 2.660703e-01 -3.336799e-01 9.043585e-01
    outer loop
      vertex   1.159220e-02 -1.852263e-02 2.193054e-01
      vertex   1.817628e-02 -2.187382e-02 2.161318e-01
      vertex   1.647172e-02 -1.535432e-02 2.190388e-01
    endloop
  endfacet
  facet normal -6.218585e-01 -4.155123e-01 6.638084e-01
    outer loop
      vertex   -3.856946e-02 -2.226809e-02 1.651932e-01
      vertex   -3.899837e-02 -2.557595e-02 1.627208e-01
      vertex   -3.533293e-02 -2.711191e-02 1.651932e-01
    endloop
  endfacet
  facet normal -6.600188e-01 -3.319032e-01 6.739551e-01
    outer loop
      vertex   -4.379863e-02 -1.549533e-02 1.633578e-01
      vertex   -4.182279e-02 -2.069047e-02 1.627343e-01
      vertex   -4.114606e-02 -1.704326e-02 1.651932e-01
    endloop
  endfacet
  facet normal -6.680497e-01 -3.879698e-01 6.349716e-01
    outer loop
      vertex   -3.856946e-02 -2.226809e-02 1.651932e-01
      vertex   -4.182279e-02 -2.069047e-02 1.627343e-01
      vertex   -3.899837e-02 -2.557595e-02 1.627208e-01
    endloop
  endfacet
  facet normal -4.290823e-01 1.746862e-01 8.862128e-01
    outer loop
      vertex   -2.116380e-02 1.221893e-02 2.182718e-01
      vertex   -2.580131e-02 1.489639e-02 2.154987e-01
      vertex   -2.540867e-02 6.991042e-03 2.172470e-01
    endloop
  endfacet
  facet normal -6.507106e-02 -6.568733e-01 7.511879e-01
    outer loop
      vertex   -2.492539e-17 -3.896860e-02 2.084375e-01
      vertex   -2.377776e-17 -3.466279e-02 2.122027e-01
      vertex   -7.521644e-03 -3.652148e-02 2.099258e-01
    endloop
  endfacet
  facet normal -9.468837e-02 -5.947498e-01 7.983150e-01
    outer loop
      vertex   -6.807320e-03 -3.059157e-02 2.144283e-01
      vertex   -7.521644e-03 -3.652148e-02 2.099258e-01
      vertex   -2.377776e-17 -3.466279e-02 2.122027e-01
    endloop
  endfacet
  facet normal -1.998423e-01 -6.037908e-01 7.716863e-01
    outer loop
      vertex   -7.521644e-03 -3.652148e-02 2.099258e-01
      vertex   -1.252612e-02 -3.103892e-02 2.129195e-01
      vertex   -1.434580e-02 -3.489229e-02 2.094333e-01
    endloop
  endfacet
  facet normal 4.331965e-01 8.463038e-01 -3.100173e-01
    outer loop
      vertex   2.364608e-02 4.328455e-02 1.779309e-01
      vertex   2.324422e-02 4.057161e-02 1.699634e-01
      vertex   1.848670e-02 4.423879e-02 1.733265e-01
    endloop
  endfacet
  facet normal 4.404688e-01 6.175698e-01 6.516094e-01
    outer loop
      vertex   2.598383e-02 3.474288e-02 2.030818e-01
      vertex   2.006318e-02 3.413241e-02 2.076625e-01
      vertex   2.586589e-02 2.969377e-02 2.079469e-01
    endloop
  endfacet
  facet normal 1.232605e-01 -9.734509e-01 -1.928734e-01
    outer loop
      vertex   5.332888e-03 -4.954929e-02 1.214575e-01
      vertex   5.234867e-03 -4.826655e-02 1.149208e-01
      vertex   1.060322e-02 -4.839060e-02 1.189777e-01
    endloop
  endfacet
  facet normal -2.960787e-01 -4.629215e-01 8.354886e-01
    outer loop
      vertex   -1.897672e-02 -2.217427e-02 2.157793e-01
      vertex   -1.821276e-02 -2.958448e-02 2.119443e-01
      vertex   -1.268797e-02 -2.553673e-02 2.161449e-01
    endloop
  endfacet
  facet normal -3.965969e-01 -3.982494e-01 8.271084e-01
    outer loop
      vertex   -1.897672e-02 -2.217427e-02 2.157793e-01
      vertex   -2.525569e-02 -1.913348e-02 2.142327e-01
      vertex   -2.488282e-02 -2.527844e-02 2.114527e-01
    endloop
  endfacet
  facet normal -3.700645e-01 -3.206774e-01 8.719050e-01
    outer loop
      vertex   -2.525569e-02 -1.913348e-02 2.142327e-01
      vertex   -1.897672e-02 -2.217427e-02 2.157793e-01
      vertex   -1.941214e-02 -1.590228e-02 2.179013e-01
    endloop
  endfacet
  facet normal -4.728906e-01 -2.597843e-01 8.419540e-01
    outer loop
      vertex   -3.080886e-02 -1.501856e-02 2.123834e-01
      vertex   -2.525569e-02 -1.913348e-02 2.142327e-01
      vertex   -2.459031e-02 -1.222638e-02 2.167376e-01
    endloop
  endfacet
  facet normal -3.380318e-01 -8.985811e-02 9.368351e-01
    outer loop
      vertex   -1.857664e-02 -9.127748e-03 2.197324e-01
      vertex   -1.841399e-02 -2.186296e-03 2.204569e-01
      vertex   -2.380775e-02 -5.502667e-03 2.181926e-01
    endloop
  endfacet
  facet normal -3.646364e-01 -4.205782e-02 9.301997e-01
    outer loop
      vertex   -2.380775e-02 -5.502667e-03 2.181926e-01
      vertex   -1.841399e-02 -2.186296e-03 2.204569e-01
      vertex   -2.336408e-02 8.582981e-04 2.186541e-01
    endloop
  endfacet
  facet normal -3.108942e-02 -1.457252e-01 -9.888365e-01
    outer loop
      vertex   3.410260e-03 -4.318721e-02 1.497320e-01
      vertex   5.432100e-03 -3.865140e-02 1.490000e-01
      vertex   7.775958e-03 -4.277646e-02 1.495342e-01
    endloop
  endfacet
  facet normal -1.694977e-01 -3.836178e-01 9.078039e-01
    outer loop
      vertex   -5.842737e-03 -2.325246e-02 2.183882e-01
      vertex   -1.295328e-02 -1.908954e-02 2.188198e-01
      vertex   -1.268797e-02 -2.553673e-02 2.161449e-01
    endloop
  endfacet
  facet normal -5.392975e-02 -3.574073e-01 9.323903e-01
    outer loop
      vertex   -2.192792e-17 -2.443786e-02 2.182718e-01
      vertex   -2.125580e-17 -1.868517e-02 2.204769e-01
      vertex   -5.842737e-03 -2.325246e-02 2.183882e-01
    endloop
  endfacet
  facet normal -7.875421e-02 -3.295226e-01 9.408574e-01
    outer loop
      vertex   -5.842737e-03 -2.325246e-02 2.183882e-01
      vertex   -2.125580e-17 -1.868517e-02 2.204769e-01
      vertex   -6.385671e-03 -1.610868e-02 2.208448e-01
    endloop
  endfacet
  facet normal -1.373849e-01 -3.314232e-01 9.334260e-01
    outer loop
      vertex   -5.842737e-03 -2.325246e-02 2.183882e-01
      vertex   -6.385671e-03 -1.610868e-02 2.208448e-01
      vertex   -1.295328e-02 -1.908954e-02 2.188198e-01
    endloop
  endfacet
  facet normal -1.732250e-01 -2.630995e-01 9.490900e-01
    outer loop
      vertex   -1.306023e-02 -1.269096e-02 2.205740e-01
      vertex   -1.295328e-02 -1.908954e-02 2.188198e-01
      vertex   -6.385671e-03 -1.610868e-02 2.208448e-01
    endloop
  endfacet
  facet normal -1.461037e-01 -2.087143e-01 9.670016e-01
    outer loop
      vertex   -1.306023e-02 -1.269096e-02 2.205740e-01
      vertex   -6.385671e-03 -1.610868e-02 2.208448e-01
      vertex   -6.570526e-03 -9.485755e-03 2.222463e-01
    endloop
  endfacet
  facet normal 6.632044e-01 6.978227e-01 -2.705613e-01
    outer loop
      vertex   3.620954e-02 3.379754e-02 1.786910e-01
      vertex   3.341995e-02 3.329243e-02 1.705504e-01
      vertex   3.019809e-02 3.856119e-02 1.762419e-01
    endloop
  endfacet
  facet normal -1.644137e-01 -4.232981e-02 9.854828e-01
    outer loop
      vertex   -1.256023e-02 -5.980111e-03 2.217670e-01
      vertex   -6.050723e-03 -3.141110e-03 2.229749e-01
      vertex   -1.217818e-02 5.732866e-04 2.221122e-01
    endloop
  endfacet
  facet normal -4.795850e-02 -1.530919e-01 9.870475e-01
    outer loop
      vertex   -2.089851e-17 -1.262835e-02 2.220782e-01
      vertex   -2.047170e-17 -6.365981e-03 2.230495e-01
      vertex   -6.570526e-03 -9.485755e-03 2.222463e-01
    endloop
  endfacet
  facet normal -6.985911e-02 -1.081588e-01 9.916760e-01
    outer loop
      vertex   -6.050723e-03 -3.141110e-03 2.229749e-01
      vertex   -6.570526e-03 -9.485755e-03 2.222463e-01
      vertex   -2.047170e-17 -6.365981e-03 2.230495e-01
    endloop
  endfacet
  facet normal -5.779932e-01 -3.263896e-01 7.479263e-01
    outer loop
      vertex   -3.080886e-02 -1.501856e-02 2.123834e-01
      vertex   -3.605827e-02 -1.757951e-02 2.072091e-01
      vertex   -3.085354e-02 -2.205820e-02 2.092768e-01
    endloop
  endfacet
  facet normal -7.474020e-02 -2.084516e-01 9.751727e-01
    outer loop
      vertex   -2.089851e-17 -1.262835e-02 2.220782e-01
      vertex   -6.570526e-03 -9.485755e-03 2.222463e-01
      vertex   -6.385671e-03 -1.610868e-02 2.208448e-01
    endloop
  endfacet
  facet normal -4.737635e-02 -2.553016e-01 9.657000e-01
    outer loop
      vertex   -2.089851e-17 -1.262835e-02 2.220782e-01
      vertex   -6.385671e-03 -1.610868e-02 2.208448e-01
      vertex   -2.125580e-17 -1.868517e-02 2.204769e-01
    endloop
  endfacet
  facet normal -9.450610e-01 2.803999e-01 -1.680346e-01
    outer loop
      vertex   -4.736795e-02 1.530970e-02 1.816874e-01
      vertex   -4.567015e-02 1.810485e-02 1.768029e-01
      vertex   -4.807686e-02 9.668315e-03 1.762606e-01
    endloop
  endfacet
  facet normal -7.333011e-01 2.058172e-01 6.480037e-01
    outer loop
      vertex   -3.833508e-02 8.761986e-03 2.079047e-01
      vertex   -3.897620e-02 1.513896e-02 2.051538e-01
      vertex   -4.195232e-02 9.575062e-03 2.035531e-01
    endloop
  endfacet
  facet normal -5.899681e-01 6.771124e-01 4.398369e-01
    outer loop
      vertex   -3.382388e-02 3.651157e-02 1.584913e-01
      vertex   -3.492722e-02 3.368078e-02 1.613692e-01
      vertex   -3.102285e-02 3.651057e-02 1.622499e-01
    endloop
  endfacet
  facet normal 3.029013e-01 7.502926e-01 5.876324e-01
    outer loop
      vertex   1.408864e-02 3.850780e-02 2.061576e-01
      vertex   2.013358e-02 3.877768e-02 2.026971e-01
      vertex   1.466267e-02 4.196442e-02 2.014483e-01
    endloop
  endfacet
  facet normal 8.822961e-01 7.558409e-02 -4.645866e-01
    outer loop
      vertex   4.956397e-02 4.614143e-03 1.563879e-01
      vertex   4.731718e-02 6.071491e-03 1.523581e-01
      vertex   4.789753e-02 9.929146e-03 1.540878e-01
    endloop
  endfacet
  facet normal -6.947706e-01 -2.289331e-01 6.818236e-01
    outer loop
      vertex   -3.581556e-02 -1.014580e-02 2.099524e-01
      vertex   -4.027671e-02 -1.374007e-02 2.041997e-01
      vertex   -3.605827e-02 -1.757951e-02 2.072091e-01
    endloop
  endfacet
  facet normal -5.984473e-01 -4.574943e-01 6.576928e-01
    outer loop
      vertex   -3.085354e-02 -2.205820e-02 2.092768e-01
      vertex   -3.575772e-02 -2.428586e-02 2.032648e-01
      vertex   -2.894641e-02 -2.869051e-02 2.063987e-01
    endloop
  endfacet
  facet normal -6.843334e-01 -5.374553e-01 4.927775e-01
    outer loop
      vertex   -3.149279e-02 -3.188619e-02 2.008982e-01
      vertex   -3.575772e-02 -2.428586e-02 2.032648e-01
      vertex   -3.765155e-02 -2.903808e-02 1.954517e-01
    endloop
  endfacet
  facet normal 2.075653e-01 8.393347e-01 5.024281e-01
    outer loop
      vertex   1.141240e-02 4.546391e-02 1.969449e-01
      vertex   8.940742e-03 4.224088e-02 2.033503e-01
      vertex   1.466267e-02 4.196442e-02 2.014483e-01
    endloop
  endfacet
  facet normal 1.148739e-02 -1.643015e-01 -9.863433e-01
    outer loop
      vertex   -5.703170e-17 -3.903125e-02 1.490000e-01
      vertex   5.432100e-03 -3.865140e-02 1.490000e-01
      vertex   3.410260e-03 -4.318721e-02 1.497320e-01
    endloop
  endfacet
  facet normal -4.589292e-01 -6.989906e-01 5.484489e-01
    outer loop
      vertex   -2.473703e-02 -3.408855e-02 2.047874e-01
      vertex   -2.676545e-02 -3.740314e-02 1.988657e-01
      vertex   -2.005373e-02 -3.889129e-02 2.025853e-01
    endloop
  endfacet
  facet normal -5.205719e-01 -7.784349e-01 3.507763e-01
    outer loop
      vertex   -2.676545e-02 -3.740314e-02 1.988657e-01
      vertex   -2.719998e-02 -4.072780e-02 1.908428e-01
      vertex   -2.210216e-02 -4.136810e-02 1.969873e-01
    endloop
  endfacet
  facet normal 4.708221e-01 -8.757787e-01 -1.064813e-01
    outer loop
      vertex   3.046516e-02 -3.916512e-02 1.551264e-01
      vertex   2.939399e-02 -4.014803e-02 1.584743e-01
      vertex   2.633271e-02 -4.117175e-02 1.533582e-01
    endloop
  endfacet
  facet normal -4.016617e-01 -8.934600e-01 2.009905e-01
    outer loop
      vertex   -2.269331e-02 -4.409618e-02 1.877081e-01
      vertex   -1.695949e-02 -4.656512e-02 1.881915e-01
      vertex   -1.982950e-02 -4.422298e-02 1.928675e-01
    endloop
  endfacet
  facet normal -3.622572e-01 -8.476787e-01 3.875702e-01
    outer loop
      vertex   -2.210216e-02 -4.136810e-02 1.969873e-01
      vertex   -1.982950e-02 -4.422298e-02 1.928675e-01
      vertex   -1.648579e-02 -4.285487e-02 1.989851e-01
    endloop
  endfacet
  facet normal -1.843128e-01 -9.440737e-01 2.734113e-01
    outer loop
      vertex   -6.720827e-03 -4.707659e-02 1.953886e-01
      vertex   -1.372703e-02 -4.603739e-02 1.942538e-01
      vertex   -1.053337e-02 -4.835735e-02 1.883960e-01
    endloop
  endfacet
  facet normal 3.602918e-01 9.075762e-01 -2.156277e-01
    outer loop
      vertex   2.364608e-02 4.328455e-02 1.779309e-01
      vertex   1.848670e-02 4.423879e-02 1.733265e-01
      vertex   1.836504e-02 4.634252e-02 1.819778e-01
    endloop
  endfacet
  facet normal -7.695443e-01 9.998945e-02 6.307168e-01
    outer loop
      vertex   -4.195232e-02 9.575062e-03 2.035531e-01
      vertex   -4.384735e-02 4.259474e-03 2.020837e-01
      vertex   -3.963367e-02 2.583846e-03 2.074905e-01
    endloop
  endfacet
  facet normal -6.756574e-01 6.069418e-01 4.184600e-01
    outer loop
      vertex   -3.761719e-02 2.930469e-02 1.949733e-01
      vertex   -3.317677e-02 3.077156e-02 2.000153e-01
      vertex   -3.328081e-02 3.458909e-02 1.943103e-01
    endloop
  endfacet
  facet normal -4.511175e-01 8.374404e-01 -3.085232e-01
    outer loop
      vertex   -2.381706e-02 4.292109e-02 1.171059e-01
      vertex   -1.949905e-02 4.321330e-02 1.115854e-01
      vertex   -2.569232e-02 3.993482e-02 1.117421e-01
    endloop
  endfacet
  facet normal -5.696643e-01 -1.859224e-01 8.005719e-01
    outer loop
      vertex   -3.581556e-02 -1.014580e-02 2.099524e-01
      vertex   -3.080886e-02 -1.501856e-02 2.123834e-01
      vertex   -2.967692e-02 -7.879550e-03 2.148468e-01
    endloop
  endfacet
  facet normal 3.538274e-01 -4.246029e-01 8.333778e-01
    outer loop
      vertex   1.682447e-02 -2.805599e-02 2.135560e-01
      vertex   2.270918e-02 -2.726827e-02 2.114588e-01
      vertex   1.817628e-02 -2.187382e-02 2.161318e-01
    endloop
  endfacet
  facet normal -5.157166e-01 -3.431601e-01 7.850334e-01
    outer loop
      vertex   -3.085354e-02 -2.205820e-02 2.092768e-01
      vertex   -2.525569e-02 -1.913348e-02 2.142327e-01
      vertex   -3.080886e-02 -1.501856e-02 2.123834e-01
    endloop
  endfacet
  facet normal 5.081437e-01 -3.868849e-01 7.694869e-01
    outer loop
      vertex   2.532706e-02 -2.061893e-02 2.135985e-01
      vertex   2.909153e-02 -2.489228e-02 2.089640e-01
      vertex   3.088543e-02 -1.754487e-02 2.114735e-01
    endloop
  endfacet
  facet normal 1.265890e-01 -6.754520e-01 7.264570e-01
    outer loop
      vertex   5.737804e-03 -4.015913e-02 2.066133e-01
      vertex   1.139289e-02 -3.715784e-02 2.084184e-01
      vertex   5.455399e-03 -3.478212e-02 2.116619e-01
    endloop
  endfacet
  facet normal -9.410522e-01 -1.282315e-01 3.130136e-01
    outer loop
      vertex   -4.860429e-02 -7.344869e-03 1.899899e-01
      vertex   -4.639428e-02 -5.879700e-03 1.972344e-01
      vertex   -4.842226e-02 -1.163237e-03 1.930696e-01
    endloop
  endfacet
  facet normal -6.800877e-01 6.921384e-01 2.417128e-01
    outer loop
      vertex   -3.208257e-02 3.767215e-02 1.888535e-01
      vertex   -3.687734e-02 3.289671e-02 1.890372e-01
      vertex   -3.328081e-02 3.458909e-02 1.943103e-01
    endloop
  endfacet
  facet normal -2.684073e-01 -9.367421e-01 2.246592e-01
    outer loop
      vertex   -1.695949e-02 -4.656512e-02 1.881915e-01
      vertex   -1.053337e-02 -4.835735e-02 1.883960e-01
      vertex   -1.372703e-02 -4.603739e-02 1.942538e-01
    endloop
  endfacet
  facet normal -3.298861e-01 -6.789368e-01 6.559116e-01
    outer loop
      vertex   -2.005373e-02 -3.889129e-02 2.025853e-01
      vertex   -1.332891e-02 -3.966406e-02 2.051676e-01
      vertex   -1.923602e-02 -3.478492e-02 2.072471e-01
    endloop
  endfacet
  facet normal -8.179682e-01 5.596153e-01 1.332624e-01
    outer loop
      vertex   -3.687734e-02 3.289671e-02 1.890372e-01
      vertex   -3.992668e-02 2.979361e-02 1.833513e-01
      vertex   -3.974060e-02 2.840781e-02 1.903128e-01
    endloop
  endfacet
  facet normal 9.397138e-01 2.813790e-01 1.943291e-01
    outer loop
      vertex   4.863536e-02 9.371729e-03 1.885208e-01
      vertex   4.653414e-02 1.701701e-02 1.876117e-01
      vertex   4.666198e-02 1.261111e-02 1.933730e-01
    endloop
  endfacet
  facet normal -6.246903e-01 -1.018650e-01 7.741999e-01
    outer loop
      vertex   -3.581556e-02 -1.014580e-02 2.099524e-01
      vertex   -3.453872e-02 -1.675652e-03 2.120971e-01
      vertex   -3.852761e-02 -4.055650e-03 2.085654e-01
    endloop
  endfacet
  facet normal 7.416626e-01 -6.210598e-01 -2.534192e-01
    outer loop
      vertex   3.865201e-02 -3.153726e-02 1.573460e-01
      vertex   3.809646e-02 -3.037942e-02 1.528826e-01
      vertex   4.078094e-02 -2.770918e-02 1.541951e-01
    endloop
  endfacet
  facet normal -5.992508e-02 -7.494380e-01 6.593570e-01
    outer loop
      vertex   -2.492539e-17 -3.896860e-02 2.084375e-01
      vertex   -6.468439e-03 -4.131231e-02 2.051857e-01
      vertex   -2.619734e-17 -4.264014e-02 2.042643e-01
    endloop
  endfacet
  facet normal -9.219311e-01 2.801920e-01 -2.674611e-01
    outer loop
      vertex   -4.497661e-02 1.469797e-02 1.708432e-01
      vertex   -4.807686e-02 9.668315e-03 1.762606e-01
      vertex   -4.567015e-02 1.810485e-02 1.768029e-01
    endloop
  endfacet
  facet normal -9.726926e-01 2.123499e-01 -9.368356e-02
    outer loop
      vertex   -4.736795e-02 1.530970e-02 1.816874e-01
      vertex   -4.807686e-02 9.668315e-03 1.762606e-01
      vertex   -4.872894e-02 1.046272e-02 1.848317e-01
    endloop
  endfacet
  facet normal -9.462273e-01 3.145962e-01 7.538670e-02
    outer loop
      vertex   -4.736795e-02 1.530970e-02 1.816874e-01
      vertex   -4.872894e-02 1.046272e-02 1.848317e-01
      vertex   -4.597737e-02 1.781126e-02 1.887022e-01
    endloop
  endfacet
  facet normal -7.305305e-01 -4.903173e-01 4.753042e-01
    outer loop
      vertex   -3.765155e-02 -2.903808e-02 1.954517e-01
      vertex   -3.575772e-02 -2.428586e-02 2.032648e-01
      vertex   -4.120747e-02 -2.208833e-02 1.971556e-01
    endloop
  endfacet
  facet normal -9.787068e-01 1.837461e-01 -9.148997e-02
    outer loop
      vertex   -4.958508e-02 3.857795e-03 1.807251e-01
      vertex   -4.872894e-02 1.046272e-02 1.848317e-01
      vertex   -4.807686e-02 9.668315e-03 1.762606e-01
    endloop
  endfacet
  facet normal -9.939363e-01 9.868781e-02 4.849022e-02
    outer loop
      vertex   -4.872894e-02 1.046272e-02 1.848317e-01
      vertex   -4.958508e-02 3.857795e-03 1.807251e-01
      vertex   -4.911558e-02 4.461902e-03 1.891194e-01
    endloop
  endfacet
  facet normal -9.593323e-01 2.024017e-01 1.967613e-01
    outer loop
      vertex   -4.872894e-02 1.046272e-02 1.848317e-01
      vertex   -4.911558e-02 4.461902e-03 1.891194e-01
      vertex   -4.696026e-02 1.151912e-02 1.923684e-01
    endloop
  endfacet
  facet normal -4.121644e-01 5.504760e-01 7.260142e-01
    outer loop
      vertex   -2.354074e-02 3.271756e-02 2.068567e-01
      vertex   -2.527502e-02 2.752274e-02 2.098109e-01
      vertex   -1.847830e-02 3.226050e-02 2.100772e-01
    endloop
  endfacet
  facet normal -3.502041e-01 -2.039115e-01 9.142085e-01
    outer loop
      vertex   -1.857664e-02 -9.127748e-03 2.197324e-01
      vertex   -2.459031e-02 -1.222638e-02 2.167376e-01
      vertex   -1.941214e-02 -1.590228e-02 2.179013e-01
    endloop
  endfacet
  facet normal -2.546177e-01 -3.795103e-01 8.894615e-01
    outer loop
      vertex   -1.295328e-02 -1.908954e-02 2.188198e-01
      vertex   -1.897672e-02 -2.217427e-02 2.157793e-01
      vertex   -1.268797e-02 -2.553673e-02 2.161449e-01
    endloop
  endfacet
  facet normal -2.680514e-01 -4.930624e-01 8.276702e-01
    outer loop
      vertex   -1.252612e-02 -3.103892e-02 2.129195e-01
      vertex   -1.268797e-02 -2.553673e-02 2.161449e-01
      vertex   -1.821276e-02 -2.958448e-02 2.119443e-01
    endloop
  endfacet
  facet normal 2.973443e-01 -4.042387e-01 -8.649725e-01
    outer loop
      vertex   1.491364e-02 -4.003971e-02 1.495518e-01
      vertex   1.549745e-02 -4.416169e-02 1.516789e-01
      vertex   1.159831e-02 -4.290081e-02 1.497493e-01
    endloop
  endfacet
  facet normal 2.091699e-01 -9.287855e-02 9.734585e-01
    outer loop
      vertex   1.030208e-02 -2.356388e-03 2.223925e-01
      vertex   1.232236e-02 -1.058293e-02 2.211735e-01
      vertex   1.699320e-02 -3.463070e-03 2.208492e-01
    endloop
  endfacet
  facet normal -6.264397e-02 -6.434665e-03 9.980152e-01
    outer loop
      vertex   -2.651438e-18 1.276279e-16 2.233750e-01
      vertex   -5.513101e-03 3.182991e-03 2.230495e-01
      vertex   -6.050723e-03 -3.141110e-03 2.229749e-01
    endloop
  endfacet
  facet normal -9.852081e-01 -1.096056e-03 1.713587e-01
    outer loop
      vertex   -4.842226e-02 -1.163237e-03 1.930696e-01
      vertex   -4.911558e-02 4.461902e-03 1.891194e-01
      vertex   -4.974761e-02 -1.771269e-03 1.854458e-01
    endloop
  endfacet
  facet normal -9.961787e-01 7.119123e-02 5.059446e-02
    outer loop
      vertex   -4.974761e-02 -1.771269e-03 1.854458e-01
      vertex   -4.911558e-02 4.461902e-03 1.891194e-01
      vertex   -4.958508e-02 3.857795e-03 1.807251e-01
    endloop
  endfacet
  facet normal -1.992478e-01 -9.750773e-01 -9.759413e-02
    outer loop
      vertex   -6.106597e-03 -4.943849e-02 1.828903e-01
      vertex   -1.363218e-02 -4.777811e-02 1.816654e-01
      vertex   -7.403863e-03 -4.850530e-02 1.762151e-01
    endloop
  endfacet
  facet normal -1.393185e-01 1.750856e-04 9.902476e-01
    outer loop
      vertex   -6.050723e-03 -3.141110e-03 2.229749e-01
      vertex   -5.513101e-03 3.182991e-03 2.230495e-01
      vertex   -1.217818e-02 5.732866e-04 2.221122e-01
    endloop
  endfacet
  facet normal -8.717760e-01 4.187198e-01 -2.543232e-01
    outer loop
      vertex   -4.567015e-02 1.810485e-02 1.768029e-01
      vertex   -4.296392e-02 2.480524e-02 1.785580e-01
      vertex   -4.139699e-02 2.389747e-02 1.716922e-01
    endloop
  endfacet
  facet normal -9.827386e-01 -5.849855e-02 1.755074e-01
    outer loop
      vertex   -4.860429e-02 -7.344869e-03 1.899899e-01
      vertex   -4.842226e-02 -1.163237e-03 1.930696e-01
      vertex   -4.974761e-02 -1.771269e-03 1.854458e-01
    endloop
  endfacet
  facet normal 3.486575e-01 7.938274e-01 4.982731e-01
    outer loop
      vertex   1.856422e-02 4.290885e-02 1.972136e-01
      vertex   1.466267e-02 4.196442e-02 2.014483e-01
      vertex   2.013358e-02 3.877768e-02 2.026971e-01
    endloop
  endfacet
  facet normal -2.747371e-01 -9.344248e-02 9.569682e-01
    outer loop
      vertex   -1.256023e-02 -5.980111e-03 2.217670e-01
      vertex   -1.841399e-02 -2.186296e-03 2.204569e-01
      vertex   -1.857664e-02 -9.127748e-03 2.197324e-01
    endloop
  endfacet
  facet normal -3.254037e-01 3.118872e-01 -8.926583e-01
    outer loop
      vertex   -4.000751e-02 2.558227e-02 1.515539e-01
      vertex   -3.529832e-02 2.485287e-02 1.495824e-01
      vertex   -3.820145e-02 2.208744e-02 1.496745e-01
    endloop
  endfacet
  facet normal 8.164959e-01 5.761867e-01 3.665034e-02
    outer loop
      vertex   4.308311e-02 2.487405e-02 1.861942e-01
      vertex   4.022070e-02 2.928018e-02 1.806934e-01
      vertex   3.866861e-02 3.114191e-02 1.860024e-01
    endloop
  endfacet
  facet normal -2.602359e-01 -2.593380e-01 9.300651e-01
    outer loop
      vertex   -1.941214e-02 -1.590228e-02 2.179013e-01
      vertex   -1.295328e-02 -1.908954e-02 2.188198e-01
      vertex   -1.306023e-02 -1.269096e-02 2.205740e-01
    endloop
  endfacet
  facet normal -2.883572e-01 -3.247686e-01 9.007638e-01
    outer loop
      vertex   -1.295328e-02 -1.908954e-02 2.188198e-01
      vertex   -1.941214e-02 -1.590228e-02 2.179013e-01
      vertex   -1.897672e-02 -2.217427e-02 2.157793e-01
    endloop
  endfacet
  facet normal 6.437538e-02 7.006144e-01 7.106301e-01
    outer loop
      vertex   1.228973e-03 3.609717e-02 2.109982e-01
      vertex   7.379589e-03 3.807042e-02 2.084955e-01
      vertex   2.053217e-03 4.109605e-02 2.059951e-01
    endloop
  endfacet
  facet normal -6.050503e-01 2.650473e-01 7.507756e-01
    outer loop
      vertex   -3.374780e-02 1.948430e-02 2.084375e-01
      vertex   -3.518005e-02 1.339018e-02 2.094346e-01
      vertex   -3.001885e-02 1.733139e-02 2.122027e-01
    endloop
  endfacet
  facet normal 3.946075e-01 8.108754e-03 9.188140e-01
    outer loop
      vertex   2.133371e-02 3.536871e-03 2.193368e-01
      vertex   2.277699e-02 -3.880473e-03 2.187824e-01
      vertex   2.677498e-02 2.001979e-03 2.170135e-01
    endloop
  endfacet
  facet normal -2.483784e-01 5.945607e-02 9.668367e-01
    outer loop
      vertex   -1.217818e-02 5.732866e-04 2.221122e-01
      vertex   -1.093647e-02 6.314173e-03 2.220782e-01
      vertex   -1.874222e-02 4.697770e-03 2.201723e-01
    endloop
  endfacet
  facet normal -3.092336e-02 1.593915e-01 9.867310e-01
    outer loop
      vertex   -5.605028e-03 1.006964e-02 2.222512e-01
      vertex   -3.397102e-04 6.637552e-03 2.229707e-01
      vertex   1.461255e-04 1.301147e-02 2.219563e-01
    endloop
  endfacet
  facet normal 1.570259e-01 2.991725e-01 9.411901e-01
    outer loop
      vertex   7.301916e-03 2.180336e-02 2.188414e-01
      vertex   5.640701e-03 1.573675e-02 2.210469e-01
      vertex   1.110168e-02 1.447198e-02 2.205379e-01
    endloop
  endfacet
  facet normal 2.851422e-01 8.455907e-01 4.512985e-01
    outer loop
      vertex   1.141240e-02 4.546391e-02 1.969449e-01
      vertex   1.466267e-02 4.196442e-02 2.014483e-01
      vertex   1.856422e-02 4.290885e-02 1.972136e-01
    endloop
  endfacet
  facet normal -9.267105e-01 3.567869e-01 -1.179439e-01
    outer loop
      vertex   -4.567015e-02 1.810485e-02 1.768029e-01
      vertex   -4.736795e-02 1.530970e-02 1.816874e-01
      vertex   -4.553268e-02 2.033617e-02 1.824727e-01
    endloop
  endfacet
  facet normal -4.473078e-01 -1.391234e-01 8.834933e-01
    outer loop
      vertex   -2.459031e-02 -1.222638e-02 2.167376e-01
      vertex   -2.380775e-02 -5.502667e-03 2.181926e-01
      vertex   -2.967692e-02 -7.879550e-03 2.148468e-01
    endloop
  endfacet
  facet normal -1.071711e-01 1.081294e-01 -9.883432e-01
    outer loop
      vertex   -3.075704e-02 2.403003e-02 1.490000e-01
      vertex   -3.529832e-02 2.485287e-02 1.495824e-01
      vertex   -3.212815e-02 2.941502e-02 1.497378e-01
    endloop
  endfacet
  facet normal 7.239288e-01 -1.766333e-01 -6.668792e-01
    outer loop
      vertex   4.528384e-02 -1.057004e-02 1.508887e-01
      vertex   4.833729e-02 -9.023391e-03 1.537938e-01
      vertex   4.723626e-02 -1.370383e-02 1.538382e-01
    endloop
  endfacet
  facet normal -8.371564e-01 -4.739459e-01 -2.730282e-01
    outer loop
      vertex   -4.338700e-02 -2.398488e-02 1.787967e-01
      vertex   -4.386020e-02 -1.969295e-02 1.727973e-01
      vertex   -3.960250e-02 -2.654721e-02 1.716406e-01
    endloop
  endfacet
  facet normal -4.913765e-01 -6.491924e-01 5.806017e-01
    outer loop
      vertex   -2.564514e-02 -3.920568e-02 1.621043e-01
      vertex   -2.711191e-02 -3.533293e-02 1.651932e-01
      vertex   -3.008503e-02 -3.589908e-02 1.620439e-01
    endloop
  endfacet
  facet normal 1.052494e-01 9.740149e-01 2.005430e-01
    outer loop
      vertex   9.206433e-04 4.887120e-02 1.909344e-01
      vertex   5.488513e-03 4.770597e-02 1.941965e-01
      vertex   5.390143e-03 4.942189e-02 1.859141e-01
    endloop
  endfacet
  facet normal -4.396950e-01 -7.507141e-01 4.930482e-01
    outer loop
      vertex   -2.005373e-02 -3.889129e-02 2.025853e-01
      vertex   -2.676545e-02 -3.740314e-02 1.988657e-01
      vertex   -2.210216e-02 -4.136810e-02 1.969873e-01
    endloop
  endfacet
  facet normal -3.417984e-01 -8.599069e-01 3.791226e-01
    outer loop
      vertex   -1.372703e-02 -4.603739e-02 1.942538e-01
      vertex   -1.648579e-02 -4.285487e-02 1.989851e-01
      vertex   -1.982950e-02 -4.422298e-02 1.928675e-01
    endloop
  endfacet
  facet normal -2.450009e-01 -8.645850e-01 4.387110e-01
    outer loop
      vertex   -1.648579e-02 -4.285487e-02 1.989851e-01
      vertex   -1.372703e-02 -4.603739e-02 1.942538e-01
      vertex   -1.064019e-02 -4.379752e-02 2.003919e-01
    endloop
  endfacet
  facet normal -1.996051e-01 -8.839043e-01 4.229314e-01
    outer loop
      vertex   -1.372703e-02 -4.603739e-02 1.942538e-01
      vertex   -6.720827e-03 -4.707659e-02 1.953886e-01
      vertex   -1.064019e-02 -4.379752e-02 2.003919e-01
    endloop
  endfacet
  facet normal 8.472337e-02 -9.416806e-01 -3.256680e-01
    outer loop
      vertex   1.726306e-09 -4.755755e-02 1.710921e-01
      vertex   5.397544e-03 -4.655994e-02 1.696117e-01
      vertex   5.528858e-03 -4.861819e-02 1.755973e-01
    endloop
  endfacet
  facet normal -3.949827e-01 -2.793425e-01 8.751894e-01
    outer loop
      vertex   -1.941214e-02 -1.590228e-02 2.179013e-01
      vertex   -2.459031e-02 -1.222638e-02 2.167376e-01
      vertex   -2.525569e-02 -1.913348e-02 2.142327e-01
    endloop
  endfacet
  facet normal -4.917303e-01 -3.835006e-01 7.817471e-01
    outer loop
      vertex   -2.525569e-02 -1.913348e-02 2.142327e-01
      vertex   -3.085354e-02 -2.205820e-02 2.092768e-01
      vertex   -2.488282e-02 -2.527844e-02 2.114527e-01
    endloop
  endfacet
  facet normal -3.768152e-01 -4.942601e-01 7.834011e-01
    outer loop
      vertex   -2.324223e-02 -3.030891e-02 2.090680e-01
      vertex   -1.821276e-02 -2.958448e-02 2.119443e-01
      vertex   -2.488282e-02 -2.527844e-02 2.114527e-01
    endloop
  endfacet
  facet normal -2.413058e-01 8.471277e-01 4.734408e-01
    outer loop
      vertex   -1.266321e-02 4.630319e-02 1.620153e-01
      vertex   -1.226722e-02 4.813696e-02 1.589360e-01
      vertex   -1.638130e-02 4.545510e-02 1.616377e-01
    endloop
  endfacet
  facet normal 8.897184e-01 4.221391e-01 1.737805e-01
    outer loop
      vertex   4.653414e-02 1.701701e-02 1.876117e-01
      vertex   4.308311e-02 2.487405e-02 1.861942e-01
      vertex   4.470449e-02 1.885799e-02 1.925070e-01
    endloop
  endfacet
  facet normal -8.148459e-01 2.576571e-01 5.192677e-01
    outer loop
      vertex   -4.462398e-02 1.128270e-02 1.985134e-01
      vertex   -4.195232e-02 9.575062e-03 2.035531e-01
      vertex   -4.165961e-02 1.649397e-02 2.005793e-01
    endloop
  endfacet
  facet normal -1.727814e-01 -7.116890e-01 6.809151e-01
    outer loop
      vertex   -7.521644e-03 -3.652148e-02 2.099258e-01
      vertex   -1.332891e-02 -3.966406e-02 2.051676e-01
      vertex   -6.468439e-03 -4.131231e-02 2.051857e-01
    endloop
  endfacet
  facet normal -9.316690e-02 -7.105490e-01 6.974525e-01
    outer loop
      vertex   -7.521644e-03 -3.652148e-02 2.099258e-01
      vertex   -6.468439e-03 -4.131231e-02 2.051857e-01
      vertex   -2.492539e-17 -3.896860e-02 2.084375e-01
    endloop
  endfacet
  facet normal -8.745889e-01 1.393694e-01 4.644033e-01
    outer loop
      vertex   -4.462398e-02 1.128270e-02 1.985134e-01
      vertex   -4.707657e-02 4.976246e-03 1.957871e-01
      vertex   -4.384735e-02 4.259474e-03 2.020837e-01
    endloop
  endfacet
  facet normal -7.527215e-02 -2.607523e-01 -9.624668e-01
    outer loop
      vertex   -6.369966e-03 -4.606884e-02 1.505867e-01
      vertex   -1.094852e-02 -4.471958e-02 1.505793e-01
      vertex   -7.289023e-03 -4.187966e-02 1.495237e-01
    endloop
  endfacet
  facet normal 8.451097e-02 3.199289e-01 9.436649e-01
    outer loop
      vertex   7.301916e-03 2.180336e-02 2.188414e-01
      vertex   1.128416e-03 1.994565e-02 2.200241e-01
      vertex   5.640701e-03 1.573675e-02 2.210469e-01
    endloop
  endfacet
  facet normal -4.785100e-01 -7.922434e-01 -3.786535e-01
    outer loop
      vertex   -2.614627e-02 -4.105905e-02 1.745776e-01
      vertex   -2.837594e-02 -3.738717e-02 1.697128e-01
      vertex   -2.090016e-02 -4.227045e-02 1.704826e-01
    endloop
  endfacet
  facet normal 6.847774e-01 3.003925e-01 6.639610e-01
    outer loop
      vertex   3.502033e-02 1.473250e-02 2.092749e-01
      vertex   3.986537e-02 1.467022e-02 2.043061e-01
      vertex   3.374780e-02 1.948430e-02 2.084375e-01
    endloop
  endfacet
  facet normal 2.693414e-01 9.597280e-01 -7.985877e-02
    outer loop
      vertex   1.385343e-02 4.720912e-02 1.771760e-01
      vertex   1.242576e-02 4.815214e-02 1.836940e-01
      vertex   1.836504e-02 4.634252e-02 1.819778e-01
    endloop
  endfacet
  facet normal -4.383547e-01 -6.560446e-01 6.143701e-01
    outer loop
      vertex   -2.564514e-02 -3.920568e-02 1.621043e-01
      vertex   -2.226809e-02 -3.856946e-02 1.651932e-01
      vertex   -2.711191e-02 -3.533293e-02 1.651932e-01
    endloop
  endfacet
  facet normal -2.455166e-02 5.953386e-02 9.979243e-01
    outer loop
      vertex   -2.651438e-18 1.276279e-16 2.233750e-01
      vertex   -3.397102e-04 6.637552e-03 2.229707e-01
      vertex   -5.513101e-03 3.182991e-03 2.230495e-01
    endloop
  endfacet
  facet normal 7.005316e-01 5.305495e-01 4.772553e-01
    outer loop
      vertex   3.950604e-02 2.280883e-02 1.997512e-01
      vertex   3.618387e-02 2.965169e-02 1.970206e-01
      vertex   3.521764e-02 2.613201e-02 2.023516e-01
    endloop
  endfacet
  facet normal -1.206891e-01 -8.236753e-01 5.540696e-01
    outer loop
      vertex   -9.689944e-03 -4.185662e-02 1.443293e-01
      vertex   -5.577471e-03 -4.553969e-02 1.397498e-01
      vertex   -4.172855e-03 -4.220243e-02 1.450169e-01
    endloop
  endfacet
  facet normal -8.347718e-01 -7.911386e-03 5.505393e-01
    outer loop
      vertex   -4.289484e-02 -4.037307e-03 1.440797e-01
      vertex   -4.210922e-02 1.715916e-03 1.453536e-01
      vertex   -4.525446e-02 2.742534e-03 1.405993e-01
    endloop
  endfacet
  facet normal -1.062431e-01 -2.664101e-01 -9.579865e-01
    outer loop
      vertex   -1.666192e-03 -4.317059e-02 1.492591e-01
      vertex   -6.369966e-03 -4.606884e-02 1.505867e-01
      vertex   -7.289023e-03 -4.187966e-02 1.495237e-01
    endloop
  endfacet
  facet normal 7.947893e-01 5.769908e-01 -1.881266e-01
    outer loop
      vertex   4.022070e-02 2.928018e-02 1.806934e-01
      vertex   4.296392e-02 2.480524e-02 1.785580e-01
      vertex   3.864216e-02 2.925177e-02 1.739372e-01
    endloop
  endfacet
  facet normal -5.888964e-01 -7.515287e-01 -2.973307e-01
    outer loop
      vertex   -2.614627e-02 -4.105905e-02 1.745776e-01
      vertex   -3.187246e-02 -3.731670e-02 1.764599e-01
      vertex   -2.837594e-02 -3.738717e-02 1.697128e-01
    endloop
  endfacet
  facet normal -7.469059e-01 -6.607659e-01 -7.429672e-02
    outer loop
      vertex   -3.848363e-02 -3.174445e-02 1.845097e-01
      vertex   -3.844306e-02 -3.107548e-02 1.781524e-01
      vertex   -3.448575e-02 -3.611936e-02 1.832278e-01
    endloop
  endfacet
  facet normal -5.745138e-01 -8.052167e-01 -1.468331e-01
    outer loop
      vertex   -2.614627e-02 -4.105905e-02 1.745776e-01
      vertex   -2.756896e-02 -4.151712e-02 1.826563e-01
      vertex   -3.187246e-02 -3.731670e-02 1.764599e-01
    endloop
  endfacet
  facet normal -5.383506e-01 -8.306868e-01 -1.419088e-01
    outer loop
      vertex   -2.252539e-02 -4.403327e-02 1.782514e-01
      vertex   -2.756896e-02 -4.151712e-02 1.826563e-01
      vertex   -2.614627e-02 -4.105905e-02 1.745776e-01
    endloop
  endfacet
  facet normal -3.795664e-01 -8.819276e-01 -2.795230e-01
    outer loop
      vertex   -1.543796e-02 -4.630570e-02 1.757972e-01
      vertex   -2.252539e-02 -4.403327e-02 1.782514e-01
      vertex   -2.090016e-02 -4.227045e-02 1.704826e-01
    endloop
  endfacet
  facet normal 2.036465e-01 6.736692e-01 7.104210e-01
    outer loop
      vertex   1.408864e-02 3.850780e-02 2.061576e-01
      vertex   7.379589e-03 3.807042e-02 2.084955e-01
      vertex   1.287667e-02 3.401109e-02 2.107691e-01
    endloop
  endfacet
  facet normal -3.586273e-01 -8.832603e-01 -3.020559e-01
    outer loop
      vertex   -1.499077e-02 -4.427663e-02 1.693329e-01
      vertex   -1.543796e-02 -4.630570e-02 1.757972e-01
      vertex   -2.090016e-02 -4.227045e-02 1.704826e-01
    endloop
  endfacet
  facet normal -3.948725e-02 -5.102888e-02 9.979162e-01
    outer loop
      vertex   -2.651438e-18 1.276279e-16 2.233750e-01
      vertex   -6.050723e-03 -3.141110e-03 2.229749e-01
      vertex   -2.047170e-17 -6.365981e-03 2.230495e-01
    endloop
  endfacet
  facet normal -1.028411e-01 -9.408994e-01 -3.226951e-01
    outer loop
      vertex   -8.658708e-03 -4.617719e-02 1.698268e-01
      vertex   1.726306e-09 -4.755755e-02 1.710921e-01
      vertex   -7.403863e-03 -4.850530e-02 1.762151e-01
    endloop
  endfacet
  facet normal 3.718148e-01 9.236010e-01 9.335397e-02
    outer loop
      vertex   1.701937e-02 4.604171e-02 1.903134e-01
      vertex   2.326490e-02 4.391484e-02 1.864806e-01
      vertex   1.836504e-02 4.634252e-02 1.819778e-01
    endloop
  endfacet
  facet normal -1.688942e-01 -9.490838e-01 2.659222e-01
    outer loop
      vertex   -6.720827e-03 -4.707659e-02 1.953886e-01
      vertex   -1.053337e-02 -4.835735e-02 1.883960e-01
      vertex   -4.755156e-03 -4.917650e-02 1.891424e-01
    endloop
  endfacet
  facet normal -1.805557e-02 -9.806072e-01 1.951498e-01
    outer loop
      vertex   -3.170328e-17 -4.984962e-02 1.862000e-01
      vertex   2.339180e-06 -4.847076e-02 1.931288e-01
      vertex   -4.755156e-03 -4.917650e-02 1.891424e-01
    endloop
  endfacet
  facet normal -3.282395e-01 -9.097446e-01 2.542118e-01
    outer loop
      vertex   -1.372703e-02 -4.603739e-02 1.942538e-01
      vertex   -1.982950e-02 -4.422298e-02 1.928675e-01
      vertex   -1.695949e-02 -4.656512e-02 1.881915e-01
    endloop
  endfacet
  facet normal -9.608211e-02 -8.900299e-01 4.456624e-01
    outer loop
      vertex   -6.720827e-03 -4.707659e-02 1.953886e-01
      vertex   -2.757293e-17 -4.561765e-02 1.997512e-01
      vertex   -5.104818e-03 -4.434376e-02 2.011947e-01
    endloop
  endfacet
  facet normal 3.002125e-01 7.973863e-02 9.505336e-01
    outer loop
      vertex   2.133371e-02 3.536871e-03 2.193368e-01
      vertex   1.618183e-02 9.342583e-03 2.204769e-01
      vertex   1.535221e-02 2.526010e-03 2.213108e-01
    endloop
  endfacet
  facet normal -2.511879e-01 7.517092e-02 9.650150e-01
    outer loop
      vertex   -1.618183e-02 9.342583e-03 2.204769e-01
      vertex   -1.874222e-02 4.697770e-03 2.201723e-01
      vertex   -1.093647e-02 6.314173e-03 2.220782e-01
    endloop
  endfacet
  facet normal -4.546421e-01 -7.257915e-01 5.162627e-01
    outer loop
      vertex   -2.058151e-02 -4.463073e-02 1.596321e-01
      vertex   -2.095161e-02 -4.213062e-02 1.628210e-01
      vertex   -2.386084e-02 -4.215432e-02 1.602257e-01
    endloop
  endfacet
  facet normal -3.839954e-01 -6.214959e-01 6.828545e-01
    outer loop
      vertex   -2.324223e-02 -3.030891e-02 2.090680e-01
      vertex   -2.473703e-02 -3.408855e-02 2.047874e-01
      vertex   -1.923602e-02 -3.478492e-02 2.072471e-01
    endloop
  endfacet
  facet normal 3.840880e-01 3.984550e-01 8.328926e-01
    outer loop
      vertex   2.284348e-02 1.915464e-02 2.152039e-01
      vertex   2.569682e-02 2.386980e-02 2.116323e-01
      vertex   1.794948e-02 2.333390e-02 2.154614e-01
    endloop
  endfacet
  facet normal 2.942015e-01 6.444790e-01 7.057565e-01
    outer loop
      vertex   1.408864e-02 3.850780e-02 2.061576e-01
      vertex   1.287667e-02 3.401109e-02 2.107691e-01
      vertex   2.006318e-02 3.413241e-02 2.076625e-01
    endloop
  endfacet
  facet normal 1.559970e-01 6.350039e-01 7.565943e-01
    outer loop
      vertex   6.614298e-03 3.363997e-02 2.123718e-01
      vertex   1.287667e-02 3.401109e-02 2.107691e-01
      vertex   7.379589e-03 3.807042e-02 2.084955e-01
    endloop
  endfacet
  facet normal 1.011840e-01 6.451285e-01 7.573447e-01
    outer loop
      vertex   6.614298e-03 3.363997e-02 2.123718e-01
      vertex   7.379589e-03 3.807042e-02 2.084955e-01
      vertex   1.228973e-03 3.609717e-02 2.109982e-01
    endloop
  endfacet
  facet normal -5.943904e-02 6.534067e-01 7.546700e-01
    outer loop
      vertex   -4.770017e-03 3.914208e-02 2.078893e-01
      vertex   -5.348035e-03 3.379139e-02 2.124765e-01
      vertex   1.228973e-03 3.609717e-02 2.109982e-01
    endloop
  endfacet
  facet normal 8.500356e-01 2.240016e-01 4.767208e-01
    outer loop
      vertex   4.591479e-02 1.247320e-02 1.360519e-01
      vertex   4.194294e-02 1.582435e-02 1.415595e-01
      vertex   4.423650e-02 8.517070e-03 1.409034e-01
    endloop
  endfacet
  facet normal -4.999110e-01 6.809242e-01 5.351926e-01
    outer loop
      vertex   -2.288369e-02 3.699972e-02 2.029235e-01
      vertex   -2.564409e-02 3.833707e-02 1.986436e-01
      vertex   -2.773087e-02 3.321274e-02 2.032141e-01
    endloop
  endfacet
  facet normal -5.118867e-01 6.784502e-01 5.269510e-01
    outer loop
      vertex   -2.773087e-02 3.321274e-02 2.032141e-01
      vertex   -2.564409e-02 3.833707e-02 1.986436e-01
      vertex   -2.987610e-02 3.540570e-02 1.983067e-01
    endloop
  endfacet
  facet normal -5.860520e-01 6.128485e-01 5.300564e-01
    outer loop
      vertex   -2.773087e-02 3.321274e-02 2.032141e-01
      vertex   -2.987610e-02 3.540570e-02 1.983067e-01
      vertex   -3.317677e-02 3.077156e-02 2.000153e-01
    endloop
  endfacet
  facet normal -2.830506e-01 -2.175704e-01 9.341014e-01
    outer loop
      vertex   -1.941214e-02 -1.590228e-02 2.179013e-01
      vertex   -1.306023e-02 -1.269096e-02 2.205740e-01
      vertex   -1.857664e-02 -9.127748e-03 2.197324e-01
    endloop
  endfacet
  facet normal -5.448023e-01 -5.611155e-02 8.366851e-01
    outer loop
      vertex   -2.861763e-02 -2.294789e-04 2.160496e-01
      vertex   -3.453872e-02 -1.675652e-03 2.120971e-01
      vertex   -2.967692e-02 -7.879550e-03 2.148468e-01
    endloop
  endfacet
  facet normal -1.034555e-02 8.764332e-01 4.814123e-01
    outer loop
      vertex   3.883594e-03 4.499616e-02 2.002738e-01
      vertex   -1.482769e-03 4.723133e-02 1.960892e-01
      vertex   -3.333902e-03 4.366699e-02 2.025385e-01
    endloop
  endfacet
  facet normal 3.656456e-01 -2.000551e-01 9.090001e-01
    outer loop
      vertex   1.912130e-02 -9.901662e-03 2.194222e-01
      vertex   2.190271e-02 -1.557912e-02 2.170539e-01
      vertex   2.503677e-02 -9.803516e-03 2.170643e-01
    endloop
  endfacet
  facet normal -1.415482e-01 9.370953e-01 3.190871e-01
    outer loop
      vertex   -1.202890e-02 4.686904e-02 1.931076e-01
      vertex   -7.985705e-03 4.587536e-02 1.978194e-01
      vertex   -5.829094e-03 4.873918e-02 1.903656e-01
    endloop
  endfacet
  facet normal -2.403855e-01 8.873782e-01 3.934142e-01
    outer loop
      vertex   -1.468053e-02 4.363838e-02 1.987744e-01
      vertex   -7.985705e-03 4.587536e-02 1.978194e-01
      vertex   -1.202890e-02 4.686904e-02 1.931076e-01
    endloop
  endfacet
  facet normal -2.832900e-01 8.841568e-01 3.715017e-01
    outer loop
      vertex   -1.468053e-02 4.363838e-02 1.987744e-01
      vertex   -1.202890e-02 4.686904e-02 1.931076e-01
      vertex   -1.854391e-02 4.451642e-02 1.937387e-01
    endloop
  endfacet
  facet normal -3.470578e-01 8.419766e-01 4.130694e-01
    outer loop
      vertex   -1.468053e-02 4.363838e-02 1.987744e-01
      vertex   -1.854391e-02 4.451642e-02 1.937387e-01
      vertex   -2.058675e-02 4.121433e-02 1.987531e-01
    endloop
  endfacet
  facet normal -4.023208e-01 8.312940e-01 3.835209e-01
    outer loop
      vertex   -2.058675e-02 4.121433e-02 1.987531e-01
      vertex   -1.854391e-02 4.451642e-02 1.937387e-01
      vertex   -2.390810e-02 4.188553e-02 1.938141e-01
    endloop
  endfacet
  facet normal -4.816674e-01 8.456278e-01 2.300220e-01
    outer loop
      vertex   -2.680010e-02 4.162761e-02 1.887064e-01
      vertex   -2.390810e-02 4.188553e-02 1.938141e-01
      vertex   -2.185091e-02 4.429477e-02 1.892648e-01
    endloop
  endfacet
  facet normal -5.943643e-01 7.975908e-01 1.028590e-01
    outer loop
      vertex   -2.680010e-02 4.162761e-02 1.887064e-01
      vertex   -2.968160e-02 4.015312e-02 1.834894e-01
      vertex   -3.208257e-02 3.767215e-02 1.888535e-01
    endloop
  endfacet
  facet normal -6.560667e-01 7.527330e-01 5.449348e-02
    outer loop
      vertex   -3.208257e-02 3.767215e-02 1.888535e-01
      vertex   -2.968160e-02 4.015312e-02 1.834894e-01
      vertex   -3.512348e-02 3.543016e-02 1.832120e-01
    endloop
  endfacet
  facet normal -7.005162e-01 7.070681e-01 9.660084e-02
    outer loop
      vertex   -3.208257e-02 3.767215e-02 1.888535e-01
      vertex   -3.512348e-02 3.543016e-02 1.832120e-01
      vertex   -3.687734e-02 3.289671e-02 1.890372e-01
    endloop
  endfacet
  facet normal 3.425304e-01 1.209926e-01 9.316833e-01
    outer loop
      vertex   2.133371e-02 3.536871e-03 2.193368e-01
      vertex   2.116380e-02 1.221893e-02 2.182718e-01
      vertex   1.618183e-02 9.342583e-03 2.204769e-01
    endloop
  endfacet
  facet normal 8.177734e-01 6.276758e-02 5.721074e-01
    outer loop
      vertex   4.487430e-02 1.512733e-03 1.414301e-01
      vertex   4.209857e-02 5.465780e-03 1.449641e-01
      vertex   4.218489e-02 6.305561e-04 1.453712e-01
    endloop
  endfacet
  facet normal -8.365860e-01 -4.383266e-01 3.286240e-01
    outer loop
      vertex   -4.235923e-02 -2.431793e-02 1.912497e-01
      vertex   -4.120747e-02 -2.208833e-02 1.971556e-01
      vertex   -4.494361e-02 -1.834632e-02 1.926356e-01
    endloop
  endfacet
  facet normal -5.374953e-01 -5.969244e-01 5.956342e-01
    outer loop
      vertex   -2.473703e-02 -3.408855e-02 2.047874e-01
      vertex   -2.894641e-02 -2.869051e-02 2.063987e-01
      vertex   -3.149279e-02 -3.188619e-02 2.008982e-01
    endloop
  endfacet
  facet normal -2.382870e-01 3.479762e-02 -9.705712e-01
    outer loop
      vertex   -4.113696e-02 -1.377073e-02 1.492747e-01
      vertex   -4.351060e-02 -1.134047e-02 1.499446e-01
      vertex   -4.152973e-02 -8.554088e-03 1.495581e-01
    endloop
  endfacet
  facet normal 4.218904e-01 7.780606e-01 4.654355e-01
    outer loop
      vertex   2.013358e-02 3.877768e-02 2.026971e-01
      vertex   2.540945e-02 3.911067e-02 1.973582e-01
      vertex   1.856422e-02 4.290885e-02 1.972136e-01
    endloop
  endfacet
  facet normal 5.521951e-01 1.810687e-01 8.138149e-01
    outer loop
      vertex   3.001885e-02 1.733139e-02 2.122027e-01
      vertex   2.672412e-02 8.508824e-03 2.164012e-01
      vertex   3.631712e-02 8.974845e-03 2.097884e-01
    endloop
  endfacet
  facet normal 1.651067e-01 8.539804e-01 4.934138e-01
    outer loop
      vertex   1.141240e-02 4.546391e-02 1.969449e-01
      vertex   3.883594e-03 4.499616e-02 2.002738e-01
      vertex   8.940742e-03 4.224088e-02 2.033503e-01
    endloop
  endfacet
  facet normal 1.892515e-01 2.173980e-02 9.816880e-01
    outer loop
      vertex   1.030208e-02 -2.356388e-03 2.223925e-01
      vertex   1.535221e-02 2.526010e-03 2.213108e-01
      vertex   1.093647e-02 6.314173e-03 2.220782e-01
    endloop
  endfacet
  facet normal 6.100327e-01 7.308072e-01 3.062367e-01
    outer loop
      vertex   3.378052e-02 3.516635e-02 1.912228e-01
      vertex   2.853585e-02 4.002523e-02 1.900751e-01
      vertex   3.060158e-02 3.541362e-02 1.969653e-01
    endloop
  endfacet
  facet normal 5.175874e-02 9.069417e-01 4.180644e-01
    outer loop
      vertex   3.883594e-03 4.499616e-02 2.002738e-01
      vertex   5.488513e-03 4.770597e-02 1.941965e-01
      vertex   -1.482769e-03 4.723133e-02 1.960892e-01
    endloop
  endfacet
  facet normal -4.272522e-02 9.576547e-01 2.847316e-01
    outer loop
      vertex   -1.482769e-03 4.723133e-02 1.960892e-01
      vertex   9.206433e-04 4.887120e-02 1.909344e-01
      vertex   -5.829094e-03 4.873918e-02 1.903656e-01
    endloop
  endfacet
  facet normal -1.080276e-01 9.380739e-01 3.291617e-01
    outer loop
      vertex   -1.482769e-03 4.723133e-02 1.960892e-01
      vertex   -5.829094e-03 4.873918e-02 1.903656e-01
      vertex   -7.985705e-03 4.587536e-02 1.978194e-01
    endloop
  endfacet
  facet normal -1.800794e-01 9.531809e-01 2.429354e-01
    outer loop
      vertex   -1.202890e-02 4.686904e-02 1.931076e-01
      vertex   -5.829094e-03 4.873918e-02 1.903656e-01
      vertex   -1.131540e-02 4.826125e-02 1.881740e-01
    endloop
  endfacet
  facet normal -6.732352e-01 4.961021e-01 5.483038e-01
    outer loop
      vertex   -3.950604e-02 2.280883e-02 1.997512e-01
      vertex   -3.692745e-02 2.132007e-02 2.042643e-01
      vertex   -3.274274e-02 2.650419e-02 2.047120e-01
    endloop
  endfacet
  facet normal -2.710175e-01 9.359287e-01 2.249154e-01
    outer loop
      vertex   -1.202890e-02 4.686904e-02 1.931076e-01
      vertex   -1.131540e-02 4.826125e-02 1.881740e-01
      vertex   -1.675379e-02 4.660010e-02 1.885333e-01
    endloop
  endfacet
  facet normal -3.053100e-01 9.156352e-01 2.615303e-01
    outer loop
      vertex   -1.202890e-02 4.686904e-02 1.931076e-01
      vertex   -1.675379e-02 4.660010e-02 1.885333e-01
      vertex   -1.854391e-02 4.451642e-02 1.937387e-01
    endloop
  endfacet
  facet normal -3.731637e-01 8.984648e-01 2.313220e-01
    outer loop
      vertex   -1.854391e-02 4.451642e-02 1.937387e-01
      vertex   -1.675379e-02 4.660010e-02 1.885333e-01
      vertex   -2.185091e-02 4.429477e-02 1.892648e-01
    endloop
  endfacet
  facet normal -4.211454e-01 8.663772e-01 2.683787e-01
    outer loop
      vertex   -1.854391e-02 4.451642e-02 1.937387e-01
      vertex   -2.185091e-02 4.429477e-02 1.892648e-01
      vertex   -2.390810e-02 4.188553e-02 1.938141e-01
    endloop
  endfacet
  facet normal -4.794210e-01 8.746811e-01 7.133416e-02
    outer loop
      vertex   -2.680010e-02 4.162761e-02 1.887064e-01
      vertex   -2.185091e-02 4.429477e-02 1.892648e-01
      vertex   -2.244359e-02 4.450375e-02 1.827191e-01
    endloop
  endfacet
  facet normal -5.116327e-01 8.582721e-01 4.001376e-02
    outer loop
      vertex   -2.680010e-02 4.162761e-02 1.887064e-01
      vertex   -2.244359e-02 4.450375e-02 1.827191e-01
      vertex   -2.968160e-02 4.015312e-02 1.834894e-01
    endloop
  endfacet
  facet normal -5.184115e-01 8.536957e-01 -4.952947e-02
    outer loop
      vertex   -2.968160e-02 4.015312e-02 1.834894e-01
      vertex   -2.244359e-02 4.450375e-02 1.827191e-01
      vertex   -2.707243e-02 4.143316e-02 1.782430e-01
    endloop
  endfacet
  facet normal -6.029504e-01 7.905742e-01 -1.069732e-01
    outer loop
      vertex   -2.968160e-02 4.015312e-02 1.834894e-01
      vertex   -2.707243e-02 4.143316e-02 1.782430e-01
      vertex   -3.211422e-02 3.752885e-02 1.778064e-01
    endloop
  endfacet
  facet normal -6.518357e-01 7.551513e-01 -6.969016e-02
    outer loop
      vertex   -2.968160e-02 4.015312e-02 1.834894e-01
      vertex   -3.211422e-02 3.752885e-02 1.778064e-01
      vertex   -3.512348e-02 3.543016e-02 1.832120e-01
    endloop
  endfacet
  facet normal -7.583933e-01 6.437410e-01 -1.021620e-01
    outer loop
      vertex   -3.512348e-02 3.543016e-02 1.832120e-01
      vertex   -3.800508e-02 3.091275e-02 1.761384e-01
      vertex   -3.992668e-02 2.979361e-02 1.833513e-01
    endloop
  endfacet
  facet normal -7.219968e-01 6.778385e-01 -1.387645e-01
    outer loop
      vertex   -3.211422e-02 3.752885e-02 1.778064e-01
      vertex   -3.800508e-02 3.091275e-02 1.761384e-01
      vertex   -3.512348e-02 3.543016e-02 1.832120e-01
    endloop
  endfacet
  facet normal 7.504556e-01 5.247057e-01 4.018710e-01
    outer loop
      vertex   3.618387e-02 2.965169e-02 1.970206e-01
      vertex   3.950604e-02 2.280883e-02 1.997512e-01
      vertex   4.179981e-02 2.413313e-02 1.937387e-01
    endloop
  endfacet
  facet normal -8.784898e-01 -3.045362e-01 3.681215e-01
    outer loop
      vertex   -4.494361e-02 -1.834632e-02 1.926356e-01
      vertex   -4.318582e-02 -1.609160e-02 1.986957e-01
      vertex   -4.623039e-02 -1.220701e-02 1.946437e-01
    endloop
  endfacet
  facet normal -3.397161e-01 1.261342e-01 9.320317e-01
    outer loop
      vertex   -1.618183e-02 9.342583e-03 2.204769e-01
      vertex   -2.116380e-02 1.221893e-02 2.182718e-01
      vertex   -1.874222e-02 4.697770e-03 2.201723e-01
    endloop
  endfacet
  facet normal -9.046625e-01 3.110339e-01 2.912794e-01
    outer loop
      vertex   -4.597737e-02 1.781126e-02 1.887022e-01
      vertex   -4.696026e-02 1.151912e-02 1.923684e-01
      vertex   -4.378254e-02 1.789824e-02 1.954261e-01
    endloop
  endfacet
  facet normal 5.629748e-01 7.548863e-01 3.364612e-01
    outer loop
      vertex   2.540945e-02 3.911067e-02 1.973582e-01
      vertex   3.060158e-02 3.541362e-02 1.969653e-01
      vertex   2.853585e-02 4.002523e-02 1.900751e-01
    endloop
  endfacet
  facet normal 5.231731e-01 7.884053e-01 3.235847e-01
    outer loop
      vertex   2.853585e-02 4.002523e-02 1.900751e-01
      vertex   2.308661e-02 4.279024e-02 1.921486e-01
      vertex   2.540945e-02 3.911067e-02 1.973582e-01
    endloop
  endfacet
  facet normal 4.433278e-01 8.133225e-01 3.767852e-01
    outer loop
      vertex   2.540945e-02 3.911067e-02 1.973582e-01
      vertex   2.308661e-02 4.279024e-02 1.921486e-01
      vertex   1.856422e-02 4.290885e-02 1.972136e-01
    endloop
  endfacet
  facet normal 2.612533e-01 9.172041e-01 3.008045e-01
    outer loop
      vertex   1.039118e-02 4.782745e-02 1.906251e-01
      vertex   1.141240e-02 4.546391e-02 1.969449e-01
      vertex   1.701937e-02 4.604171e-02 1.903134e-01
    endloop
  endfacet
  facet normal 3.056487e-01 8.908712e-01 3.360465e-01
    outer loop
      vertex   1.856422e-02 4.290885e-02 1.972136e-01
      vertex   1.701937e-02 4.604171e-02 1.903134e-01
      vertex   1.141240e-02 4.546391e-02 1.969449e-01
    endloop
  endfacet
  facet normal 1.174126e-01 -9.477229e-01 2.967078e-01
    outer loop
      vertex   1.000890e-02 -4.702038e-02 1.941662e-01
      vertex   4.802646e-03 -4.717343e-02 1.957375e-01
      vertex   5.392225e-03 -4.886935e-02 1.900872e-01
    endloop
  endfacet
  facet normal -3.351879e-02 9.850240e-01 1.691278e-01
    outer loop
      vertex   9.206433e-04 4.887120e-02 1.909344e-01
      vertex   -1.887203e-03 4.981216e-02 1.848976e-01
      vertex   -5.829094e-03 4.873918e-02 1.903656e-01
    endloop
  endfacet
  facet normal -1.046505e-01 9.874450e-01 1.183240e-01
    outer loop
      vertex   -5.829094e-03 4.873918e-02 1.903656e-01
      vertex   -1.887203e-03 4.981216e-02 1.848976e-01
      vertex   -8.323257e-03 4.923158e-02 1.840505e-01
    endloop
  endfacet
  facet normal -1.378504e-01 9.817526e-01 1.309924e-01
    outer loop
      vertex   -5.829094e-03 4.873918e-02 1.903656e-01
      vertex   -8.323257e-03 4.923158e-02 1.840505e-01
      vertex   -1.131540e-02 4.826125e-02 1.881740e-01
    endloop
  endfacet
  facet normal -2.854119e-01 9.540785e-01 9.096303e-02
    outer loop
      vertex   -1.675379e-02 4.660010e-02 1.885333e-01
      vertex   -1.131540e-02 4.826125e-02 1.881740e-01
      vertex   -1.437293e-02 4.781442e-02 1.832671e-01
    endloop
  endfacet
  facet normal -2.348029e-01 9.703141e-01 5.794958e-02
    outer loop
      vertex   -8.323257e-03 4.923158e-02 1.840505e-01
      vertex   -1.437293e-02 4.781442e-02 1.832671e-01
      vertex   -1.131540e-02 4.826125e-02 1.881740e-01
    endloop
  endfacet
  facet normal -3.815592e-01 9.234596e-01 4.043445e-02
    outer loop
      vertex   -1.675379e-02 4.660010e-02 1.885333e-01
      vertex   -1.437293e-02 4.781442e-02 1.832671e-01
      vertex   -2.244359e-02 4.450375e-02 1.827191e-01
    endloop
  endfacet
  facet normal -4.033657e-01 9.126800e-01 6.566092e-02
    outer loop
      vertex   -1.675379e-02 4.660010e-02 1.885333e-01
      vertex   -2.244359e-02 4.450375e-02 1.827191e-01
      vertex   -2.185091e-02 4.429477e-02 1.892648e-01
    endloop
  endfacet
  facet normal -5.298649e-02 -1.334297e-01 -9.896408e-01
    outer loop
      vertex   -1.587544e-02 -3.565682e-02 1.490000e-01
      vertex   -1.920151e-02 -4.076970e-02 1.498674e-01
      vertex   -2.179123e-02 -3.742795e-02 1.495555e-01
    endloop
  endfacet
  facet normal -5.772635e-01 7.744002e-01 -2.589810e-01
    outer loop
      vertex   -2.707243e-02 4.143316e-02 1.782430e-01
      vertex   -2.750520e-02 3.896467e-02 1.718264e-01
      vertex   -3.211422e-02 3.752885e-02 1.778064e-01
    endloop
  endfacet
  facet normal 5.624606e-15 -3.811876e-15 -1.000000e+00
    outer loop
      vertex   2.349231e-02 8.550504e-03 4.244644e-18
      vertex   4.341204e-03 -2.462019e-02 2.296978e-17
      vertex   2.165064e-02 1.250000e-02 -2.116906e-17
    endloop
  endfacet
  facet normal 5.408937e-16 -1.441302e-15 -1.000000e+00
    outer loop
      vertex   2.165064e-02 1.250000e-02 -2.116906e-17
      vertex   4.341204e-03 -2.462019e-02 2.296978e-17
      vertex   -3.774758e-17 -2.500000e-02 2.116906e-17
    endloop
  endfacet
  facet normal -4.594829e-15 1.523809e-15 -1.000000e+00
    outer loop
      vertex   2.165064e-02 1.250000e-02 -2.116906e-17
      vertex   -3.774758e-17 -2.500000e-02 2.116906e-17
      vertex   1.915111e-02 1.606969e-02 -4.244644e-18
    endloop
  endfacet
  facet normal 4.888786e-16 -8.467625e-16 -1.000000e+00
    outer loop
      vertex   1.915111e-02 1.606969e-02 -4.244644e-18
      vertex   -3.774758e-17 -2.500000e-02 2.116906e-17
      vertex   -4.341204e-03 -2.462019e-02 1.872514e-17
    endloop
  endfacet
  facet normal 4.888786e-16 -8.467625e-16 -1.000000e+00
    outer loop
      vertex   1.915111e-02 1.606969e-02 -4.244644e-18
      vertex   -4.341204e-03 -2.462019e-02 1.872514e-17
      vertex   1.606969e-02 1.915111e-02 -8.360316e-18
    endloop
  endfacet
  facet normal 4.888783e-16 -8.467624e-16 -1.000000e+00
    outer loop
      vertex   1.606969e-02 1.915111e-02 -8.360316e-18
      vertex   -4.341204e-03 -2.462019e-02 1.872514e-17
      vertex   -8.550504e-03 -2.349231e-02 1.571225e-17
    endloop
  endfacet
  facet normal 4.888784e-16 -8.467624e-16 -1.000000e+00
    outer loop
      vertex   1.606969e-02 1.915111e-02 -8.360316e-18
      vertex   -8.550504e-03 -2.349231e-02 1.571225e-17
      vertex   1.250000e-02 2.165064e-02 -1.222196e-17
    endloop
  endfacet
  facet normal 4.888787e-16 -8.467626e-16 -1.000000e+00
    outer loop
      vertex   1.250000e-02 2.165064e-02 -1.222196e-17
      vertex   -8.550504e-03 -2.349231e-02 1.571225e-17
      vertex   -1.250000e-02 -2.165064e-02 1.222196e-17
    endloop
  endfacet
  facet normal 4.888787e-16 -8.467626e-16 -1.000000e+00
    outer loop
      vertex   1.250000e-02 2.165064e-02 -1.222196e-17
      vertex   -1.250000e-02 -2.165064e-02 1.222196e-17
      vertex   8.550504e-03 2.349231e-02 -1.571225e-17
    endloop
  endfacet
  facet normal 4.888784e-16 -8.467624e-16 -1.000000e+00
    outer loop
      vertex   8.550504e-03 2.349231e-02 -1.571225e-17
      vertex   -1.250000e-02 -2.165064e-02 1.222196e-17
      vertex   -1.606969e-02 -1.915111e-02 8.360316e-18
    endloop
  endfacet
  facet normal 4.888783e-16 -8.467624e-16 -1.000000e+00
    outer loop
      vertex   8.550504e-03 2.349231e-02 -1.571225e-17
      vertex   -1.606969e-02 -1.915111e-02 8.360316e-18
      vertex   4.341204e-03 2.462019e-02 -1.872514e-17
    endloop
  endfacet
  facet normal 4.888786e-16 -8.467625e-16 -1.000000e+00
    outer loop
      vertex   4.341204e-03 2.462019e-02 -1.872514e-17
      vertex   -1.606969e-02 -1.915111e-02 8.360316e-18
      vertex   -1.915111e-02 -1.606969e-02 4.244644e-18
    endloop
  endfacet
  facet normal 4.888786e-16 -8.467625e-16 -1.000000e+00
    outer loop
      vertex   4.341204e-03 2.462019e-02 -1.872514e-17
      vertex   -1.915111e-02 -1.606969e-02 4.244644e-18
      vertex   -7.327472e-17 2.500000e-02 -2.116906e-17
    endloop
  endfacet
  facet normal 4.888784e-16 -8.467624e-16 -1.000000e+00
    outer loop
      vertex   -7.327472e-17 2.500000e-02 -2.116906e-17
      vertex   -1.915111e-02 -1.606969e-02 4.244644e-18
      vertex   -2.165064e-02 -1.250000e-02 -3.944305e-32
    endloop
  endfacet
  facet normal 4.888784e-16 -8.467624e-16 -1.000000e+00
    outer loop
      vertex   -7.327472e-17 2.500000e-02 -2.116906e-17
      vertex   -2.165064e-02 -1.250000e-02 -3.944305e-32
      vertex   -4.341204e-03 2.462019e-02 -2.296978e-17
    endloop
  endfacet
  facet normal 4.888789e-16 -8.467626e-16 -1.000000e+00
    outer loop
      vertex   -4.341204e-03 2.462019e-02 -2.296978e-17
      vertex   -2.165064e-02 -1.250000e-02 -3.944305e-32
      vertex   -2.349231e-02 -8.550504e-03 -4.244644e-18
    endloop
  endfacet
  facet normal 4.888792e-16 -8.467628e-16 -1.000000e+00
    outer loop
      vertex   -4.341204e-03 2.462019e-02 -2.296978e-17
      vertex   -2.349231e-02 -8.550504e-03 -4.244644e-18
      vertex   -8.550504e-03 2.349231e-02 -2.407257e-17
    endloop
  endfacet
  facet normal 4.888783e-16 -8.467624e-16 -1.000000e+00
    outer loop
      vertex   -8.550504e-03 2.349231e-02 -2.407257e-17
      vertex   -2.349231e-02 -8.550504e-03 -4.244644e-18
      vertex   -2.462019e-02 -4.341204e-03 -8.360316e-18
    endloop
  endfacet
  facet normal 4.888781e-16 -8.467623e-16 -1.000000e+00
    outer loop
      vertex   -8.550504e-03 2.349231e-02 -2.407257e-17
      vertex   -2.462019e-02 -4.341204e-03 -8.360316e-18
      vertex   -1.250000e-02 2.165064e-02 -2.444393e-17
    endloop
  endfacet
  facet normal 4.888788e-16 -8.467626e-16 -1.000000e+00
    outer loop
      vertex   -1.250000e-02 2.165064e-02 -2.444393e-17
      vertex   -2.462019e-02 -4.341204e-03 -8.360316e-18
      vertex   -2.500000e-02 8.881784e-18 -1.222196e-17
    endloop
  endfacet
  facet normal 4.888791e-16 -8.467628e-16 -1.000000e+00
    outer loop
      vertex   -1.250000e-02 2.165064e-02 -2.444393e-17
      vertex   -2.500000e-02 8.881784e-18 -1.222196e-17
      vertex   -1.606969e-02 1.915111e-02 -2.407257e-17
    endloop
  endfacet
  facet normal 4.888778e-16 -8.467622e-16 -1.000000e+00
    outer loop
      vertex   -1.606969e-02 1.915111e-02 -2.407257e-17
      vertex   -2.500000e-02 8.881784e-18 -1.222196e-17
      vertex   -2.462019e-02 4.341204e-03 -1.571225e-17
    endloop
  endfacet
  facet normal 4.888777e-16 -8.467622e-16 -1.000000e+00
    outer loop
      vertex   -1.606969e-02 1.915111e-02 -2.407257e-17
      vertex   -2.462019e-02 4.341204e-03 -1.571225e-17
      vertex   -1.915111e-02 1.606969e-02 -2.296978e-17
    endloop
  endfacet
  facet normal 4.888791e-16 -8.467628e-16 -1.000000e+00
    outer loop
      vertex   -1.915111e-02 1.606969e-02 -2.296978e-17
      vertex   -2.462019e-02 4.341204e-03 -1.571225e-17
      vertex   -2.349231e-02 8.550504e-03 -1.872514e-17
    endloop
  endfacet
  facet normal 4.888769e-16 -8.467615e-16 -1.000000e+00
    outer loop
      vertex   -1.915111e-02 1.606969e-02 -2.296978e-17
      vertex   -2.349231e-02 8.550504e-03 -1.872514e-17
      vertex   -2.165064e-02 1.250000e-02 -2.116906e-17
    endloop
  endfacet
  facet normal 4.888792e-16 -8.467628e-16 -1.000000e+00
    outer loop
      vertex   4.341204e-03 -2.462019e-02 2.296978e-17
      vertex   2.349231e-02 8.550504e-03 4.244644e-18
      vertex   8.550504e-03 -2.349231e-02 2.407257e-17
    endloop
  endfacet
  facet normal 4.888783e-16 -8.467624e-16 -1.000000e+00
    outer loop
      vertex   8.550504e-03 -2.349231e-02 2.407257e-17
      vertex   2.349231e-02 8.550504e-03 4.244644e-18
      vertex   2.462019e-02 4.341204e-03 8.360316e-18
    endloop
  endfacet
  facet normal 4.888781e-16 -8.467623e-16 -1.000000e+00
    outer loop
      vertex   8.550504e-03 -2.349231e-02 2.407257e-17
      vertex   2.462019e-02 4.341204e-03 8.360316e-18
      vertex   1.250000e-02 -2.165064e-02 2.444393e-17
    endloop
  endfacet
  facet normal 4.888788e-16 -8.467626e-16 -1.000000e+00
    outer loop
      vertex   1.250000e-02 -2.165064e-02 2.444393e-17
      vertex   2.462019e-02 4.341204e-03 8.360316e-18
      vertex   2.500000e-02 4.662937e-17 1.222196e-17
    endloop
  endfacet
  facet normal 4.888791e-16 -8.467628e-16 -1.000000e+00
    outer loop
      vertex   1.250000e-02 -2.165064e-02 2.444393e-17
      vertex   2.500000e-02 4.662937e-17 1.222196e-17
      vertex   1.606969e-02 -1.915111e-02 2.407257e-17
    endloop
  endfacet
  facet normal 4.888778e-16 -8.467622e-16 -1.000000e+00
    outer loop
      vertex   1.606969e-02 -1.915111e-02 2.407257e-17
      vertex   2.500000e-02 4.662937e-17 1.222196e-17
      vertex   2.462019e-02 -4.341204e-03 1.571225e-17
    endloop
  endfacet
  facet normal 4.888777e-16 -8.467622e-16 -1.000000e+00
    outer loop
      vertex   1.606969e-02 -1.915111e-02 2.407257e-17
      vertex   2.462019e-02 -4.341204e-03 1.571225e-17
      vertex   1.915111e-02 -1.606969e-02 2.296978e-17
    endloop
  endfacet
  facet normal 4.888791e-16 -8.467628e-16 -1.000000e+00
    outer loop
      vertex   1.915111e-02 -1.606969e-02 2.296978e-17
      vertex   2.462019e-02 -4.341204e-03 1.571225e-17
      vertex   2.349231e-02 -8.550504e-03 1.872514e-17
    endloop
  endfacet
  facet normal 4.888769e-16 -8.467615e-16 -1.000000e+00
    outer loop
      vertex   1.915111e-02 -1.606969e-02 2.296978e-17
      vertex   2.349231e-02 -8.550504e-03 1.872514e-17
      vertex   2.165064e-02 -1.250000e-02 2.116906e-17
    endloop
  endfacet
  facet normal -6.100661e-01 7.359933e-01 -2.934846e-01
    outer loop
      vertex   -3.211422e-02 3.752885e-02 1.778064e-01
      vertex   -2.750520e-02 3.896467e-02 1.718264e-01
      vertex   -3.235551e-02 3.466080e-02 1.711156e-01
    endloop
  endfacet
  facet normal -6.857643e-01 6.775849e-01 -2.657179e-01
    outer loop
      vertex   -3.211422e-02 3.752885e-02 1.778064e-01
      vertex   -3.235551e-02 3.466080e-02 1.711156e-01
      vertex   -3.800508e-02 3.091275e-02 1.761384e-01
    endloop
  endfacet
  facet normal -8.462164e-01 5.325350e-01 -1.800699e-02
    outer loop
      vertex   -4.296392e-02 2.480524e-02 1.785580e-01
      vertex   -4.308311e-02 2.487405e-02 1.861942e-01
      vertex   -3.992668e-02 2.979361e-02 1.833513e-01
    endloop
  endfacet
  facet normal 8.485673e-01 5.287808e-01 -1.800985e-02
    outer loop
      vertex   4.022070e-02 2.928018e-02 1.806934e-01
      vertex   4.308311e-02 2.487405e-02 1.861942e-01
      vertex   4.296392e-02 2.480524e-02 1.785580e-01
    endloop
  endfacet
  facet normal -8.831641e-01 -1.968401e-01 -4.257643e-01
    outer loop
      vertex   -4.482190e-02 -1.394419e-02 1.700513e-01
      vertex   -4.703307e-02 -7.107227e-03 1.714771e-01
      vertex   -4.301864e-02 -1.152681e-02 1.651932e-01
    endloop
  endfacet
  facet normal 7.802619e-01 -6.106312e-01 1.353552e-01
    outer loop
      vertex   3.680904e-02 -3.336186e-02 1.858596e-01
      vertex   4.134593e-02 -2.736271e-02 1.867706e-01
      vertex   3.844197e-02 -3.000434e-02 1.915934e-01
    endloop
  endfacet
  facet normal 5.054449e-01 8.087081e-01 -3.008599e-01
    outer loop
      vertex   2.324422e-02 4.057161e-02 1.699634e-01
      vertex   2.364608e-02 4.328455e-02 1.779309e-01
      vertex   3.019809e-02 3.856119e-02 1.762419e-01
    endloop
  endfacet
  facet normal 4.739100e-01 8.794879e-01 -4.370700e-02
    outer loop
      vertex   2.782181e-02 4.128622e-02 1.829966e-01
      vertex   2.364608e-02 4.328455e-02 1.779309e-01
      vertex   2.326490e-02 4.391484e-02 1.864806e-01
    endloop
  endfacet
  facet normal 4.754031e-01 8.786880e-01 -4.358145e-02
    outer loop
      vertex   2.326490e-02 4.391484e-02 1.864806e-01
      vertex   2.364608e-02 4.328455e-02 1.779309e-01
      vertex   1.836504e-02 4.634252e-02 1.819778e-01
    endloop
  endfacet
  facet normal -6.110470e-04 -7.820176e-01 6.232561e-01
    outer loop
      vertex   -1.289843e-16 -4.480107e-02 1.417604e-01
      vertex   -5.703170e-17 -3.903125e-02 1.490000e-01
      vertex   -4.172855e-03 -4.220243e-02 1.450169e-01
    endloop
  endfacet
  facet normal 3.127098e-01 9.460716e-01 8.462324e-02
    outer loop
      vertex   1.701937e-02 4.604171e-02 1.903134e-01
      vertex   1.836504e-02 4.634252e-02 1.819778e-01
      vertex   1.242576e-02 4.815214e-02 1.836940e-01
    endloop
  endfacet
  facet normal 2.635434e-01 9.568777e-01 1.221881e-01
    outer loop
      vertex   1.701937e-02 4.604171e-02 1.903134e-01
      vertex   1.242576e-02 4.815214e-02 1.836940e-01
      vertex   1.039118e-02 4.782745e-02 1.906251e-01
    endloop
  endfacet
  facet normal 2.054213e-01 9.270944e-01 3.135252e-01
    outer loop
      vertex   5.488513e-03 4.770597e-02 1.941965e-01
      vertex   1.141240e-02 4.546391e-02 1.969449e-01
      vertex   1.039118e-02 4.782745e-02 1.906251e-01
    endloop
  endfacet
  facet normal -1.875983e-02 7.850423e-01 6.191580e-01
    outer loop
      vertex   -1.050389e-03 4.463128e-02 1.418297e-01
      vertex   -2.722682e-03 3.893617e-02 1.490000e-01
      vertex   3.849888e-03 4.193641e-02 1.453951e-01
    endloop
  endfacet
  facet normal 3.943699e-02 -8.893529e-01 -4.555175e-01
    outer loop
      vertex   1.726306e-09 -4.755755e-02 1.710921e-01
      vertex   -3.635048e-17 -4.453618e-02 1.651932e-01
      vertex   5.397544e-03 -4.655994e-02 1.696117e-01
    endloop
  endfacet
  facet normal 2.091669e-01 9.720155e-01 1.069353e-01
    outer loop
      vertex   1.242576e-02 4.815214e-02 1.836940e-01
      vertex   5.390143e-03 4.942189e-02 1.859141e-01
      vertex   1.039118e-02 4.782745e-02 1.906251e-01
    endloop
  endfacet
  facet normal 1.215879e-01 9.722268e-01 1.999785e-01
    outer loop
      vertex   1.039118e-02 4.782745e-02 1.906251e-01
      vertex   5.390143e-03 4.942189e-02 1.859141e-01
      vertex   5.488513e-03 4.770597e-02 1.941965e-01
    endloop
  endfacet
  facet normal 8.576822e-02 -1.555020e-02 -9.961938e-01
    outer loop
      vertex   3.508105e-02 -1.711017e-02 1.490000e-01
      vertex   3.987388e-02 -1.693926e-02 1.494100e-01
      vertex   3.771909e-02 -2.068503e-02 1.492829e-01
    endloop
  endfacet
  facet normal 5.203753e-01 4.093508e-01 7.494274e-01
    outer loop
      vertex   3.001885e-02 1.733139e-02 2.122027e-01
      vertex   3.374780e-02 1.948430e-02 2.084375e-01
      vertex   2.569682e-02 2.386980e-02 2.116323e-01
    endloop
  endfacet
  facet normal 8.992231e-01 1.461576e-01 -4.123538e-01
    outer loop
      vertex   4.813934e-02 4.984233e-03 1.735877e-01
      vertex   4.415516e-02 5.813138e-03 1.651932e-01
      vertex   4.686922e-02 1.072839e-02 1.728539e-01
    endloop
  endfacet
  facet normal 3.967889e-01 8.931841e-01 -2.116147e-01
    outer loop
      vertex   1.385343e-02 4.720912e-02 1.771760e-01
      vertex   1.836504e-02 4.634252e-02 1.819778e-01
      vertex   1.848670e-02 4.423879e-02 1.733265e-01
    endloop
  endfacet
  facet normal 5.738818e-01 5.167251e-01 6.353384e-01
    outer loop
      vertex   2.939095e-02 3.150784e-02 1.441522e-01
      vertex   2.711338e-02 2.807673e-02 1.490000e-01
      vertex   3.075704e-02 2.403003e-02 1.490000e-01
    endloop
  endfacet
  facet normal -9.485410e-01 -2.493939e-01 -1.951221e-01
    outer loop
      vertex   -4.894029e-02 -7.838107e-03 1.195959e-01
      vertex   -4.644575e-02 -1.288141e-02 1.139153e-01
      vertex   -4.795229e-02 -1.345997e-02 1.219785e-01
    endloop
  endfacet
  facet normal 1.723322e-01 9.848894e-01 -1.715916e-02
    outer loop
      vertex   5.390143e-03 4.942189e-02 1.859141e-01
      vertex   1.242576e-02 4.815214e-02 1.836940e-01
      vertex   7.968746e-03 4.884309e-02 1.785899e-01
    endloop
  endfacet
  facet normal 3.372268e-02 9.897751e-01 1.385929e-01
    outer loop
      vertex   9.206433e-04 4.887120e-02 1.909344e-01
      vertex   5.390143e-03 4.942189e-02 1.859141e-01
      vertex   -1.887203e-03 4.981216e-02 1.848976e-01
    endloop
  endfacet
  facet normal -7.364154e-01 5.073124e-01 -4.475784e-01
    outer loop
      vertex   -4.139699e-02 2.389747e-02 1.716922e-01
      vertex   -3.677649e-02 2.883419e-02 1.696856e-01
      vertex   -3.856946e-02 2.226809e-02 1.651932e-01
    endloop
  endfacet
  facet normal 2.474549e-01 9.651255e-01 -8.543363e-02
    outer loop
      vertex   1.385343e-02 4.720912e-02 1.771760e-01
      vertex   7.968746e-03 4.884309e-02 1.785899e-01
      vertex   1.242576e-02 4.815214e-02 1.836940e-01
    endloop
  endfacet
  facet normal -6.608183e-01 -6.199635e-01 4.230418e-01
    outer loop
      vertex   -3.149279e-02 -3.188619e-02 2.008982e-01
      vertex   -3.765155e-02 -2.903808e-02 1.954517e-01
      vertex   -3.263488e-02 -3.520963e-02 1.942437e-01
    endloop
  endfacet
  facet normal 7.479405e-01 2.430207e-01 6.176779e-01
    outer loop
      vertex   3.618914e-02 1.462136e-02 1.490000e-01
      vertex   3.787185e-02 9.442513e-03 1.490000e-01
      vertex   4.194294e-02 1.582435e-02 1.415595e-01
    endloop
  endfacet
  facet normal 5.042181e-01 7.546161e-01 -4.199031e-01
    outer loop
      vertex   2.226809e-02 3.856946e-02 1.651932e-01
      vertex   2.324422e-02 4.057161e-02 1.699634e-01
      vertex   2.711191e-02 3.533293e-02 1.651932e-01
    endloop
  endfacet
  facet normal 1.761931e-01 9.456394e-01 -2.733533e-01
    outer loop
      vertex   4.373527e-03 4.774519e-02 1.724745e-01
      vertex   7.968746e-03 4.884309e-02 1.785899e-01
      vertex   1.031783e-02 4.628621e-02 1.712588e-01
    endloop
  endfacet
  facet normal 1.981716e-01 9.435054e-01 -2.655666e-01
    outer loop
      vertex   1.385343e-02 4.720912e-02 1.771760e-01
      vertex   1.031783e-02 4.628621e-02 1.712588e-01
      vertex   7.968746e-03 4.884309e-02 1.785899e-01
    endloop
  endfacet
  facet normal 9.989717e-02 9.674720e-01 -2.324188e-01
    outer loop
      vertex   7.968746e-03 4.884309e-02 1.785899e-01
      vertex   4.373527e-03 4.774519e-02 1.724745e-01
      vertex   1.480100e-03 4.960764e-02 1.789836e-01
    endloop
  endfacet
  facet normal 1.146565e-01 9.926751e-01 -3.808014e-02
    outer loop
      vertex   7.968746e-03 4.884309e-02 1.785899e-01
      vertex   1.480100e-03 4.960764e-02 1.789836e-01
      vertex   5.390143e-03 4.942189e-02 1.859141e-01
    endloop
  endfacet
  facet normal 5.407304e-02 9.985300e-01 -3.743477e-03
    outer loop
      vertex   5.390143e-03 4.942189e-02 1.859141e-01
      vertex   1.480100e-03 4.960764e-02 1.789836e-01
      vertex   -1.887203e-03 4.981216e-02 1.848976e-01
    endloop
  endfacet
  facet normal -3.889234e-02 9.976366e-01 -5.664436e-02
    outer loop
      vertex   -1.887203e-03 4.981216e-02 1.848976e-01
      vertex   1.480100e-03 4.960764e-02 1.789836e-01
      vertex   -5.177928e-03 4.933142e-02 1.786901e-01
    endloop
  endfacet
  facet normal -8.565731e-02 9.958198e-01 -3.171275e-02
    outer loop
      vertex   -1.887203e-03 4.981216e-02 1.848976e-01
      vertex   -5.177928e-03 4.933142e-02 1.786901e-01
      vertex   -8.323257e-03 4.923158e-02 1.840505e-01
    endloop
  endfacet
  facet normal 8.779042e-01 4.384853e-01 1.923926e-01
    outer loop
      vertex   4.179981e-02 2.413313e-02 1.937387e-01
      vertex   4.470449e-02 1.885799e-02 1.925070e-01
      vertex   4.308311e-02 2.487405e-02 1.861942e-01
    endloop
  endfacet
  facet normal -3.189183e-01 3.595797e-01 -8.769228e-01
    outer loop
      vertex   -1.830939e-02 4.285495e-02 1.505256e-01
      vertex   -1.909957e-02 3.896894e-02 1.492195e-01
      vertex   -2.254878e-02 4.203046e-02 1.517293e-01
    endloop
  endfacet
  facet normal -6.617422e-01 -4.820515e-01 -5.742157e-01
    outer loop
      vertex   -4.092924e-02 -2.745497e-02 1.539482e-01
      vertex   -3.803155e-02 -2.849415e-02 1.514812e-01
      vertex   -3.825778e-02 -3.115549e-02 1.539761e-01
    endloop
  endfacet
  facet normal -2.963659e-02 9.701347e-01 -2.407497e-01
    outer loop
      vertex   1.480100e-03 4.960764e-02 1.789836e-01
      vertex   -2.302858e-03 4.783135e-02 1.722914e-01
      vertex   -5.177928e-03 4.933142e-02 1.786901e-01
    endloop
  endfacet
  facet normal -1.074948e-01 7.648643e-01 6.351595e-01
    outer loop
      vertex   -7.198623e-03 4.284194e-02 1.435391e-01
      vertex   -8.115053e-03 3.817832e-02 1.490000e-01
      vertex   -2.722682e-03 3.893617e-02 1.490000e-01
    endloop
  endfacet
  facet normal 5.120401e-01 -6.053460e-01 6.094023e-01
    outer loop
      vertex   2.956372e-02 -3.344529e-02 1.417180e-01
      vertex   2.508880e-02 -2.989967e-02 1.490000e-01
      vertex   2.480760e-02 -3.589521e-02 1.432806e-01
    endloop
  endfacet
  facet normal -3.133966e-01 9.425602e-01 -1.155974e-01
    outer loop
      vertex   -1.076353e-02 4.849266e-02 1.790119e-01
      vertex   -1.632006e-02 4.636429e-02 1.767219e-01
      vertex   -1.437293e-02 4.781442e-02 1.832671e-01
    endloop
  endfacet
  facet normal -3.723899e-01 9.233255e-01 -9.378606e-02
    outer loop
      vertex   -1.437293e-02 4.781442e-02 1.832671e-01
      vertex   -1.632006e-02 4.636429e-02 1.767219e-01
      vertex   -2.244359e-02 4.450375e-02 1.827191e-01
    endloop
  endfacet
  facet normal -4.524005e-01 5.342171e-02 8.902134e-01
    outer loop
      vertex   -2.540867e-02 6.991042e-03 2.172470e-01
      vertex   -2.861763e-02 -2.294789e-04 2.160496e-01
      vertex   -2.336408e-02 8.582981e-04 2.186541e-01
    endloop
  endfacet
  facet normal -7.856664e-02 -8.951142e-01 -4.388598e-01
    outer loop
      vertex   -8.658708e-03 -4.617719e-02 1.698268e-01
      vertex   -5.813138e-03 -4.415516e-02 1.651932e-01
      vertex   1.726306e-09 -4.755755e-02 1.710921e-01
    endloop
  endfacet
  facet normal -5.823745e-02 -8.885347e-01 -4.550984e-01
    outer loop
      vertex   -3.635048e-17 -4.453618e-02 1.651932e-01
      vertex   1.726306e-09 -4.755755e-02 1.710921e-01
      vertex   -5.813138e-03 -4.415516e-02 1.651932e-01
    endloop
  endfacet
  facet normal -3.935034e-01 -7.979453e-01 -4.565505e-01
    outer loop
      vertex   -2.226809e-02 -3.856946e-02 1.651932e-01
      vertex   -1.704326e-02 -4.114606e-02 1.651932e-01
      vertex   -2.090016e-02 -4.227045e-02 1.704826e-01
    endloop
  endfacet
  facet normal -7.099218e-01 -5.648598e-01 -4.206476e-01
    outer loop
      vertex   -3.450384e-02 -3.242895e-02 1.709338e-01
      vertex   -3.960250e-02 -2.654721e-02 1.716406e-01
      vertex   -3.533293e-02 -2.711191e-02 1.651932e-01
    endloop
  endfacet
  facet normal -8.343071e-01 3.629359e-01 -4.149808e-01
    outer loop
      vertex   -4.114606e-02 1.704326e-02 1.651932e-01
      vertex   -4.497661e-02 1.469797e-02 1.708432e-01
      vertex   -4.139699e-02 2.389747e-02 1.716922e-01
    endloop
  endfacet
  facet normal -8.440502e-01 2.865159e-01 -4.533077e-01
    outer loop
      vertex   -4.114606e-02 1.704326e-02 1.651932e-01
      vertex   -4.301864e-02 1.152681e-02 1.651932e-01
      vertex   -4.497661e-02 1.469797e-02 1.708432e-01
    endloop
  endfacet
  facet normal -1.273922e-01 -6.903616e-01 7.121601e-01
    outer loop
      vertex   -1.281436e-02 -4.713386e-02 1.015986e-01
      vertex   -1.152681e-02 -4.301864e-02 1.058182e-01
      vertex   -1.611290e-02 -4.507890e-02 1.030006e-01
    endloop
  endfacet
  facet normal 5.267370e-01 5.833895e-01 6.182272e-01
    outer loop
      vertex   2.586589e-02 2.969377e-02 2.079469e-01
      vertex   3.094074e-02 3.064597e-02 2.027245e-01
      vertex   2.598383e-02 3.474288e-02 2.030818e-01
    endloop
  endfacet
  facet normal -5.106076e-01 1.082052e-01 8.529780e-01
    outer loop
      vertex   -2.540867e-02 6.991042e-03 2.172470e-01
      vertex   -3.055298e-02 1.140984e-02 2.136070e-01
      vertex   -3.325561e-02 5.861940e-03 2.126929e-01
    endloop
  endfacet
  facet normal -5.088002e-02 -9.663104e-01 -2.523004e-01
    outer loop
      vertex   -2.398019e-09 -4.950943e-02 1.785678e-01
      vertex   -7.403863e-03 -4.850530e-02 1.762151e-01
      vertex   1.726306e-09 -4.755755e-02 1.710921e-01
    endloop
  endfacet
  facet normal -8.637413e-01 2.481543e-01 -4.386004e-01
    outer loop
      vertex   -4.497661e-02 1.469797e-02 1.708432e-01
      vertex   -4.301864e-02 1.152681e-02 1.651932e-01
      vertex   -4.610761e-02 8.710130e-03 1.696827e-01
    endloop
  endfacet
  facet normal 4.796989e-01 8.576524e-01 1.852604e-01
    outer loop
      vertex   2.326490e-02 4.391484e-02 1.864806e-01
      vertex   2.308661e-02 4.279024e-02 1.921486e-01
      vertex   2.570225e-02 4.228784e-02 1.877017e-01
    endloop
  endfacet
  facet normal 2.899748e-01 -6.801014e-01 6.733325e-01
    outer loop
      vertex   1.841103e-02 -3.373597e-02 2.088523e-01
      vertex   1.139289e-02 -3.715784e-02 2.084184e-01
      vertex   1.637066e-02 -3.977500e-02 2.036312e-01
    endloop
  endfacet
  facet normal -8.584996e-01 1.707665e-01 -4.835465e-01
    outer loop
      vertex   -4.301864e-02 1.152681e-02 1.651932e-01
      vertex   -4.415516e-02 5.813138e-03 1.651932e-01
      vertex   -4.610761e-02 8.710130e-03 1.696827e-01
    endloop
  endfacet
  facet normal -8.976537e-01 5.883514e-02 -4.367565e-01
    outer loop
      vertex   -4.453618e-02 9.992007e-17 1.651932e-01
      vertex   -4.759010e-02 1.900935e-03 1.717259e-01
      vertex   -4.415516e-02 5.813138e-03 1.651932e-01
    endloop
  endfacet
  facet normal -5.505883e-01 3.619314e-01 7.522355e-01
    outer loop
      vertex   -3.374780e-02 1.948430e-02 2.084375e-01
      vertex   -3.001885e-02 1.733139e-02 2.122027e-01
      vertex   -2.979968e-02 2.282535e-02 2.097197e-01
    endloop
  endfacet
  facet normal -4.939711e-01 3.743695e-01 7.847547e-01
    outer loop
      vertex   -2.979968e-02 2.282535e-02 2.097197e-01
      vertex   -3.001885e-02 1.733139e-02 2.122027e-01
      vertex   -2.501778e-02 2.146605e-02 2.133782e-01
    endloop
  endfacet
  facet normal -5.375485e-03 5.505583e-01 8.347794e-01
    outer loop
      vertex   1.679211e-03 2.815712e-02 2.162377e-01
      vertex   1.228973e-03 3.609717e-02 2.109982e-01
      vertex   -5.348035e-03 3.379139e-02 2.124765e-01
    endloop
  endfacet
  facet normal -2.888958e-01 5.227343e-01 8.020524e-01
    outer loop
      vertex   -1.882616e-02 2.639457e-02 2.137750e-01
      vertex   -1.228816e-02 3.093483e-02 2.131709e-01
      vertex   -1.847830e-02 3.226050e-02 2.100772e-01
    endloop
  endfacet
  facet normal -6.938271e-01 -1.484887e-01 7.046666e-01
    outer loop
      vertex   -3.581556e-02 -1.014580e-02 2.099524e-01
      vertex   -3.852761e-02 -4.055650e-03 2.085654e-01
      vertex   -4.037294e-02 -8.358887e-03 2.058416e-01
    endloop
  endfacet
  facet normal -2.540039e-01 4.776745e-01 8.410167e-01
    outer loop
      vertex   -1.228816e-02 3.093483e-02 2.131709e-01
      vertex   -1.882616e-02 2.639457e-02 2.137750e-01
      vertex   -1.202496e-02 2.512891e-02 2.165480e-01
    endloop
  endfacet
  facet normal -1.723661e-01 4.894185e-01 8.548447e-01
    outer loop
      vertex   -1.228816e-02 3.093483e-02 2.131709e-01
      vertex   -1.202496e-02 2.512891e-02 2.165480e-01
      vertex   -6.406312e-03 2.891305e-02 2.155144e-01
    endloop
  endfacet
  facet normal 6.307267e-01 6.155961e-01 4.724672e-01
    outer loop
      vertex   3.094074e-02 3.064597e-02 2.027245e-01
      vertex   3.618387e-02 2.965169e-02 1.970206e-01
      vertex   3.060158e-02 3.541362e-02 1.969653e-01
    endloop
  endfacet
  facet normal 6.259515e-01 -3.015621e-01 7.191975e-01
    outer loop
      vertex   3.639248e-02 -1.206812e-02 2.089769e-01
      vertex   3.088543e-02 -1.754487e-02 2.114735e-01
      vertex   3.489738e-02 -2.059923e-02 2.067010e-01
    endloop
  endfacet
  facet normal -2.590741e-02 5.324739e-01 8.460498e-01
    outer loop
      vertex   1.679211e-03 2.815712e-02 2.162377e-01
      vertex   -5.348035e-03 3.379139e-02 2.124765e-01
      vertex   -6.406312e-03 2.891305e-02 2.155144e-01
    endloop
  endfacet
  facet normal -4.665568e-03 4.189909e-01 9.079784e-01
    outer loop
      vertex   -4.899231e-03 2.358659e-02 2.183130e-01
      vertex   1.128416e-03 1.994565e-02 2.200241e-01
      vertex   1.679211e-03 2.815712e-02 2.162377e-01
    endloop
  endfacet
  facet normal 4.121665e-01 8.854882e-02 9.067954e-01
    outer loop
      vertex   2.133371e-02 3.536871e-03 2.193368e-01
      vertex   2.677498e-02 2.001979e-03 2.170135e-01
      vertex   2.672412e-02 8.508824e-03 2.164012e-01
    endloop
  endfacet
  facet normal 7.143062e-01 6.856305e-01 1.402767e-01
    outer loop
      vertex   3.302409e-02 3.741441e-02 1.840869e-01
      vertex   3.378052e-02 3.516635e-02 1.912228e-01
      vertex   3.866861e-02 3.114191e-02 1.860024e-01
    endloop
  endfacet
  facet normal -2.476850e-01 7.139843e-01 6.548882e-01
    outer loop
      vertex   -1.189996e-02 3.622968e-02 2.091201e-01
      vertex   -1.028071e-02 4.154278e-02 2.039400e-01
      vertex   -1.754310e-02 3.835531e-02 2.046684e-01
    endloop
  endfacet
  facet normal 3.117590e-01 -8.327659e-01 4.575011e-01
    outer loop
      vertex   2.011764e-02 -4.123808e-02 1.397673e-01
      vertex   1.615076e-02 -4.174297e-02 1.415514e-01
      vertex   1.315820e-02 -4.466331e-02 1.382749e-01
    endloop
  endfacet
  facet normal -3.210175e-01 7.774043e-01 5.409161e-01
    outer loop
      vertex   -2.058675e-02 4.121433e-02 1.987531e-01
      vertex   -1.754310e-02 3.835531e-02 2.046684e-01
      vertex   -1.468053e-02 4.363838e-02 1.987744e-01
    endloop
  endfacet
  facet normal -2.410531e-01 -3.703598e-02 9.698050e-01
    outer loop
      vertex   -1.841399e-02 -2.186296e-03 2.204569e-01
      vertex   -1.256023e-02 -5.980111e-03 2.217670e-01
      vertex   -1.217818e-02 5.732866e-04 2.221122e-01
    endloop
  endfacet
  facet normal -1.489553e-01 2.710992e-01 9.509561e-01
    outer loop
      vertex   -5.300844e-03 1.667140e-02 2.208124e-01
      vertex   -1.126468e-02 1.911520e-02 2.191815e-01
      vertex   -1.067521e-02 1.284580e-02 2.210612e-01
    endloop
  endfacet
  facet normal 8.664325e-01 3.808629e-01 -3.228593e-01
    outer loop
      vertex   4.453791e-02 1.619401e-02 1.710356e-01
      vertex   4.139431e-02 2.390211e-02 1.716922e-01
      vertex   4.454672e-02 1.991874e-02 1.754531e-01
    endloop
  endfacet
  facet normal -2.087749e-01 2.627884e-01 9.419954e-01
    outer loop
      vertex   -1.567885e-02 1.505547e-02 2.193358e-01
      vertex   -1.067521e-02 1.284580e-02 2.210612e-01
      vertex   -1.126468e-02 1.911520e-02 2.191815e-01
    endloop
  endfacet
  facet normal -6.009202e-02 2.152105e-01 9.747171e-01
    outer loop
      vertex   -5.300844e-03 1.667140e-02 2.208124e-01
      vertex   -5.605028e-03 1.006964e-02 2.222512e-01
      vertex   1.461255e-04 1.301147e-02 2.219563e-01
    endloop
  endfacet
  facet normal -2.001735e-02 2.709944e-01 9.623728e-01
    outer loop
      vertex   -5.300844e-03 1.667140e-02 2.208124e-01
      vertex   1.461255e-04 1.301147e-02 2.219563e-01
      vertex   1.128416e-03 1.994565e-02 2.200241e-01
    endloop
  endfacet
  facet normal -9.482855e-01 2.568211e-01 1.865411e-01
    outer loop
      vertex   -4.872894e-02 1.046272e-02 1.848317e-01
      vertex   -4.696026e-02 1.151912e-02 1.923684e-01
      vertex   -4.597737e-02 1.781126e-02 1.887022e-01
    endloop
  endfacet
  facet normal 3.315549e-02 -9.178832e-01 3.954632e-01
    outer loop
      vertex   2.339180e-06 -4.847076e-02 1.931288e-01
      vertex   4.802646e-03 -4.717343e-02 1.957375e-01
      vertex   -2.757293e-17 -4.561765e-02 1.997512e-01
    endloop
  endfacet
  facet normal -8.988583e-01 6.568252e-02 -4.332893e-01
    outer loop
      vertex   -4.610761e-02 8.710130e-03 1.696827e-01
      vertex   -4.415516e-02 5.813138e-03 1.651932e-01
      vertex   -4.759010e-02 1.900935e-03 1.717259e-01
    endloop
  endfacet
  facet normal 8.227417e-01 4.015405e-01 4.023200e-01
    outer loop
      vertex   3.950604e-02 2.280883e-02 1.997512e-01
      vertex   4.343744e-02 1.684394e-02 1.976648e-01
      vertex   4.179981e-02 2.413313e-02 1.937387e-01
    endloop
  endfacet
  facet normal -9.471255e-01 1.616582e-01 2.771641e-01
    outer loop
      vertex   -4.911558e-02 4.461902e-03 1.891194e-01
      vertex   -4.707657e-02 4.976246e-03 1.957871e-01
      vertex   -4.696026e-02 1.151912e-02 1.923684e-01
    endloop
  endfacet
  facet normal 5.234721e-01 4.215891e-01 7.404320e-01
    outer loop
      vertex   3.103945e-02 2.585985e-02 2.067221e-01
      vertex   2.569682e-02 2.386980e-02 2.116323e-01
      vertex   3.374780e-02 1.948430e-02 2.084375e-01
    endloop
  endfacet
  facet normal -6.465624e-01 4.988764e-02 7.612281e-01
    outer loop
      vertex   -3.963367e-02 2.583846e-03 2.074905e-01
      vertex   -3.453872e-02 -1.675652e-03 2.120971e-01
      vertex   -3.325561e-02 5.861940e-03 2.126929e-01
    endloop
  endfacet
  facet normal -7.668955e-01 3.331264e-01 5.485417e-01
    outer loop
      vertex   -3.897620e-02 1.513896e-02 2.051538e-01
      vertex   -3.692745e-02 2.132007e-02 2.042643e-01
      vertex   -4.165961e-02 1.649397e-02 2.005793e-01
    endloop
  endfacet
  facet normal 4.085599e-01 4.795735e-01 7.765874e-01
    outer loop
      vertex   2.569682e-02 2.386980e-02 2.116323e-01
      vertex   2.586589e-02 2.969377e-02 2.079469e-01
      vertex   1.907205e-02 2.854066e-02 2.122332e-01
    endloop
  endfacet
  facet normal -5.239443e-01 5.387362e-01 6.597315e-01
    outer loop
      vertex   -3.274274e-02 2.650419e-02 2.047120e-01
      vertex   -2.527502e-02 2.752274e-02 2.098109e-01
      vertex   -2.773087e-02 3.321274e-02 2.032141e-01
    endloop
  endfacet
  facet normal -6.995247e-01 -2.199704e-01 6.799105e-01
    outer loop
      vertex   -3.581556e-02 -1.014580e-02 2.099524e-01
      vertex   -4.037294e-02 -8.358887e-03 2.058416e-01
      vertex   -4.027671e-02 -1.374007e-02 2.041997e-01
    endloop
  endfacet
  facet normal -7.976492e-01 5.468661e-01 -2.543486e-01
    outer loop
      vertex   -4.296392e-02 2.480524e-02 1.785580e-01
      vertex   -3.800508e-02 3.091275e-02 1.761384e-01
      vertex   -4.139699e-02 2.389747e-02 1.716922e-01
    endloop
  endfacet
  facet normal 2.717185e-02 8.219055e-01 5.689755e-01
    outer loop
      vertex   2.053217e-03 4.109605e-02 2.059951e-01
      vertex   3.883594e-03 4.499616e-02 2.002738e-01
      vertex   -3.333902e-03 4.366699e-02 2.025385e-01
    endloop
  endfacet
  facet normal -8.809584e-01 -1.752338e-01 -4.395513e-01
    outer loop
      vertex   -4.415516e-02 -5.813138e-03 1.651932e-01
      vertex   -4.301864e-02 -1.152681e-02 1.651932e-01
      vertex   -4.703307e-02 -7.107227e-03 1.714771e-01
    endloop
  endfacet
  facet normal -1.116118e-01 1.129486e-01 9.873122e-01
    outer loop
      vertex   -5.513101e-03 3.182991e-03 2.230495e-01
      vertex   -5.605028e-03 1.006964e-02 2.222512e-01
      vertex   -1.093647e-02 6.314173e-03 2.220782e-01
    endloop
  endfacet
  facet normal -1.429092e-01 1.578519e-01 9.770669e-01
    outer loop
      vertex   -1.093647e-02 6.314173e-03 2.220782e-01
      vertex   -5.605028e-03 1.006964e-02 2.222512e-01
      vertex   -1.067521e-02 1.284580e-02 2.210612e-01
    endloop
  endfacet
  facet normal -2.344430e-01 2.102319e-01 9.491254e-01
    outer loop
      vertex   -1.567885e-02 1.505547e-02 2.193358e-01
      vertex   -1.618183e-02 9.342583e-03 2.204769e-01
      vertex   -1.067521e-02 1.284580e-02 2.210612e-01
    endloop
  endfacet
  facet normal 2.628948e-01 -1.941957e-01 9.450790e-01
    outer loop
      vertex   1.232236e-02 -1.058293e-02 2.211735e-01
      vertex   1.647172e-02 -1.535432e-02 2.190388e-01
      vertex   1.912130e-02 -9.901662e-03 2.194222e-01
    endloop
  endfacet
  facet normal 3.522773e-01 3.059249e-01 8.844833e-01
    outer loop
      vertex   2.580131e-02 1.489639e-02 2.154987e-01
      vertex   2.284348e-02 1.915464e-02 2.152039e-01
      vertex   2.116380e-02 1.221893e-02 2.182718e-01
    endloop
  endfacet
  facet normal -8.822157e-01 4.297982e-01 1.922731e-01
    outer loop
      vertex   -4.597737e-02 1.781126e-02 1.887022e-01
      vertex   -4.179981e-02 2.413313e-02 1.937387e-01
      vertex   -4.308311e-02 2.487405e-02 1.861942e-01
    endloop
  endfacet
  facet normal 5.514695e-01 5.414334e-01 6.346111e-01
    outer loop
      vertex   3.094074e-02 3.064597e-02 2.027245e-01
      vertex   2.586589e-02 2.969377e-02 2.079469e-01
      vertex   3.103945e-02 2.585985e-02 2.067221e-01
    endloop
  endfacet
  facet normal 5.701774e-01 1.995000e-01 7.969301e-01
    outer loop
      vertex   3.502033e-02 1.473250e-02 2.092749e-01
      vertex   3.001885e-02 1.733139e-02 2.122027e-01
      vertex   3.631712e-02 8.974845e-03 2.097884e-01
    endloop
  endfacet
  facet normal 1.790604e-01 7.370202e-01 6.517198e-01
    outer loop
      vertex   8.940742e-03 4.224088e-02 2.033503e-01
      vertex   7.379589e-03 3.807042e-02 2.084955e-01
      vertex   1.408864e-02 3.850780e-02 2.061576e-01
    endloop
  endfacet
  facet normal 1.234837e-01 7.522508e-01 6.472021e-01
    outer loop
      vertex   7.379589e-03 3.807042e-02 2.084955e-01
      vertex   8.940742e-03 4.224088e-02 2.033503e-01
      vertex   2.053217e-03 4.109605e-02 2.059951e-01
    endloop
  endfacet
  facet normal 8.457225e-01 1.072844e-01 5.227270e-01
    outer loop
      vertex   4.503390e-02 9.419796e-03 1.988093e-01
      vertex   4.211424e-02 5.631133e-03 2.043106e-01
      vertex   4.590873e-02 1.942874e-03 1.989284e-01
    endloop
  endfacet
  facet normal 4.771964e-01 -1.940075e-01 8.571142e-01
    outer loop
      vertex   3.059843e-02 -1.039425e-02 2.138341e-01
      vertex   2.503677e-02 -9.803516e-03 2.170643e-01
      vertex   2.703178e-02 -1.492978e-02 2.147932e-01
    endloop
  endfacet
  facet normal -4.284905e-02 7.685160e-01 6.383942e-01
    outer loop
      vertex   -4.770017e-03 3.914208e-02 2.078893e-01
      vertex   2.053217e-03 4.109605e-02 2.059951e-01
      vertex   -3.333902e-03 4.366699e-02 2.025385e-01
    endloop
  endfacet
  facet normal -5.861885e-02 8.807489e-01 4.699416e-01
    outer loop
      vertex   -7.985705e-03 4.587536e-02 1.978194e-01
      vertex   -3.333902e-03 4.366699e-02 2.025385e-01
      vertex   -1.482769e-03 4.723133e-02 1.960892e-01
    endloop
  endfacet
  facet normal -5.265678e-01 -6.521323e-01 5.453896e-01
    outer loop
      vertex   -2.676545e-02 -3.740314e-02 1.988657e-01
      vertex   -2.473703e-02 -3.408855e-02 2.047874e-01
      vertex   -3.149279e-02 -3.188619e-02 2.008982e-01
    endloop
  endfacet
  facet normal -1.467759e-01 8.324833e-01 5.342549e-01
    outer loop
      vertex   -3.333902e-03 4.366699e-02 2.025385e-01
      vertex   -7.985705e-03 4.587536e-02 1.978194e-01
      vertex   -1.028071e-02 4.154278e-02 2.039400e-01
    endloop
  endfacet
  facet normal -3.846190e-01 5.084644e-01 7.704104e-01
    outer loop
      vertex   -1.882616e-02 2.639457e-02 2.137750e-01
      vertex   -1.847830e-02 3.226050e-02 2.100772e-01
      vertex   -2.527502e-02 2.752274e-02 2.098109e-01
    endloop
  endfacet
  facet normal -2.053136e-01 8.334705e-01 5.130041e-01
    outer loop
      vertex   -1.028071e-02 4.154278e-02 2.039400e-01
      vertex   -7.985705e-03 4.587536e-02 1.978194e-01
      vertex   -1.468053e-02 4.363838e-02 1.987744e-01
    endloop
  endfacet
  facet normal 6.745564e-01 5.915702e-01 -4.416089e-01
    outer loop
      vertex   3.149183e-02 3.149183e-02 1.651932e-01
      vertex   3.341995e-02 3.329243e-02 1.705504e-01
      vertex   3.533293e-02 2.711191e-02 1.651932e-01
    endloop
  endfacet
  facet normal -3.660520e-01 6.484845e-01 6.674382e-01
    outer loop
      vertex   -1.847830e-02 3.226050e-02 2.100772e-01
      vertex   -1.754310e-02 3.835531e-02 2.046684e-01
      vertex   -2.354074e-02 3.271756e-02 2.068567e-01
    endloop
  endfacet
  facet normal -3.699769e-01 7.475190e-01 5.516633e-01
    outer loop
      vertex   -2.058675e-02 4.121433e-02 1.987531e-01
      vertex   -2.288369e-02 3.699972e-02 2.029235e-01
      vertex   -1.754310e-02 3.835531e-02 2.046684e-01
    endloop
  endfacet
  facet normal -4.568440e-01 7.872315e-01 4.141982e-01
    outer loop
      vertex   -2.564409e-02 3.833707e-02 1.986436e-01
      vertex   -2.058675e-02 4.121433e-02 1.987531e-01
      vertex   -2.390810e-02 4.188553e-02 1.938141e-01
    endloop
  endfacet
  facet normal -5.090107e-01 7.707050e-01 3.833040e-01
    outer loop
      vertex   -2.564409e-02 3.833707e-02 1.986436e-01
      vertex   -2.390810e-02 4.188553e-02 1.938141e-01
      vertex   -2.880450e-02 3.864651e-02 1.938245e-01
    endloop
  endfacet
  facet normal -5.322546e-01 8.054462e-01 2.606940e-01
    outer loop
      vertex   -2.880450e-02 3.864651e-02 1.938245e-01
      vertex   -2.390810e-02 4.188553e-02 1.938141e-01
      vertex   -2.680010e-02 4.162761e-02 1.887064e-01
    endloop
  endfacet
  facet normal -5.794005e-01 7.822868e-01 2.287410e-01
    outer loop
      vertex   -2.880450e-02 3.864651e-02 1.938245e-01
      vertex   -2.680010e-02 4.162761e-02 1.887064e-01
      vertex   -3.208257e-02 3.767215e-02 1.888535e-01
    endloop
  endfacet
  facet normal -6.297236e-01 7.273859e-01 2.726865e-01
    outer loop
      vertex   -2.880450e-02 3.864651e-02 1.938245e-01
      vertex   -3.208257e-02 3.767215e-02 1.888535e-01
      vertex   -3.328081e-02 3.458909e-02 1.943103e-01
    endloop
  endfacet
  facet normal -7.215404e-01 6.285277e-01 2.904004e-01
    outer loop
      vertex   -3.761719e-02 2.930469e-02 1.949733e-01
      vertex   -3.328081e-02 3.458909e-02 1.943103e-01
      vertex   -3.687734e-02 3.289671e-02 1.890372e-01
    endloop
  endfacet
  facet normal 5.324026e-01 1.933600e-01 8.241113e-01
    outer loop
      vertex   3.001885e-02 1.733139e-02 2.122027e-01
      vertex   2.580131e-02 1.489639e-02 2.154987e-01
      vertex   2.672412e-02 8.508824e-03 2.164012e-01
    endloop
  endfacet
  facet normal 4.363907e-01 3.601995e-01 8.245117e-01
    outer loop
      vertex   2.580131e-02 1.489639e-02 2.154987e-01
      vertex   3.001885e-02 1.733139e-02 2.122027e-01
      vertex   2.284348e-02 1.915464e-02 2.152039e-01
    endloop
  endfacet
  facet normal 2.050242e-01 -9.500088e-01 -2.354750e-01
    outer loop
      vertex   1.113186e-02 -4.844449e-02 1.797750e-01
      vertex   5.528858e-03 -4.861819e-02 1.755973e-01
      vertex   1.093602e-02 -4.664536e-02 1.723460e-01
    endloop
  endfacet
  facet normal -1.004875e-01 -9.521937e-01 2.884952e-01
    outer loop
      vertex   -6.720827e-03 -4.707659e-02 1.953886e-01
      vertex   -4.755156e-03 -4.917650e-02 1.891424e-01
      vertex   2.339180e-06 -4.847076e-02 1.931288e-01
    endloop
  endfacet
  facet normal -7.431080e-01 -4.965286e-01 -4.486088e-01
    outer loop
      vertex   -3.533293e-02 -2.711191e-02 1.651932e-01
      vertex   -3.960250e-02 -2.654721e-02 1.716406e-01
      vertex   -3.856946e-02 -2.226809e-02 1.651932e-01
    endloop
  endfacet
  facet normal 2.676823e-02 -5.105041e-02 9.983373e-01
    outer loop
      vertex   -2.047170e-17 -6.365981e-03 2.230495e-01
      vertex   4.533629e-03 -2.700810e-03 2.231153e-01
      vertex   -2.651438e-18 1.276279e-16 2.233750e-01
    endloop
  endfacet
  facet normal 1.249017e-01 -9.686913e-03 9.921218e-01
    outer loop
      vertex   5.513101e-03 3.182991e-03 2.230495e-01
      vertex   4.533629e-03 -2.700810e-03 2.231153e-01
      vertex   1.030208e-02 -2.356388e-03 2.223925e-01
    endloop
  endfacet
  facet normal 6.012450e-01 5.195107e-01 6.071352e-01
    outer loop
      vertex   3.094074e-02 3.064597e-02 2.027245e-01
      vertex   3.103945e-02 2.585985e-02 2.067221e-01
      vertex   3.521764e-02 2.613201e-02 2.023516e-01
    endloop
  endfacet
  facet normal 1.752662e-01 5.547971e-01 8.133154e-01
    outer loop
      vertex   1.039037e-02 2.888091e-02 2.148044e-01
      vertex   1.287667e-02 3.401109e-02 2.107691e-01
      vertex   6.614298e-03 3.363997e-02 2.123718e-01
    endloop
  endfacet
  facet normal 9.764177e-02 5.133041e-01 8.526341e-01
    outer loop
      vertex   1.039037e-02 2.888091e-02 2.148044e-01
      vertex   6.614298e-03 3.363997e-02 2.123718e-01
      vertex   1.679211e-03 2.815712e-02 2.162377e-01
    endloop
  endfacet
  facet normal 5.807648e-02 1.506713e-03 9.983110e-01
    outer loop
      vertex   5.513101e-03 3.182991e-03 2.230495e-01
      vertex   -2.651438e-18 1.276279e-16 2.233750e-01
      vertex   4.533629e-03 -2.700810e-03 2.231153e-01
    endloop
  endfacet
  facet normal 3.935730e-02 5.519057e-01 8.329773e-01
    outer loop
      vertex   1.679211e-03 2.815712e-02 2.162377e-01
      vertex   6.614298e-03 3.363997e-02 2.123718e-01
      vertex   1.228973e-03 3.609717e-02 2.109982e-01
    endloop
  endfacet
  facet normal -9.605214e-02 -9.881793e-01 -1.194810e-01
    outer loop
      vertex   -7.403863e-03 -4.850530e-02 1.762151e-01
      vertex   -2.398019e-09 -4.950943e-02 1.785678e-01
      vertex   -6.106597e-03 -4.943849e-02 1.828903e-01
    endloop
  endfacet
  facet normal -4.688112e-01 1.684818e-01 8.670813e-01
    outer loop
      vertex   -2.540867e-02 6.991042e-03 2.172470e-01
      vertex   -2.580131e-02 1.489639e-02 2.154987e-01
      vertex   -3.055298e-02 1.140984e-02 2.136070e-01
    endloop
  endfacet
  facet normal 6.942865e-01 6.633876e-01 -2.790757e-01
    outer loop
      vertex   3.341995e-02 3.329243e-02 1.705504e-01
      vertex   3.620954e-02 3.379754e-02 1.786910e-01
      vertex   3.864216e-02 2.925177e-02 1.739372e-01
    endloop
  endfacet
  facet normal -2.808486e-01 -8.273548e-01 -4.864238e-01
    outer loop
      vertex   -1.704326e-02 -4.114606e-02 1.651932e-01
      vertex   -1.152681e-02 -4.301864e-02 1.651932e-01
      vertex   -1.499077e-02 -4.427663e-02 1.693329e-01
    endloop
  endfacet
  facet normal 1.989245e-02 9.500368e-01 3.115034e-01
    outer loop
      vertex   9.206433e-04 4.887120e-02 1.909344e-01
      vertex   -1.482769e-03 4.723133e-02 1.960892e-01
      vertex   5.488513e-03 4.770597e-02 1.941965e-01
    endloop
  endfacet
  facet normal -1.382946e-01 6.531787e-01 7.444677e-01
    outer loop
      vertex   -5.348035e-03 3.379139e-02 2.124765e-01
      vertex   -4.770017e-03 3.914208e-02 2.078893e-01
      vertex   -1.189996e-02 3.622968e-02 2.091201e-01
    endloop
  endfacet
  facet normal -2.906703e-02 9.435113e-01 -3.300628e-01
    outer loop
      vertex   1.846148e-03 4.788371e-02 1.132071e-01
      vertex   -3.299144e-03 4.663400e-02 1.100879e-01
      vertex   -5.606034e-03 4.828372e-02 1.150069e-01
    endloop
  endfacet
  facet normal -7.092588e-01 6.203383e-01 -3.348615e-01
    outer loop
      vertex   -3.235551e-02 3.466080e-02 1.711156e-01
      vertex   -3.677649e-02 2.883419e-02 1.696856e-01
      vertex   -3.800508e-02 3.091275e-02 1.761384e-01
    endloop
  endfacet
  facet normal -7.547989e-01 -3.743231e-02 6.548873e-01
    outer loop
      vertex   -4.231293e-02 -2.880008e-03 2.042698e-01
      vertex   -3.852761e-02 -4.055650e-03 2.085654e-01
      vertex   -4.156387e-02 -1.372825e-04 2.052899e-01
    endloop
  endfacet
  facet normal -6.221197e-01 1.715882e-01 7.638878e-01
    outer loop
      vertex   -3.833508e-02 8.761986e-03 2.079047e-01
      vertex   -3.325561e-02 5.861940e-03 2.126929e-01
      vertex   -3.518005e-02 1.339018e-02 2.094346e-01
    endloop
  endfacet
  facet normal 2.937730e-01 9.557721e-01 -1.403790e-02
    outer loop
      vertex   1.784006e-02 4.645195e-02 1.211193e-01
      vertex   1.142923e-02 4.843544e-02 1.220047e-01
      vertex   1.779409e-02 4.655084e-02 1.268900e-01
    endloop
  endfacet
  facet normal 2.313970e-02 6.196774e-02 9.978099e-01
    outer loop
      vertex   -3.397102e-04 6.637552e-03 2.229707e-01
      vertex   -2.651438e-18 1.276279e-16 2.233750e-01
      vertex   5.513101e-03 3.182991e-03 2.230495e-01
    endloop
  endfacet
  facet normal -5.112490e-01 5.474449e-01 6.625168e-01
    outer loop
      vertex   -2.354074e-02 3.271756e-02 2.068567e-01
      vertex   -2.773087e-02 3.321274e-02 2.032141e-01
      vertex   -2.527502e-02 2.752274e-02 2.098109e-01
    endloop
  endfacet
  facet normal 4.167090e-01 -2.277118e-01 8.800574e-01
    outer loop
      vertex   2.503677e-02 -9.803516e-03 2.170643e-01
      vertex   2.190271e-02 -1.557912e-02 2.170539e-01
      vertex   2.703178e-02 -1.492978e-02 2.147932e-01
    endloop
  endfacet
  facet normal 2.782944e-01 2.324519e-01 9.319433e-01
    outer loop
      vertex   1.720037e-02 1.672963e-02 2.183302e-01
      vertex   1.618183e-02 9.342583e-03 2.204769e-01
      vertex   2.116380e-02 1.221893e-02 2.182718e-01
    endloop
  endfacet
  facet normal -2.242788e-01 -8.642504e-01 -4.503003e-01
    outer loop
      vertex   -1.499077e-02 -4.427663e-02 1.693329e-01
      vertex   -1.152681e-02 -4.301864e-02 1.651932e-01
      vertex   -8.658708e-03 -4.617719e-02 1.698268e-01
    endloop
  endfacet
  facet normal 7.445181e-01 6.675551e-01 -7.939009e-03
    outer loop
      vertex   3.620954e-02 3.379754e-02 1.786910e-01
      vertex   3.302409e-02 3.741441e-02 1.840869e-01
      vertex   3.866861e-02 3.114191e-02 1.860024e-01
    endloop
  endfacet
  facet normal -1.710999e-01 -8.601760e-01 -4.804395e-01
    outer loop
      vertex   -1.152681e-02 -4.301864e-02 1.651932e-01
      vertex   -5.813138e-03 -4.415516e-02 1.651932e-01
      vertex   -8.658708e-03 -4.617719e-02 1.698268e-01
    endloop
  endfacet
  facet normal 7.378357e-01 6.470918e-01 1.920176e-01
    outer loop
      vertex   3.862969e-02 2.950217e-02 1.916778e-01
      vertex   3.866861e-02 3.114191e-02 1.860024e-01
      vertex   3.378052e-02 3.516635e-02 1.912228e-01
    endloop
  endfacet
  facet normal 1.916525e-01 1.783461e-01 9.651228e-01
    outer loop
      vertex   1.093647e-02 6.314173e-03 2.220782e-01
      vertex   1.618183e-02 9.342583e-03 2.204769e-01
      vertex   1.110168e-02 1.447198e-02 2.205379e-01
    endloop
  endfacet
  facet normal 2.515092e-01 2.379485e-01 9.381490e-01
    outer loop
      vertex   1.110168e-02 1.447198e-02 2.205379e-01
      vertex   1.618183e-02 9.342583e-03 2.204769e-01
      vertex   1.720037e-02 1.672963e-02 2.183302e-01
    endloop
  endfacet
  facet normal 7.295332e-01 5.473914e-01 -4.100537e-01
    outer loop
      vertex   3.864216e-02 2.925177e-02 1.739372e-01
      vertex   4.139431e-02 2.390211e-02 1.716922e-01
      vertex   3.533293e-02 2.711191e-02 1.651932e-01
    endloop
  endfacet
  facet normal 6.077305e-01 7.873262e-01 -1.038322e-01
    outer loop
      vertex   2.782181e-02 4.128622e-02 1.829966e-01
      vertex   3.302409e-02 3.741441e-02 1.840869e-01
      vertex   3.019809e-02 3.856119e-02 1.762419e-01
    endloop
  endfacet
  facet normal 5.833496e-01 8.077558e-01 8.505152e-02
    outer loop
      vertex   3.302409e-02 3.741441e-02 1.840869e-01
      vertex   2.782181e-02 4.128622e-02 1.829966e-01
      vertex   2.853585e-02 4.002523e-02 1.900751e-01
    endloop
  endfacet
  facet normal 6.507303e-01 7.412663e-01 1.645429e-01
    outer loop
      vertex   3.302409e-02 3.741441e-02 1.840869e-01
      vertex   2.853585e-02 4.002523e-02 1.900751e-01
      vertex   3.378052e-02 3.516635e-02 1.912228e-01
    endloop
  endfacet
  facet normal 1.959507e-01 3.163381e-01 9.281883e-01
    outer loop
      vertex   1.110168e-02 1.447198e-02 2.205379e-01
      vertex   1.238649e-02 2.223353e-02 2.176214e-01
      vertex   7.301916e-03 2.180336e-02 2.188414e-01
    endloop
  endfacet
  facet normal -2.123208e-01 -6.760312e-01 7.056215e-01
    outer loop
      vertex   -7.521644e-03 -3.652148e-02 2.099258e-01
      vertex   -1.434580e-02 -3.489229e-02 2.094333e-01
      vertex   -1.332891e-02 -3.966406e-02 2.051676e-01
    endloop
  endfacet
  facet normal 9.141772e-01 -2.420140e-01 -3.251296e-01
    outer loop
      vertex   4.589644e-02 -9.347854e-03 1.697862e-01
      vertex   4.790445e-02 -8.818589e-03 1.750382e-01
      vertex   4.470299e-02 -1.436364e-02 1.701641e-01
    endloop
  endfacet
  facet normal 3.264534e-01 -2.232101e-01 9.184800e-01
    outer loop
      vertex   1.912130e-02 -9.901662e-03 2.194222e-01
      vertex   1.647172e-02 -1.535432e-02 2.190388e-01
      vertex   2.190271e-02 -1.557912e-02 2.170539e-01
    endloop
  endfacet
  facet normal 1.728402e-01 -4.919843e-01 8.532747e-01
    outer loop
      vertex   1.141732e-02 -2.523464e-02 2.165886e-01
      vertex   5.525925e-03 -2.852154e-02 2.158868e-01
      vertex   1.168898e-02 -3.140183e-02 2.129777e-01
    endloop
  endfacet
  facet normal -1.525958e-01 -8.771489e-01 4.553289e-01
    outer loop
      vertex   -6.720827e-03 -4.707659e-02 1.953886e-01
      vertex   -5.104818e-03 -4.434376e-02 2.011947e-01
      vertex   -1.064019e-02 -4.379752e-02 2.003919e-01
    endloop
  endfacet
  facet normal 2.832381e-01 -9.102917e-01 -3.019026e-01
    outer loop
      vertex   1.633119e-02 -4.634977e-02 1.765164e-01
      vertex   1.093602e-02 -4.664536e-02 1.723460e-01
      vertex   1.549007e-02 -4.445214e-02 1.700056e-01
    endloop
  endfacet
  facet normal -4.605805e-01 3.219190e-01 8.271842e-01
    outer loop
      vertex   -3.001885e-02 1.733139e-02 2.122027e-01
      vertex   -2.580131e-02 1.489639e-02 2.154987e-01
      vertex   -2.501778e-02 2.146605e-02 2.133782e-01
    endloop
  endfacet
  facet normal 1.574552e-01 1.801403e-01 9.709569e-01
    outer loop
      vertex   1.093647e-02 6.314173e-03 2.220782e-01
      vertex   1.110168e-02 1.447198e-02 2.205379e-01
      vertex   5.608116e-03 9.729423e-03 2.223086e-01
    endloop
  endfacet
  facet normal 7.093879e-01 5.740444e-01 -4.089522e-01
    outer loop
      vertex   3.864216e-02 2.925177e-02 1.739372e-01
      vertex   3.533293e-02 2.711191e-02 1.651932e-01
      vertex   3.341995e-02 3.329243e-02 1.705504e-01
    endloop
  endfacet
  facet normal 5.763144e-01 8.126237e-01 8.662836e-02
    outer loop
      vertex   2.853585e-02 4.002523e-02 1.900751e-01
      vertex   2.782181e-02 4.128622e-02 1.829966e-01
      vertex   2.570225e-02 4.228784e-02 1.877017e-01
    endloop
  endfacet
  facet normal -7.495381e-01 5.008251e-01 -4.328589e-01
    outer loop
      vertex   -3.533293e-02 2.711191e-02 1.651932e-01
      vertex   -3.856946e-02 2.226809e-02 1.651932e-01
      vertex   -3.677649e-02 2.883419e-02 1.696856e-01
    endloop
  endfacet
  facet normal 4.711959e-01 -5.103498e-01 7.193869e-01
    outer loop
      vertex   2.909153e-02 -2.489228e-02 2.089640e-01
      vertex   2.270918e-02 -2.726827e-02 2.114588e-01
      vertex   2.582633e-02 -3.156706e-02 2.063675e-01
    endloop
  endfacet
  facet normal 1.752263e-01 8.809204e-01 -4.396306e-01
    outer loop
      vertex   5.813138e-03 4.415516e-02 1.651932e-01
      vertex   1.031783e-02 4.628621e-02 1.712588e-01
      vertex   1.152681e-02 4.301864e-02 1.651932e-01
    endloop
  endfacet
  facet normal -2.527673e-01 -9.539406e-01 -1.615737e-01
    outer loop
      vertex   -1.543796e-02 -4.630570e-02 1.757972e-01
      vertex   -7.403863e-03 -4.850530e-02 1.762151e-01
      vertex   -1.363218e-02 -4.777811e-02 1.816654e-01
    endloop
  endfacet
  facet normal 4.186850e-01 8.881624e-01 1.893949e-01
    outer loop
      vertex   1.701937e-02 4.604171e-02 1.903134e-01
      vertex   2.308661e-02 4.279024e-02 1.921486e-01
      vertex   2.326490e-02 4.391484e-02 1.864806e-01
    endloop
  endfacet
  facet normal 2.680845e-01 4.652452e-01 8.436099e-01
    outer loop
      vertex   1.907205e-02 2.854066e-02 2.122332e-01
      vertex   1.039037e-02 2.888091e-02 2.148044e-01
      vertex   1.794948e-02 2.333390e-02 2.154614e-01
    endloop
  endfacet
  facet normal 5.247486e-02 1.115441e-01 9.923731e-01
    outer loop
      vertex   -3.397102e-04 6.637552e-03 2.229707e-01
      vertex   5.513101e-03 3.182991e-03 2.230495e-01
      vertex   5.608116e-03 9.729423e-03 2.223086e-01
    endloop
  endfacet
  facet normal -5.092104e-01 8.425923e-02 8.565075e-01
    outer loop
      vertex   -2.861763e-02 -2.294789e-04 2.160496e-01
      vertex   -2.540867e-02 6.991042e-03 2.172470e-01
      vertex   -3.325561e-02 5.861940e-03 2.126929e-01
    endloop
  endfacet
  facet normal 3.061445e-01 8.956524e-01 -3.226179e-01
    outer loop
      vertex   1.031783e-02 4.628621e-02 1.712588e-01
      vertex   1.385343e-02 4.720912e-02 1.771760e-01
      vertex   1.848670e-02 4.423879e-02 1.733265e-01
    endloop
  endfacet
  facet normal -1.435479e-01 3.817093e-01 9.130674e-01
    outer loop
      vertex   -4.899231e-03 2.358659e-02 2.183130e-01
      vertex   -1.202496e-02 2.512891e-02 2.165480e-01
      vertex   -1.126468e-02 1.911520e-02 2.191815e-01
    endloop
  endfacet
  facet normal -5.909366e-01 5.691368e-01 5.717318e-01
    outer loop
      vertex   -3.317677e-02 3.077156e-02 2.000153e-01
      vertex   -3.274274e-02 2.650419e-02 2.047120e-01
      vertex   -2.773087e-02 3.321274e-02 2.032141e-01
    endloop
  endfacet
  facet normal -2.810472e-01 4.005111e-01 8.721258e-01
    outer loop
      vertex   -1.202496e-02 2.512891e-02 2.165480e-01
      vertex   -1.882616e-02 2.639457e-02 2.137750e-01
      vertex   -1.874853e-02 1.961166e-02 2.169150e-01
    endloop
  endfacet
  facet normal -3.631326e-01 3.879917e-01 8.471111e-01
    outer loop
      vertex   -1.874853e-02 1.961166e-02 2.169150e-01
      vertex   -1.882616e-02 2.639457e-02 2.137750e-01
      vertex   -2.501778e-02 2.146605e-02 2.133782e-01
    endloop
  endfacet
  facet normal -4.091564e-01 4.501095e-01 7.937207e-01
    outer loop
      vertex   -2.527502e-02 2.752274e-02 2.098109e-01
      vertex   -2.501778e-02 2.146605e-02 2.133782e-01
      vertex   -1.882616e-02 2.639457e-02 2.137750e-01
    endloop
  endfacet
  facet normal -8.750004e-01 3.693556e-01 -3.129707e-01
    outer loop
      vertex   -4.497661e-02 1.469797e-02 1.708432e-01
      vertex   -4.567015e-02 1.810485e-02 1.768029e-01
      vertex   -4.139699e-02 2.389747e-02 1.716922e-01
    endloop
  endfacet
  facet normal 2.021342e-01 6.136416e-01 7.632731e-01
    outer loop
      vertex   1.152681e-02 4.301864e-02 1.058182e-01
      vertex   1.678862e-02 4.490950e-02 1.029045e-01
      vertex   1.122793e-02 4.683987e-02 1.028252e-01
    endloop
  endfacet
  facet normal 2.938554e-02 1.549155e-01 9.874906e-01
    outer loop
      vertex   1.461255e-04 1.301147e-02 2.219563e-01
      vertex   -3.397102e-04 6.637552e-03 2.229707e-01
      vertex   5.608116e-03 9.729423e-03 2.223086e-01
    endloop
  endfacet
  facet normal 1.763774e-01 4.284977e-01 8.861607e-01
    outer loop
      vertex   1.238649e-02 2.223353e-02 2.176214e-01
      vertex   1.039037e-02 2.888091e-02 2.148044e-01
      vertex   7.301916e-03 2.180336e-02 2.188414e-01
    endloop
  endfacet
  facet normal -5.336351e-01 5.007831e-01 6.815056e-01
    outer loop
      vertex   -2.979968e-02 2.282535e-02 2.097197e-01
      vertex   -2.527502e-02 2.752274e-02 2.098109e-01
      vertex   -3.274274e-02 2.650419e-02 2.047120e-01
    endloop
  endfacet
  facet normal 5.920858e-01 6.751443e-01 -4.400167e-01
    outer loop
      vertex   3.149183e-02 3.149183e-02 1.651932e-01
      vertex   2.711191e-02 3.533293e-02 1.651932e-01
      vertex   3.341995e-02 3.329243e-02 1.705504e-01
    endloop
  endfacet
  facet normal 1.285294e-01 -7.771974e-02 9.886556e-01
    outer loop
      vertex   4.533629e-03 -2.700810e-03 2.231153e-01
      vertex   5.813199e-03 -8.272191e-03 2.225110e-01
      vertex   1.030208e-02 -2.356388e-03 2.223925e-01
    endloop
  endfacet
  facet normal 5.565415e-01 7.426600e-01 -3.724483e-01
    outer loop
      vertex   3.341995e-02 3.329243e-02 1.705504e-01
      vertex   2.711191e-02 3.533293e-02 1.651932e-01
      vertex   3.019809e-02 3.856119e-02 1.762419e-01
    endloop
  endfacet
  facet normal 3.168158e-01 8.599611e-01 -4.001183e-01
    outer loop
      vertex   1.031783e-02 4.628621e-02 1.712588e-01
      vertex   1.848670e-02 4.423879e-02 1.733265e-01
      vertex   1.152681e-02 4.301864e-02 1.651932e-01
    endloop
  endfacet
  facet normal 1.975397e-02 9.635181e-01 -2.669131e-01
    outer loop
      vertex   1.480100e-03 4.960764e-02 1.789836e-01
      vertex   4.373527e-03 4.774519e-02 1.724745e-01
      vertex   -2.302858e-03 4.783135e-02 1.722914e-01
    endloop
  endfacet
  facet normal -1.183077e-01 9.044267e-01 -4.098972e-01
    outer loop
      vertex   -9.428713e-03 4.710001e-02 1.727345e-01
      vertex   -2.302858e-03 4.783135e-02 1.722914e-01
      vertex   -5.813138e-03 4.415516e-02 1.651932e-01
    endloop
  endfacet
  facet normal 1.361990e-01 8.909347e-01 4.332264e-01
    outer loop
      vertex   3.883594e-03 4.499616e-02 2.002738e-01
      vertex   1.141240e-02 4.546391e-02 1.969449e-01
      vertex   5.488513e-03 4.770597e-02 1.941965e-01
    endloop
  endfacet
  facet normal -1.105208e-01 7.733269e-01 6.243001e-01
    outer loop
      vertex   -4.770017e-03 3.914208e-02 2.078893e-01
      vertex   -3.333902e-03 4.366699e-02 2.025385e-01
      vertex   -1.028071e-02 4.154278e-02 2.039400e-01
    endloop
  endfacet
  facet normal -2.855771e-01 7.784135e-01 5.590333e-01
    outer loop
      vertex   -1.028071e-02 4.154278e-02 2.039400e-01
      vertex   -1.468053e-02 4.363838e-02 1.987744e-01
      vertex   -1.754310e-02 3.835531e-02 2.046684e-01
    endloop
  endfacet
  facet normal -4.332937e-01 7.421405e-01 5.113552e-01
    outer loop
      vertex   -2.564409e-02 3.833707e-02 1.986436e-01
      vertex   -2.288369e-02 3.699972e-02 2.029235e-01
      vertex   -2.058675e-02 4.121433e-02 1.987531e-01
    endloop
  endfacet
  facet normal -5.425586e-01 7.369598e-01 4.031383e-01
    outer loop
      vertex   -2.564409e-02 3.833707e-02 1.986436e-01
      vertex   -2.880450e-02 3.864651e-02 1.938245e-01
      vertex   -2.987610e-02 3.540570e-02 1.983067e-01
    endloop
  endfacet
  facet normal -6.021407e-01 7.083963e-01 3.682408e-01
    outer loop
      vertex   -2.987610e-02 3.540570e-02 1.983067e-01
      vertex   -2.880450e-02 3.864651e-02 1.938245e-01
      vertex   -3.328081e-02 3.458909e-02 1.943103e-01
    endloop
  endfacet
  facet normal -6.533676e-01 6.236115e-01 4.292080e-01
    outer loop
      vertex   -2.987610e-02 3.540570e-02 1.983067e-01
      vertex   -3.328081e-02 3.458909e-02 1.943103e-01
      vertex   -3.317677e-02 3.077156e-02 2.000153e-01
    endloop
  endfacet
  facet normal 6.199436e-01 5.864413e-03 7.846245e-01
    outer loop
      vertex   3.810864e-02 1.148119e-03 2.091289e-01
      vertex   3.212310e-02 2.716690e-03 2.138465e-01
      vertex   3.444596e-02 -4.563855e-03 2.120655e-01
    endloop
  endfacet
  facet normal 7.104866e-01 6.329559e-01 3.075315e-01
    outer loop
      vertex   3.378052e-02 3.516635e-02 1.912228e-01
      vertex   3.618387e-02 2.965169e-02 1.970206e-01
      vertex   3.862969e-02 2.950217e-02 1.916778e-01
    endloop
  endfacet
  facet normal -8.424939e-01 -9.666468e-02 5.299622e-01
    outer loop
      vertex   -4.231293e-02 -2.880008e-03 2.042698e-01
      vertex   -4.639428e-02 -5.879700e-03 1.972344e-01
      vertex   -4.360294e-02 -1.007296e-02 2.009070e-01
    endloop
  endfacet
  facet normal 7.818742e-01 3.304075e-01 5.286811e-01
    outer loop
      vertex   4.343744e-02 1.684394e-02 1.976648e-01
      vertex   3.950604e-02 2.280883e-02 1.997512e-01
      vertex   3.986537e-02 1.467022e-02 2.043061e-01
    endloop
  endfacet
  facet normal -9.186188e-01 -2.301051e-01 -3.212339e-01
    outer loop
      vertex   -4.482190e-02 -1.394419e-02 1.700513e-01
      vertex   -4.728633e-02 -1.353163e-02 1.768032e-01
      vertex   -4.703307e-02 -7.107227e-03 1.714771e-01
    endloop
  endfacet
  facet normal -3.385198e-01 3.292242e-01 -8.814850e-01
    outer loop
      vertex   -3.687611e-02 2.583819e-02 9.107367e-02
      vertex   -3.642640e-02 3.034999e-02 9.258607e-02
      vertex   -3.333426e-02 2.807479e-02 9.054882e-02
    endloop
  endfacet
  facet normal -1.012541e-01 -9.928326e-01 6.349063e-02
    outer loop
      vertex   -6.106597e-03 -4.943849e-02 1.828903e-01
      vertex   -3.170328e-17 -4.984962e-02 1.862000e-01
      vertex   -4.755156e-03 -4.917650e-02 1.891424e-01
    endloop
  endfacet
  facet normal -8.377157e-01 -3.799840e-01 3.922303e-01
    outer loop
      vertex   -4.056443e-02 -2.263514e-02 1.385677e-01
      vertex   -4.278527e-02 -1.750966e-02 1.387899e-01
      vertex   -4.411306e-02 -1.976823e-02 1.337660e-01
    endloop
  endfacet
  facet normal 2.504129e-01 -6.090110e-01 7.525948e-01
    outer loop
      vertex   1.139289e-02 -3.715784e-02 2.084184e-01
      vertex   1.841103e-02 -3.373597e-02 2.088523e-01
      vertex   1.168898e-02 -3.140183e-02 2.129777e-01
    endloop
  endfacet
  facet normal 4.150985e-01 6.614294e-01 6.246634e-01
    outer loop
      vertex   2.598383e-02 3.474288e-02 2.030818e-01
      vertex   2.013358e-02 3.877768e-02 2.026971e-01
      vertex   2.006318e-02 3.413241e-02 2.076625e-01
    endloop
  endfacet
  facet normal -8.103515e-01 -1.225433e-01 5.729865e-01
    outer loop
      vertex   -4.231293e-02 -2.880008e-03 2.042698e-01
      vertex   -4.360294e-02 -1.007296e-02 2.009070e-01
      vertex   -4.037294e-02 -8.358887e-03 2.058416e-01
    endloop
  endfacet
  facet normal 8.859448e-01 4.634411e-01 -1.800446e-02
    outer loop
      vertex   4.308311e-02 2.487405e-02 1.861942e-01
      vertex   4.579908e-02 1.949656e-02 1.814204e-01
      vertex   4.296392e-02 2.480524e-02 1.785580e-01
    endloop
  endfacet
  facet normal 3.284377e-01 -9.960879e-02 9.392586e-01
    outer loop
      vertex   1.912130e-02 -9.901662e-03 2.194222e-01
      vertex   2.277699e-02 -3.880473e-03 2.187824e-01
      vertex   1.699320e-02 -3.463070e-03 2.208492e-01
    endloop
  endfacet
  facet normal 2.829450e-02 2.645890e-01 9.639461e-01
    outer loop
      vertex   1.461255e-04 1.301147e-02 2.219563e-01
      vertex   5.640701e-03 1.573675e-02 2.210469e-01
      vertex   1.128416e-03 1.994565e-02 2.200241e-01
    endloop
  endfacet
  facet normal 7.043347e-02 -5.585378e-01 8.264833e-01
    outer loop
      vertex   5.525925e-03 -2.852154e-02 2.158868e-01
      vertex   -2.277316e-17 -2.979278e-02 2.154987e-01
      vertex   5.455399e-03 -3.478212e-02 2.116619e-01
    endloop
  endfacet
  facet normal -5.938820e-02 3.423599e-01 9.376901e-01
    outer loop
      vertex   -5.300844e-03 1.667140e-02 2.208124e-01
      vertex   1.128416e-03 1.994565e-02 2.200241e-01
      vertex   -4.899231e-03 2.358659e-02 2.183130e-01
    endloop
  endfacet
  facet normal -1.141330e-01 3.435459e-01 9.321748e-01
    outer loop
      vertex   -5.300844e-03 1.667140e-02 2.208124e-01
      vertex   -4.899231e-03 2.358659e-02 2.183130e-01
      vertex   -1.126468e-02 1.911520e-02 2.191815e-01
    endloop
  endfacet
  facet normal 9.399371e-01 3.404489e-01 2.475322e-02
    outer loop
      vertex   4.653414e-02 1.701701e-02 1.876117e-01
      vertex   4.827976e-02 1.253310e-02 1.829971e-01
      vertex   4.579908e-02 1.949656e-02 1.814204e-01
    endloop
  endfacet
  facet normal 9.040630e-01 3.956111e-01 -1.617466e-01
    outer loop
      vertex   4.296392e-02 2.480524e-02 1.785580e-01
      vertex   4.579908e-02 1.949656e-02 1.814204e-01
      vertex   4.454672e-02 1.991874e-02 1.754531e-01
    endloop
  endfacet
  facet normal -3.795903e-01 6.567441e-01 6.516121e-01
    outer loop
      vertex   -2.288369e-02 3.699972e-02 2.029235e-01
      vertex   -2.354074e-02 3.271756e-02 2.068567e-01
      vertex   -1.754310e-02 3.835531e-02 2.046684e-01
    endloop
  endfacet
  facet normal -1.492928e-01 -9.860508e-01 7.359039e-02
    outer loop
      vertex   -6.106597e-03 -4.943849e-02 1.828903e-01
      vertex   -4.755156e-03 -4.917650e-02 1.891424e-01
      vertex   -1.053337e-02 -4.835735e-02 1.883960e-01
    endloop
  endfacet
  facet normal -2.481005e-01 3.621157e-01 8.985090e-01
    outer loop
      vertex   -1.126468e-02 1.911520e-02 2.191815e-01
      vertex   -1.202496e-02 2.512891e-02 2.165480e-01
      vertex   -1.874853e-02 1.961166e-02 2.169150e-01
    endloop
  endfacet
  facet normal -8.883614e-01 3.597245e-01 2.853285e-01
    outer loop
      vertex   -4.597737e-02 1.781126e-02 1.887022e-01
      vertex   -4.378254e-02 1.789824e-02 1.954261e-01
      vertex   -4.179981e-02 2.413313e-02 1.937387e-01
    endloop
  endfacet
  facet normal -3.161417e-01 2.701955e-01 9.094222e-01
    outer loop
      vertex   -1.874853e-02 1.961166e-02 2.169150e-01
      vertex   -2.116380e-02 1.221893e-02 2.182718e-01
      vertex   -1.567885e-02 1.505547e-02 2.193358e-01
    endloop
  endfacet
  facet normal -3.668831e-01 2.825340e-01 8.863246e-01
    outer loop
      vertex   -2.116380e-02 1.221893e-02 2.182718e-01
      vertex   -1.874853e-02 1.961166e-02 2.169150e-01
      vertex   -2.580131e-02 1.489639e-02 2.154987e-01
    endloop
  endfacet
  facet normal 4.667370e-01 7.250311e-01 5.064449e-01
    outer loop
      vertex   2.598383e-02 3.474288e-02 2.030818e-01
      vertex   2.540945e-02 3.911067e-02 1.973582e-01
      vertex   2.013358e-02 3.877768e-02 2.026971e-01
    endloop
  endfacet
  facet normal -6.109727e-02 1.141183e-01 9.915867e-01
    outer loop
      vertex   -5.605028e-03 1.006964e-02 2.222512e-01
      vertex   -5.513101e-03 3.182991e-03 2.230495e-01
      vertex   -3.397102e-04 6.637552e-03 2.229707e-01
    endloop
  endfacet
  facet normal -8.464335e-01 3.097804e-01 4.331125e-01
    outer loop
      vertex   -4.462398e-02 1.128270e-02 1.985134e-01
      vertex   -4.165961e-02 1.649397e-02 2.005793e-01
      vertex   -4.378254e-02 1.789824e-02 1.954261e-01
    endloop
  endfacet
  facet normal -1.150778e-01 9.544020e-01 -2.754521e-01
    outer loop
      vertex   -2.302858e-03 4.783135e-02 1.722914e-01
      vertex   -9.428713e-03 4.710001e-02 1.727345e-01
      vertex   -5.177928e-03 4.933142e-02 1.786901e-01
    endloop
  endfacet
  facet normal -1.521202e-01 9.858159e-01 -7.089764e-02
    outer loop
      vertex   -8.323257e-03 4.923158e-02 1.840505e-01
      vertex   -5.177928e-03 4.933142e-02 1.786901e-01
      vertex   -1.076353e-02 4.849266e-02 1.790119e-01
    endloop
  endfacet
  facet normal -1.577768e-01 9.564119e-01 -2.457291e-01
    outer loop
      vertex   -1.076353e-02 4.849266e-02 1.790119e-01
      vertex   -5.177928e-03 4.933142e-02 1.786901e-01
      vertex   -9.428713e-03 4.710001e-02 1.727345e-01
    endloop
  endfacet
  facet normal -8.478605e-01 1.627682e-01 5.046177e-01
    outer loop
      vertex   -4.462398e-02 1.128270e-02 1.985134e-01
      vertex   -4.384735e-02 4.259474e-03 2.020837e-01
      vertex   -4.195232e-02 9.575062e-03 2.035531e-01
    endloop
  endfacet
  facet normal -6.123606e-01 -2.560345e-01 7.479712e-01
    outer loop
      vertex   -3.581556e-02 -1.014580e-02 2.099524e-01
      vertex   -3.605827e-02 -1.757951e-02 2.072091e-01
      vertex   -3.080886e-02 -1.501856e-02 2.123834e-01
    endloop
  endfacet
  facet normal -5.885970e-02 8.980284e-01 -4.359823e-01
    outer loop
      vertex   8.881784e-18 4.453618e-02 1.651932e-01
      vertex   -5.813138e-03 4.415516e-02 1.651932e-01
      vertex   -2.302858e-03 4.783135e-02 1.722914e-01
    endloop
  endfacet
  facet normal -3.507777e-01 8.841134e-01 -3.087045e-01
    outer loop
      vertex   -2.263838e-02 4.289993e-02 1.739796e-01
      vertex   -1.632006e-02 4.636429e-02 1.767219e-01
      vertex   -1.708817e-02 4.366272e-02 1.698575e-01
    endloop
  endfacet
  facet normal -2.237059e-01 9.740458e-01 -3.450144e-02
    outer loop
      vertex   -8.323257e-03 4.923158e-02 1.840505e-01
      vertex   -1.076353e-02 4.849266e-02 1.790119e-01
      vertex   -1.437293e-02 4.781442e-02 1.832671e-01
    endloop
  endfacet
  facet normal -4.226189e-01 8.930473e-01 -1.544663e-01
    outer loop
      vertex   -2.263838e-02 4.289993e-02 1.739796e-01
      vertex   -2.244359e-02 4.450375e-02 1.827191e-01
      vertex   -1.632006e-02 4.636429e-02 1.767219e-01
    endloop
  endfacet
  facet normal 1.304282e-01 -4.250313e-01 8.957326e-01
    outer loop
      vertex   5.525925e-03 -2.852154e-02 2.158868e-01
      vertex   1.141732e-02 -2.523464e-02 2.165886e-01
      vertex   5.699369e-03 -2.213935e-02 2.188900e-01
    endloop
  endfacet
  facet normal -7.813717e-01 -4.305825e-01 -4.517267e-01
    outer loop
      vertex   -4.322017e-02 -2.089251e-02 9.321550e-02
      vertex   -4.103460e-02 -2.453318e-02 9.290529e-02
      vertex   -4.388248e-02 -2.341634e-02 9.676683e-02
    endloop
  endfacet
  facet normal -4.395667e-01 8.851455e-01 -1.526385e-01
    outer loop
      vertex   -2.707243e-02 4.143316e-02 1.782430e-01
      vertex   -2.244359e-02 4.450375e-02 1.827191e-01
      vertex   -2.263838e-02 4.289993e-02 1.739796e-01
    endloop
  endfacet
  facet normal -7.835164e-01 5.700447e-01 2.472874e-01
    outer loop
      vertex   -3.761719e-02 2.930469e-02 1.949733e-01
      vertex   -3.687734e-02 3.289671e-02 1.890372e-01
      vertex   -3.974060e-02 2.840781e-02 1.903128e-01
    endloop
  endfacet
  facet normal 3.192825e-01 5.651765e-01 7.606801e-01
    outer loop
      vertex   1.287667e-02 3.401109e-02 2.107691e-01
      vertex   1.907205e-02 2.854066e-02 2.122332e-01
      vertex   2.006318e-02 3.413241e-02 2.076625e-01
    endloop
  endfacet
  facet normal -1.920375e-01 -7.929662e-01 5.782094e-01
    outer loop
      vertex   -1.332891e-02 -3.966406e-02 2.051676e-01
      vertex   -1.064019e-02 -4.379752e-02 2.003919e-01
      vertex   -6.468439e-03 -4.131231e-02 2.051857e-01
    endloop
  endfacet
  facet normal 1.073362e-01 4.568483e-01 8.830450e-01
    outer loop
      vertex   1.679211e-03 2.815712e-02 2.162377e-01
      vertex   7.301916e-03 2.180336e-02 2.188414e-01
      vertex   1.039037e-02 2.888091e-02 2.148044e-01
    endloop
  endfacet
  facet normal -4.662746e-01 4.341665e-01 7.707707e-01
    outer loop
      vertex   -2.979968e-02 2.282535e-02 2.097197e-01
      vertex   -2.501778e-02 2.146605e-02 2.133782e-01
      vertex   -2.527502e-02 2.752274e-02 2.098109e-01
    endloop
  endfacet
  facet normal 5.445502e-01 -7.040035e-01 4.558993e-01
    outer loop
      vertex   3.135049e-02 -3.587039e-02 1.358389e-01
      vertex   2.956372e-02 -3.344529e-02 1.417180e-01
      vertex   2.615390e-02 -3.980460e-02 1.359708e-01
    endloop
  endfacet
  facet normal 2.072013e-01 9.571440e-01 -2.023438e-01
    outer loop
      vertex   1.142923e-02 4.843544e-02 1.220047e-01
      vertex   1.554225e-02 4.631688e-02 1.161951e-01
      vertex   9.213833e-03 4.712351e-02 1.135304e-01
    endloop
  endfacet
  facet normal -2.970101e-01 6.588999e-01 6.911121e-01
    outer loop
      vertex   -1.847830e-02 3.226050e-02 2.100772e-01
      vertex   -1.189996e-02 3.622968e-02 2.091201e-01
      vertex   -1.754310e-02 3.835531e-02 2.046684e-01
    endloop
  endfacet
  facet normal -4.947206e-01 -2.123456e-01 8.427104e-01
    outer loop
      vertex   -2.459031e-02 -1.222638e-02 2.167376e-01
      vertex   -2.967692e-02 -7.879550e-03 2.148468e-01
      vertex   -3.080886e-02 -1.501856e-02 2.123834e-01
    endloop
  endfacet
  facet normal -8.149451e-01 5.467000e-01 1.923110e-01
    outer loop
      vertex   -4.308311e-02 2.487405e-02 1.861942e-01
      vertex   -4.179981e-02 2.413313e-02 1.937387e-01
      vertex   -3.974060e-02 2.840781e-02 1.903128e-01
    endloop
  endfacet
  facet normal -8.068581e-01 -2.521913e-01 5.342093e-01
    outer loop
      vertex   -4.360294e-02 -1.007296e-02 2.009070e-01
      vertex   -4.318582e-02 -1.609160e-02 1.986957e-01
      vertex   -4.027671e-02 -1.374007e-02 2.041997e-01
    endloop
  endfacet
  facet normal -7.564482e-01 5.157800e-01 4.021903e-01
    outer loop
      vertex   -3.761719e-02 2.930469e-02 1.949733e-01
      vertex   -4.179981e-02 2.413313e-02 1.937387e-01
      vertex   -3.950604e-02 2.280883e-02 1.997512e-01
    endloop
  endfacet
  facet normal -2.517710e-01 -9.182542e-01 -3.056480e-01
    outer loop
      vertex   -1.499077e-02 -4.427663e-02 1.693329e-01
      vertex   -8.658708e-03 -4.617719e-02 1.698268e-01
      vertex   -1.543796e-02 -4.630570e-02 1.757972e-01
    endloop
  endfacet
  facet normal -5.068955e-01 2.419364e-01 8.273595e-01
    outer loop
      vertex   -3.001885e-02 1.733139e-02 2.122027e-01
      vertex   -3.055298e-02 1.140984e-02 2.136070e-01
      vertex   -2.580131e-02 1.489639e-02 2.154987e-01
    endloop
  endfacet
  facet normal -7.423020e-01 -1.520499e-02 6.698929e-01
    outer loop
      vertex   -3.963367e-02 2.583846e-03 2.074905e-01
      vertex   -4.156387e-02 -1.372825e-04 2.052899e-01
      vertex   -3.852761e-02 -4.055650e-03 2.085654e-01
    endloop
  endfacet
  facet normal -6.563226e-01 8.770405e-02 7.493655e-01
    outer loop
      vertex   -3.833508e-02 8.761986e-03 2.079047e-01
      vertex   -3.963367e-02 2.583846e-03 2.074905e-01
      vertex   -3.325561e-02 5.861940e-03 2.126929e-01
    endloop
  endfacet
  facet normal -4.611370e-01 6.375807e-01 6.171253e-01
    outer loop
      vertex   -2.354074e-02 3.271756e-02 2.068567e-01
      vertex   -2.288369e-02 3.699972e-02 2.029235e-01
      vertex   -2.773087e-02 3.321274e-02 2.032141e-01
    endloop
  endfacet
  facet normal -1.384155e-01 -1.017903e-01 9.851294e-01
    outer loop
      vertex   -6.050723e-03 -3.141110e-03 2.229749e-01
      vertex   -1.256023e-02 -5.980111e-03 2.217670e-01
      vertex   -6.570526e-03 -9.485755e-03 2.222463e-01
    endloop
  endfacet
  facet normal -8.242814e-01 -1.537787e-02 5.659715e-01
    outer loop
      vertex   -4.384735e-02 4.259474e-03 2.020837e-01
      vertex   -4.572571e-02 -1.486117e-05 1.992319e-01
      vertex   -4.156387e-02 -1.372825e-04 2.052899e-01
    endloop
  endfacet
  facet normal 5.460429e-01 -3.057403e-02 8.371991e-01
    outer loop
      vertex   3.444596e-02 -4.563855e-03 2.120655e-01
      vertex   3.212310e-02 2.716690e-03 2.138465e-01
      vertex   2.841480e-02 -3.748511e-03 2.160290e-01
    endloop
  endfacet
  facet normal -4.992550e-01 7.471884e-01 -4.386957e-01
    outer loop
      vertex   -2.226809e-02 3.856946e-02 1.651932e-01
      vertex   -2.711191e-02 3.533293e-02 1.651932e-01
      vertex   -2.750520e-02 3.896467e-02 1.718264e-01
    endloop
  endfacet
  facet normal -5.901020e-01 6.728823e-01 -4.461043e-01
    outer loop
      vertex   -2.711191e-02 3.533293e-02 1.651932e-01
      vertex   -3.149183e-02 3.149183e-02 1.651932e-01
      vertex   -3.235551e-02 3.466080e-02 1.711156e-01
    endloop
  endfacet
  facet normal 8.819814e-02 8.096997e-01 5.801788e-01
    outer loop
      vertex   8.940742e-03 4.224088e-02 2.033503e-01
      vertex   3.883594e-03 4.499616e-02 2.002738e-01
      vertex   2.053217e-03 4.109605e-02 2.059951e-01
    endloop
  endfacet
  facet normal -6.681295e-01 6.111140e-01 -4.244321e-01
    outer loop
      vertex   -3.235551e-02 3.466080e-02 1.711156e-01
      vertex   -3.149183e-02 3.149183e-02 1.651932e-01
      vertex   -3.677649e-02 2.883419e-02 1.696856e-01
    endloop
  endfacet
  facet normal -1.575753e-01 -7.413336e-01 6.523760e-01
    outer loop
      vertex   -5.432100e-03 -3.865140e-02 1.490000e-01
      vertex   -1.075847e-02 -3.751924e-02 1.490000e-01
      vertex   -9.689944e-03 -4.185662e-02 1.443293e-01
    endloop
  endfacet
  facet normal 6.682003e-01 -5.859961e-01 -4.583852e-01
    outer loop
      vertex   3.533293e-02 -2.711191e-02 1.651932e-01
      vertex   3.538265e-02 -3.110137e-02 1.703658e-01
      vertex   3.149183e-02 -3.149183e-02 1.651932e-01
    endloop
  endfacet
  facet normal 6.010469e-02 -6.570783e-01 7.514223e-01
    outer loop
      vertex   -2.377776e-17 -3.466279e-02 2.122027e-01
      vertex   -2.492539e-17 -3.896860e-02 2.084375e-01
      vertex   5.455399e-03 -3.478212e-02 2.116619e-01
    endloop
  endfacet
  facet normal 1.725391e-01 -6.170377e-01 7.677856e-01
    outer loop
      vertex   1.139289e-02 -3.715784e-02 2.084184e-01
      vertex   1.168898e-02 -3.140183e-02 2.129777e-01
      vertex   5.455399e-03 -3.478212e-02 2.116619e-01
    endloop
  endfacet
  facet normal -7.400966e-01 -6.067011e-01 -2.901221e-01
    outer loop
      vertex   -3.960250e-02 -2.654721e-02 1.716406e-01
      vertex   -3.450384e-02 -3.242895e-02 1.709338e-01
      vertex   -3.844306e-02 -3.107548e-02 1.781524e-01
    endloop
  endfacet
  facet normal 2.804030e-01 -5.645537e-01 7.763075e-01
    outer loop
      vertex   1.682447e-02 -2.805599e-02 2.135560e-01
      vertex   1.168898e-02 -3.140183e-02 2.129777e-01
      vertex   1.841103e-02 -3.373597e-02 2.088523e-01
    endloop
  endfacet
  facet normal 4.058448e-01 -5.606072e-01 7.218099e-01
    outer loop
      vertex   1.841103e-02 -3.373597e-02 2.088523e-01
      vertex   2.582633e-02 -3.156706e-02 2.063675e-01
      vertex   2.270918e-02 -2.726827e-02 2.114588e-01
    endloop
  endfacet
  facet normal 4.809132e-01 -6.378208e-01 6.015872e-01
    outer loop
      vertex   2.311506e-02 -3.717049e-02 2.025939e-01
      vertex   2.848639e-02 -3.387644e-02 2.017925e-01
      vertex   2.582633e-02 -3.156706e-02 2.063675e-01
    endloop
  endfacet
  facet normal -4.794210e-01 -4.986786e-01 7.221324e-01
    outer loop
      vertex   -2.324223e-02 -3.030891e-02 2.090680e-01
      vertex   -2.488282e-02 -2.527844e-02 2.114527e-01
      vertex   -2.894641e-02 -2.869051e-02 2.063987e-01
    endloop
  endfacet
  facet normal 4.632250e-01 -4.314733e-01 7.741146e-01
    outer loop
      vertex   2.909153e-02 -2.489228e-02 2.089640e-01
      vertex   2.532706e-02 -2.061893e-02 2.135985e-01
      vertex   2.270918e-02 -2.726827e-02 2.114588e-01
    endloop
  endfacet
  facet normal 5.688947e-01 -3.867887e-01 7.257778e-01
    outer loop
      vertex   3.489738e-02 -2.059923e-02 2.067010e-01
      vertex   3.088543e-02 -1.754487e-02 2.114735e-01
      vertex   2.909153e-02 -2.489228e-02 2.089640e-01
    endloop
  endfacet
  facet normal 1.734099e-01 -8.717891e-01 -4.581623e-01
    outer loop
      vertex   5.813138e-03 -4.415516e-02 1.651932e-01
      vertex   1.152681e-02 -4.301864e-02 1.651932e-01
      vertex   5.397544e-03 -4.655994e-02 1.696117e-01
    endloop
  endfacet
  facet normal 6.878898e-01 -2.972051e-01 6.621758e-01
    outer loop
      vertex   3.489738e-02 -2.059923e-02 2.067010e-01
      vertex   4.028354e-02 -1.611307e-02 2.031192e-01
      vertex   3.639248e-02 -1.206812e-02 2.089769e-01
    endloop
  endfacet
  facet normal 9.198927e-01 2.003686e-01 -3.371199e-01
    outer loop
      vertex   4.820624e-02 8.730772e-03 1.163887e-01
      vertex   4.591316e-02 8.921638e-03 1.102450e-01
      vertex   4.508086e-02 1.402144e-02 1.110050e-01
    endloop
  endfacet
  facet normal 7.290894e-01 -2.314110e-01 6.441099e-01
    outer loop
      vertex   3.639248e-02 -1.206812e-02 2.089769e-01
      vertex   4.028354e-02 -1.611307e-02 2.031192e-01
      vertex   4.199358e-02 -8.875992e-03 2.037837e-01
    endloop
  endfacet
  facet normal 7.213193e-01 -1.757771e-01 6.699260e-01
    outer loop
      vertex   3.639248e-02 -1.206812e-02 2.089769e-01
      vertex   4.199358e-02 -8.875992e-03 2.037837e-01
      vertex   3.905040e-02 -5.165602e-03 2.079262e-01
    endloop
  endfacet
  facet normal 7.675860e-01 -9.826246e-02 6.333689e-01
    outer loop
      vertex   3.905040e-02 -5.165602e-03 2.079262e-01
      vertex   4.199358e-02 -8.875992e-03 2.037837e-01
      vertex   4.268947e-02 -1.727963e-03 2.040493e-01
    endloop
  endfacet
  facet normal 8.308036e-01 4.524398e-02 5.547237e-01
    outer loop
      vertex   4.268947e-02 -1.727963e-03 2.040493e-01
      vertex   4.590873e-02 1.942874e-03 1.989284e-01
      vertex   4.211424e-02 5.631133e-03 2.043106e-01
    endloop
  endfacet
  facet normal -1.761166e-01 8.853963e-01 -4.301817e-01
    outer loop
      vertex   -5.813138e-03 4.415516e-02 1.651932e-01
      vertex   -1.152681e-02 4.301864e-02 1.651932e-01
      vertex   -9.428713e-03 4.710001e-02 1.727345e-01
    endloop
  endfacet
  facet normal 8.018505e-01 1.997741e-01 5.631394e-01
    outer loop
      vertex   4.211424e-02 5.631133e-03 2.043106e-01
      vertex   4.503390e-02 9.419796e-03 1.988093e-01
      vertex   3.986537e-02 1.467022e-02 2.043061e-01
    endloop
  endfacet
  facet normal 8.141191e-01 2.554537e-01 5.214917e-01
    outer loop
      vertex   3.986537e-02 1.467022e-02 2.043061e-01
      vertex   4.503390e-02 9.419796e-03 1.988093e-01
      vertex   4.343744e-02 1.684394e-02 1.976648e-01
    endloop
  endfacet
  facet normal 5.414660e-02 -7.496859e-01 6.595751e-01
    outer loop
      vertex   -2.492539e-17 -3.896860e-02 2.084375e-01
      vertex   -2.619734e-17 -4.264014e-02 2.042643e-01
      vertex   5.737804e-03 -4.015913e-02 2.066133e-01
    endloop
  endfacet
  facet normal 5.719163e-01 6.481150e-01 5.028506e-01
    outer loop
      vertex   3.094074e-02 3.064597e-02 2.027245e-01
      vertex   3.060158e-02 3.541362e-02 1.969653e-01
      vertex   2.598383e-02 3.474288e-02 2.030818e-01
    endloop
  endfacet
  facet normal 8.822420e-01 -3.127543e-01 3.519004e-01
    outer loop
      vertex   4.477990e-02 -1.240966e-02 1.979741e-01
      vertex   4.307469e-02 -1.924279e-02 1.961762e-01
      vertex   4.661614e-02 -1.463604e-02 1.913918e-01
    endloop
  endfacet
  facet normal 9.086469e-01 -2.466747e-01 3.369160e-01
    outer loop
      vertex   4.477990e-02 -1.240966e-02 1.979741e-01
      vertex   4.661614e-02 -1.463604e-02 1.913918e-01
      vertex   4.770978e-02 -8.179533e-03 1.931695e-01
    endloop
  endfacet
  facet normal 9.003506e-01 -1.673421e-01 4.017032e-01
    outer loop
      vertex   4.477990e-02 -1.240966e-02 1.979741e-01
      vertex   4.770978e-02 -8.179533e-03 1.931695e-01
      vertex   4.577558e-02 -5.245267e-03 1.987270e-01
    endloop
  endfacet
  facet normal 9.224536e-01 -9.885827e-02 3.732378e-01
    outer loop
      vertex   4.577558e-02 -5.245267e-03 1.987270e-01
      vertex   4.770978e-02 -8.179533e-03 1.931695e-01
      vertex   4.819810e-02 -1.388946e-03 1.937612e-01
    endloop
  endfacet
  facet normal 9.867349e-01 1.163363e-01 1.132262e-01
    outer loop
      vertex   4.942276e-02 2.404123e-03 1.888178e-01
      vertex   4.961664e-02 5.758468e-03 1.836818e-01
      vertex   4.863536e-02 9.371729e-03 1.885208e-01
    endloop
  endfacet
  facet normal 9.788496e-01 1.982619e-01 5.045443e-02
    outer loop
      vertex   4.863536e-02 9.371729e-03 1.885208e-01
      vertex   4.961664e-02 5.758468e-03 1.836818e-01
      vertex   4.827976e-02 1.253310e-02 1.829971e-01
    endloop
  endfacet
  facet normal 9.568895e-01 2.743357e-01 9.540673e-02
    outer loop
      vertex   4.863536e-02 9.371729e-03 1.885208e-01
      vertex   4.827976e-02 1.253310e-02 1.829971e-01
      vertex   4.653414e-02 1.701701e-02 1.876117e-01
    endloop
  endfacet
  facet normal -8.430695e-01 -2.861830e-01 -4.553384e-01
    outer loop
      vertex   -4.114606e-02 -1.704326e-02 1.651932e-01
      vertex   -4.482190e-02 -1.394419e-02 1.700513e-01
      vertex   -4.301864e-02 -1.152681e-02 1.651932e-01
    endloop
  endfacet
  facet normal 1.073746e-01 -8.031487e-01 5.860229e-01
    outer loop
      vertex   5.737804e-03 -4.015913e-02 2.066133e-01
      vertex   -2.619734e-17 -4.264014e-02 2.042643e-01
      vertex   6.823893e-03 -4.456978e-02 2.003694e-01
    endloop
  endfacet
  facet normal 1.969902e-01 -8.321969e-01 5.183080e-01
    outer loop
      vertex   6.823893e-03 -4.456978e-02 2.003694e-01
      vertex   1.376225e-02 -4.397315e-02 1.986904e-01
      vertex   1.069704e-02 -4.161942e-02 2.036345e-01
    endloop
  endfacet
  facet normal 3.294997e-01 -7.982104e-01 5.042719e-01
    outer loop
      vertex   1.637066e-02 -3.977500e-02 2.036312e-01
      vertex   1.376225e-02 -4.397315e-02 1.986904e-01
      vertex   2.033689e-02 -4.210663e-02 1.973489e-01
    endloop
  endfacet
  facet normal 3.759820e-01 -7.658693e-01 5.216145e-01
    outer loop
      vertex   1.637066e-02 -3.977500e-02 2.036312e-01
      vertex   2.033689e-02 -4.210663e-02 1.973489e-01
      vertex   2.311506e-02 -3.717049e-02 2.025939e-01
    endloop
  endfacet
  facet normal 1.162230e-01 -8.015938e-01 5.864636e-01
    outer loop
      vertex   6.823893e-03 -4.456978e-02 2.003694e-01
      vertex   1.069704e-02 -4.161942e-02 2.036345e-01
      vertex   5.737804e-03 -4.015913e-02 2.066133e-01
    endloop
  endfacet
  facet normal 8.018559e-01 3.954319e-01 -4.479517e-01
    outer loop
      vertex   3.856946e-02 2.226809e-02 1.651932e-01
      vertex   4.139431e-02 2.390211e-02 1.716922e-01
      vertex   4.114606e-02 1.704326e-02 1.651932e-01
    endloop
  endfacet
  facet normal 5.559789e-01 -5.658144e-01 6.088854e-01
    outer loop
      vertex   3.307003e-02 -2.814394e-02 2.029341e-01
      vertex   2.582633e-02 -3.156706e-02 2.063675e-01
      vertex   2.848639e-02 -3.387644e-02 2.017925e-01
    endloop
  endfacet
  facet normal 5.633727e-01 -6.764073e-01 4.744305e-01
    outer loop
      vertex   2.815656e-02 -3.730765e-02 1.972922e-01
      vertex   3.253425e-02 -3.253121e-02 1.989037e-01
      vertex   2.848639e-02 -3.387644e-02 2.017925e-01
    endloop
  endfacet
  facet normal 4.364015e-01 3.603842e-01 8.244252e-01
    outer loop
      vertex   3.001885e-02 1.733139e-02 2.122027e-01
      vertex   2.569682e-02 2.386980e-02 2.116323e-01
      vertex   2.284348e-02 1.915464e-02 2.152039e-01
    endloop
  endfacet
  facet normal 6.850746e-01 -5.099318e-01 5.202329e-01
    outer loop
      vertex   3.687936e-02 -2.865337e-02 1.974184e-01
      vertex   3.836145e-02 -2.305441e-02 2.009548e-01
      vertex   3.307003e-02 -2.814394e-02 2.029341e-01
    endloop
  endfacet
  facet normal 7.881689e-01 -4.549528e-01 4.144970e-01
    outer loop
      vertex   4.307469e-02 -1.924279e-02 1.961762e-01
      vertex   3.836145e-02 -2.305441e-02 2.009548e-01
      vertex   4.116400e-02 -2.515423e-02 1.933210e-01
    endloop
  endfacet
  facet normal 7.667023e-01 -5.489019e-01 3.329779e-01
    outer loop
      vertex   3.844197e-02 -3.000434e-02 1.915934e-01
      vertex   4.116400e-02 -2.515423e-02 1.933210e-01
      vertex   3.687936e-02 -2.865337e-02 1.974184e-01
    endloop
  endfacet
  facet normal 6.726808e-01 6.550111e-01 3.441815e-01
    outer loop
      vertex   3.378052e-02 3.516635e-02 1.912228e-01
      vertex   3.060158e-02 3.541362e-02 1.969653e-01
      vertex   3.618387e-02 2.965169e-02 1.970206e-01
    endloop
  endfacet
  facet normal 8.590199e-01 -4.194297e-01 2.935362e-01
    outer loop
      vertex   4.307469e-02 -1.924279e-02 1.961762e-01
      vertex   4.116400e-02 -2.515423e-02 1.933210e-01
      vertex   4.481569e-02 -2.085163e-02 1.887824e-01
    endloop
  endfacet
  facet normal 8.801988e-01 -3.763539e-01 2.891502e-01
    outer loop
      vertex   4.307469e-02 -1.924279e-02 1.961762e-01
      vertex   4.481569e-02 -2.085163e-02 1.887824e-01
      vertex   4.661614e-02 -1.463604e-02 1.913918e-01
    endloop
  endfacet
  facet normal 9.499705e-01 -2.215333e-01 2.201794e-01
    outer loop
      vertex   4.770978e-02 -8.179533e-03 1.931695e-01
      vertex   4.661614e-02 -1.463604e-02 1.913918e-01
      vertex   4.860223e-02 -9.952502e-03 1.875351e-01
    endloop
  endfacet
  facet normal 9.581195e-01 -9.251508e-02 2.710129e-01
    outer loop
      vertex   4.819810e-02 -1.388946e-03 1.937612e-01
      vertex   4.770978e-02 -8.179533e-03 1.931695e-01
      vertex   4.938200e-02 -3.998221e-03 1.886850e-01
    endloop
  endfacet
  facet normal 9.645987e-01 -1.659119e-01 2.049940e-01
    outer loop
      vertex   4.860223e-02 -9.952502e-03 1.875351e-01
      vertex   4.938200e-02 -3.998221e-03 1.886850e-01
      vertex   4.770978e-02 -8.179533e-03 1.931695e-01
    endloop
  endfacet
  facet normal 9.725380e-01 -1.101552e-02 2.324833e-01
    outer loop
      vertex   4.819810e-02 -1.388946e-03 1.937612e-01
      vertex   4.938200e-02 -3.998221e-03 1.886850e-01
      vertex   4.942276e-02 2.404123e-03 1.888178e-01
    endloop
  endfacet
  facet normal 9.933582e-01 -8.704425e-03 1.147333e-01
    outer loop
      vertex   4.942276e-02 2.404123e-03 1.888178e-01
      vertex   4.938200e-02 -3.998221e-03 1.886850e-01
      vertex   4.995316e-02 -5.790322e-04 1.839993e-01
    endloop
  endfacet
  facet normal 9.956096e-01 5.660261e-02 7.454935e-02
    outer loop
      vertex   4.942276e-02 2.404123e-03 1.888178e-01
      vertex   4.995316e-02 -5.790322e-04 1.839993e-01
      vertex   4.961664e-02 5.758468e-03 1.836818e-01
    endloop
  endfacet
  facet normal 9.978305e-01 5.089234e-02 -4.176528e-02
    outer loop
      vertex   4.961664e-02 5.758468e-03 1.836818e-01
      vertex   4.995316e-02 -5.790322e-04 1.839993e-01
      vertex   4.959997e-02 2.208703e-03 1.789581e-01
    endloop
  endfacet
  facet normal 9.893081e-01 1.148916e-01 -8.982972e-02
    outer loop
      vertex   4.961664e-02 5.758468e-03 1.836818e-01
      vertex   4.959997e-02 2.208703e-03 1.789581e-01
      vertex   4.881444e-02 8.622318e-03 1.785098e-01
    endloop
  endfacet
  facet normal 9.808701e-01 1.887477e-01 -4.762462e-02
    outer loop
      vertex   4.961664e-02 5.758468e-03 1.836818e-01
      vertex   4.881444e-02 8.622318e-03 1.785098e-01
      vertex   4.827976e-02 1.253310e-02 1.829971e-01
    endloop
  endfacet
  facet normal 9.431811e-01 2.318021e-01 -2.380695e-01
    outer loop
      vertex   4.686922e-02 1.072839e-02 1.728539e-01
      vertex   4.696084e-02 1.498609e-02 1.773625e-01
      vertex   4.881444e-02 8.622318e-03 1.785098e-01
    endloop
  endfacet
  facet normal 9.455393e-02 -8.848729e-01 4.561354e-01
    outer loop
      vertex   6.823893e-03 -4.456978e-02 2.003694e-01
      vertex   -2.757293e-17 -4.561765e-02 1.997512e-01
      vertex   4.802646e-03 -4.717343e-02 1.957375e-01
    endloop
  endfacet
  facet normal 9.637950e-02 -9.505150e-01 2.953511e-01
    outer loop
      vertex   2.339180e-06 -4.847076e-02 1.931288e-01
      vertex   5.392225e-03 -4.886935e-02 1.900872e-01
      vertex   4.802646e-03 -4.717343e-02 1.957375e-01
    endloop
  endfacet
  facet normal 1.562895e-01 -8.885788e-01 4.312787e-01
    outer loop
      vertex   1.000890e-02 -4.702038e-02 1.941662e-01
      vertex   6.823893e-03 -4.456978e-02 2.003694e-01
      vertex   4.802646e-03 -4.717343e-02 1.957375e-01
    endloop
  endfacet
  facet normal -6.222600e-01 -4.173849e-01 6.622555e-01
    outer loop
      vertex   -3.605827e-02 -1.757951e-02 2.072091e-01
      vertex   -3.575772e-02 -2.428586e-02 2.032648e-01
      vertex   -3.085354e-02 -2.205820e-02 2.092768e-01
    endloop
  endfacet
  facet normal 1.822482e-01 -8.789144e-01 4.407891e-01
    outer loop
      vertex   6.823893e-03 -4.456978e-02 2.003694e-01
      vertex   1.000890e-02 -4.702038e-02 1.941662e-01
      vertex   1.376225e-02 -4.397315e-02 1.986904e-01
    endloop
  endfacet
  facet normal 2.740413e-01 -8.875155e-01 3.704290e-01
    outer loop
      vertex   1.376225e-02 -4.397315e-02 1.986904e-01
      vertex   1.000890e-02 -4.702038e-02 1.941662e-01
      vertex   1.572275e-02 -4.599617e-02 1.923930e-01
    endloop
  endfacet
  facet normal 3.234893e-01 -8.669233e-01 3.792080e-01
    outer loop
      vertex   1.376225e-02 -4.397315e-02 1.986904e-01
      vertex   1.572275e-02 -4.599617e-02 1.923930e-01
      vertex   2.033689e-02 -4.210663e-02 1.973489e-01
    endloop
  endfacet
  facet normal 4.060420e-01 -8.633639e-01 2.995540e-01
    outer loop
      vertex   2.033689e-02 -4.210663e-02 1.973489e-01
      vertex   1.572275e-02 -4.599617e-02 1.923930e-01
      vertex   2.135885e-02 -4.427308e-02 1.897196e-01
    endloop
  endfacet
  facet normal 4.661204e-01 -7.540521e-01 4.627495e-01
    outer loop
      vertex   2.311506e-02 -3.717049e-02 2.025939e-01
      vertex   2.033689e-02 -4.210663e-02 1.973489e-01
      vertex   2.815656e-02 -3.730765e-02 1.972922e-01
    endloop
  endfacet
  facet normal 4.080543e-01 -8.624147e-01 2.995540e-01
    outer loop
      vertex   2.135885e-02 -4.427308e-02 1.897196e-01
      vertex   2.573474e-02 -4.100649e-02 1.931632e-01
      vertex   2.033689e-02 -4.210663e-02 1.973489e-01
    endloop
  endfacet
  facet normal 5.968561e-01 -2.026050e-01 7.763466e-01
    outer loop
      vertex   4.301864e-02 -1.152681e-02 1.058182e-01
      vertex   4.114606e-02 -1.704326e-02 1.058182e-01
      vertex   4.384573e-02 -1.486293e-02 1.043117e-01
    endloop
  endfacet
  facet normal 5.927182e-01 -7.408309e-01 3.159979e-01
    outer loop
      vertex   2.815656e-02 -3.730765e-02 1.972922e-01
      vertex   2.573474e-02 -4.100649e-02 1.931632e-01
      vertex   3.094192e-02 -3.822996e-02 1.899054e-01
    endloop
  endfacet
  facet normal 6.083173e-01 -6.899178e-01 3.923818e-01
    outer loop
      vertex   3.253425e-02 -3.253121e-02 1.989037e-01
      vertex   2.815656e-02 -3.730765e-02 1.972922e-01
      vertex   3.440271e-02 -3.375214e-02 1.938603e-01
    endloop
  endfacet
  facet normal 5.946157e-01 -7.390954e-01 3.164967e-01
    outer loop
      vertex   3.094192e-02 -3.822996e-02 1.899054e-01
      vertex   3.440271e-02 -3.375214e-02 1.938603e-01
      vertex   2.815656e-02 -3.730765e-02 1.972922e-01
    endloop
  endfacet
  facet normal 6.824832e-01 -6.112063e-01 4.008036e-01
    outer loop
      vertex   3.253425e-02 -3.253121e-02 1.989037e-01
      vertex   3.440271e-02 -3.375214e-02 1.938603e-01
      vertex   3.687936e-02 -2.865337e-02 1.974184e-01
    endloop
  endfacet
  facet normal 7.349838e-01 -5.901066e-01 3.340255e-01
    outer loop
      vertex   3.687936e-02 -2.865337e-02 1.974184e-01
      vertex   3.440271e-02 -3.375214e-02 1.938603e-01
      vertex   3.844197e-02 -3.000434e-02 1.915934e-01
    endloop
  endfacet
  facet normal 7.797526e-01 -4.686353e-01 4.151708e-01
    outer loop
      vertex   3.687936e-02 -2.865337e-02 1.974184e-01
      vertex   4.116400e-02 -2.515423e-02 1.933210e-01
      vertex   3.836145e-02 -2.305441e-02 2.009548e-01
    endloop
  endfacet
  facet normal 8.725674e-01 -4.844268e-01 6.290375e-02
    outer loop
      vertex   4.459544e-02 -2.216471e-02 1.817254e-01
      vertex   4.481569e-02 -2.085163e-02 1.887824e-01
      vertex   4.134593e-02 -2.736271e-02 1.867706e-01
    endloop
  endfacet
  facet normal 9.095844e-01 -4.126906e-01 4.840069e-02
    outer loop
      vertex   4.481569e-02 -2.085163e-02 1.887824e-01
      vertex   4.459544e-02 -2.216471e-02 1.817254e-01
      vertex   4.724939e-02 -1.597649e-02 1.846144e-01
    endloop
  endfacet
  facet normal 9.302160e-01 -3.336445e-01 1.529037e-01
    outer loop
      vertex   4.481569e-02 -2.085163e-02 1.887824e-01
      vertex   4.724939e-02 -1.597649e-02 1.846144e-01
      vertex   4.661614e-02 -1.463604e-02 1.913918e-01
    endloop
  endfacet
  facet normal 9.481543e-01 -2.830256e-01 1.445683e-01
    outer loop
      vertex   4.661614e-02 -1.463604e-02 1.913918e-01
      vertex   4.724939e-02 -1.597649e-02 1.846144e-01
      vertex   4.860223e-02 -9.952502e-03 1.875351e-01
    endloop
  endfacet
  facet normal 9.716338e-01 -2.341831e-01 3.295465e-02
    outer loop
      vertex   4.860223e-02 -9.952502e-03 1.875351e-01
      vertex   4.724939e-02 -1.597649e-02 1.846144e-01
      vertex   4.867144e-02 -1.049576e-02 1.816341e-01
    endloop
  endfacet
  facet normal 9.780958e-01 -2.059191e-01 3.042842e-02
    outer loop
      vertex   4.860223e-02 -9.952502e-03 1.875351e-01
      vertex   4.867144e-02 -1.049576e-02 1.816341e-01
      vertex   4.956048e-02 -5.871195e-03 1.843524e-01
    endloop
  endfacet
  facet normal 9.832493e-01 -1.490305e-01 1.049316e-01
    outer loop
      vertex   4.860223e-02 -9.952502e-03 1.875351e-01
      vertex   4.956048e-02 -5.871195e-03 1.843524e-01
      vertex   4.938200e-02 -3.998221e-03 1.886850e-01
    endloop
  endfacet
  facet normal 9.950890e-01 -6.910652e-02 7.086793e-02
    outer loop
      vertex   4.938200e-02 -3.998221e-03 1.886850e-01
      vertex   4.956048e-02 -5.871195e-03 1.843524e-01
      vertex   4.995316e-02 -5.790322e-04 1.839993e-01
    endloop
  endfacet
  facet normal 9.965688e-01 -1.929342e-02 -8.048880e-02
    outer loop
      vertex   4.959997e-02 2.208703e-03 1.789581e-01
      vertex   4.995316e-02 -5.790322e-04 1.839993e-01
      vertex   4.953298e-02 -4.262573e-03 1.796799e-01
    endloop
  endfacet
  facet normal 9.720221e-01 1.043446e-01 -2.104406e-01
    outer loop
      vertex   4.959997e-02 2.208703e-03 1.789581e-01
      vertex   4.813934e-02 4.984233e-03 1.735877e-01
      vertex   4.881444e-02 8.622318e-03 1.785098e-01
    endloop
  endfacet
  facet normal 9.491397e-01 1.765696e-01 -2.606856e-01
    outer loop
      vertex   4.881444e-02 8.622318e-03 1.785098e-01
      vertex   4.813934e-02 4.984233e-03 1.735877e-01
      vertex   4.686922e-02 1.072839e-02 1.728539e-01
    endloop
  endfacet
  facet normal 9.593212e-01 2.592909e-01 -1.116735e-01
    outer loop
      vertex   4.827976e-02 1.253310e-02 1.829971e-01
      vertex   4.881444e-02 8.622318e-03 1.785098e-01
      vertex   4.696084e-02 1.498609e-02 1.773625e-01
    endloop
  endfacet
  facet normal 3.757782e-02 -9.800780e-01 1.950257e-01
    outer loop
      vertex   5.392225e-03 -4.886935e-02 1.900872e-01
      vertex   2.339180e-06 -4.847076e-02 1.931288e-01
      vertex   -3.170328e-17 -4.984962e-02 1.862000e-01
    endloop
  endfacet
  facet normal 1.072832e-01 -9.891244e-01 1.006143e-01
    outer loop
      vertex   5.392225e-03 -4.886935e-02 1.900872e-01
      vertex   -3.170328e-17 -4.984962e-02 1.862000e-01
      vertex   5.646479e-03 -4.957579e-02 1.828712e-01
    endloop
  endfacet
  facet normal 2.219188e-02 -9.987621e-01 -4.451805e-02
    outer loop
      vertex   5.646479e-03 -4.957579e-02 1.828712e-01
      vertex   -3.170328e-17 -4.984962e-02 1.862000e-01
      vertex   -2.398019e-09 -4.950943e-02 1.785678e-01
    endloop
  endfacet
  facet normal 7.433660e-01 4.967010e-01 -4.479902e-01
    outer loop
      vertex   3.856946e-02 2.226809e-02 1.651932e-01
      vertex   3.533293e-02 2.711191e-02 1.651932e-01
      vertex   4.139431e-02 2.390211e-02 1.716922e-01
    endloop
  endfacet
  facet normal 8.855491e-02 -9.873641e-01 -1.314163e-01
    outer loop
      vertex   5.646479e-03 -4.957579e-02 1.828712e-01
      vertex   -2.398019e-09 -4.950943e-02 1.785678e-01
      vertex   5.528858e-03 -4.861819e-02 1.755973e-01
    endloop
  endfacet
  facet normal -7.951255e-01 5.903542e-01 1.387709e-01
    outer loop
      vertex   -4.308311e-02 2.487405e-02 1.861942e-01
      vertex   -3.974060e-02 2.840781e-02 1.903128e-01
      vertex   -3.992668e-02 2.979361e-02 1.833513e-01
    endloop
  endfacet
  facet normal -7.933349e-01 5.970999e-01 -1.187075e-01
    outer loop
      vertex   -4.296392e-02 2.480524e-02 1.785580e-01
      vertex   -3.992668e-02 2.979361e-02 1.833513e-01
      vertex   -3.800508e-02 3.091275e-02 1.761384e-01
    endloop
  endfacet
  facet normal 2.031136e-01 -8.799772e-01 -4.294007e-01
    outer loop
      vertex   1.093602e-02 -4.664536e-02 1.723460e-01
      vertex   1.152681e-02 -4.301864e-02 1.651932e-01
      vertex   1.549007e-02 -4.445214e-02 1.700056e-01
    endloop
  endfacet
  facet normal -7.998438e-01 -4.931361e-01 3.421501e-01
    outer loop
      vertex   -4.235923e-02 -2.431793e-02 1.912497e-01
      vertex   -3.765155e-02 -2.903808e-02 1.954517e-01
      vertex   -4.120747e-02 -2.208833e-02 1.971556e-01
    endloop
  endfacet
  facet normal 6.408227e-01 -2.780563e-01 7.155634e-01
    outer loop
      vertex   4.384573e-02 -1.486293e-02 1.043117e-01
      vertex   4.546056e-02 -1.769902e-02 1.017635e-01
      vertex   4.618421e-02 -1.288231e-02 1.029871e-01
    endloop
  endfacet
  facet normal 3.502822e-01 -8.861047e-01 -3.035143e-01
    outer loop
      vertex   1.633119e-02 -4.634977e-02 1.765164e-01
      vertex   1.549007e-02 -4.445214e-02 1.700056e-01
      vertex   2.091706e-02 -4.293806e-02 1.718484e-01
    endloop
  endfacet
  facet normal 4.327605e-01 -8.755517e-01 -2.147733e-01
    outer loop
      vertex   1.633119e-02 -4.634977e-02 1.765164e-01
      vertex   2.091706e-02 -4.293806e-02 1.718484e-01
      vertex   2.165791e-02 -4.480722e-02 1.809611e-01
    endloop
  endfacet
  facet normal 4.232218e-01 -8.801606e-01 -2.149432e-01
    outer loop
      vertex   2.165791e-02 -4.480722e-02 1.809611e-01
      vertex   2.091706e-02 -4.293806e-02 1.718484e-01
      vertex   2.644555e-02 -4.149310e-02 1.768171e-01
    endloop
  endfacet
  facet normal 5.292164e-01 -8.459818e-01 -6.515224e-02
    outer loop
      vertex   2.165791e-02 -4.480722e-02 1.809611e-01
      vertex   2.644555e-02 -4.149310e-02 1.768171e-01
      vertex   2.664427e-02 -4.204487e-02 1.855959e-01
    endloop
  endfacet
  facet normal 5.464020e-01 -8.350085e-01 -6.485156e-02
    outer loop
      vertex   2.664427e-02 -4.204487e-02 1.855959e-01
      vertex   2.644555e-02 -4.149310e-02 1.768171e-01
      vertex   3.158259e-02 -3.847406e-02 1.812267e-01
    endloop
  endfacet
  facet normal 6.233627e-01 -7.789769e-01 6.792607e-02
    outer loop
      vertex   2.664427e-02 -4.204487e-02 1.855959e-01
      vertex   3.158259e-02 -3.847406e-02 1.812267e-01
      vertex   3.094192e-02 -3.822996e-02 1.899054e-01
    endloop
  endfacet
  facet normal 6.651278e-01 -7.434404e-01 7.000967e-02
    outer loop
      vertex   3.094192e-02 -3.822996e-02 1.899054e-01
      vertex   3.158259e-02 -3.847406e-02 1.812267e-01
      vertex   3.680904e-02 -3.336186e-02 1.858596e-01
    endloop
  endfacet
  facet normal 6.976033e-01 -6.945474e-01 1.759361e-01
    outer loop
      vertex   3.094192e-02 -3.822996e-02 1.899054e-01
      vertex   3.680904e-02 -3.336186e-02 1.858596e-01
      vertex   3.440271e-02 -3.375214e-02 1.938603e-01
    endloop
  endfacet
  facet normal 7.221605e-01 -6.666152e-01 1.846847e-01
    outer loop
      vertex   3.440271e-02 -3.375214e-02 1.938603e-01
      vertex   3.680904e-02 -3.336186e-02 1.858596e-01
      vertex   3.844197e-02 -3.000434e-02 1.915934e-01
    endloop
  endfacet
  facet normal 2.820311e-01 -8.308383e-01 -4.797564e-01
    outer loop
      vertex   1.152681e-02 -4.301864e-02 1.651932e-01
      vertex   1.704326e-02 -4.114606e-02 1.651932e-01
      vertex   1.549007e-02 -4.445214e-02 1.700056e-01
    endloop
  endfacet
  facet normal 3.766364e-01 -8.157954e-01 -4.388883e-01
    outer loop
      vertex   1.549007e-02 -4.445214e-02 1.700056e-01
      vertex   1.704326e-02 -4.114606e-02 1.651932e-01
      vertex   2.091706e-02 -4.293806e-02 1.718484e-01
    endloop
  endfacet
  facet normal 8.214093e-01 -5.331536e-01 2.025686e-01
    outer loop
      vertex   4.116400e-02 -2.515423e-02 1.933210e-01
      vertex   3.844197e-02 -3.000434e-02 1.915934e-01
      vertex   4.134593e-02 -2.736271e-02 1.867706e-01
    endloop
  endfacet
  facet normal 3.957640e-01 -8.025293e-01 -4.464499e-01
    outer loop
      vertex   1.704326e-02 -4.114606e-02 1.651932e-01
      vertex   2.226809e-02 -3.856946e-02 1.651932e-01
      vertex   2.091706e-02 -4.293806e-02 1.718484e-01
    endloop
  endfacet
  facet normal 4.154040e-01 -7.968414e-01 -4.387293e-01
    outer loop
      vertex   2.091706e-02 -4.293806e-02 1.718484e-01
      vertex   2.226809e-02 -3.856946e-02 1.651932e-01
      vertex   2.557291e-02 -3.946332e-02 1.699458e-01
    endloop
  endfacet
  facet normal 4.870124e-01 -8.188766e-01 -3.037434e-01
    outer loop
      vertex   2.091706e-02 -4.293806e-02 1.718484e-01
      vertex   2.557291e-02 -3.946332e-02 1.699458e-01
      vertex   2.644555e-02 -4.149310e-02 1.768171e-01
    endloop
  endfacet
  facet normal 5.535693e-01 -7.769634e-01 -2.998148e-01
    outer loop
      vertex   2.644555e-02 -4.149310e-02 1.768171e-01
      vertex   2.557291e-02 -3.946332e-02 1.699458e-01
      vertex   3.066460e-02 -3.661620e-02 1.719687e-01
    endloop
  endfacet
  facet normal 6.243423e-01 -7.516237e-01 -2.127403e-01
    outer loop
      vertex   2.644555e-02 -4.149310e-02 1.768171e-01
      vertex   3.066460e-02 -3.661620e-02 1.719687e-01
      vertex   3.158259e-02 -3.847406e-02 1.812267e-01
    endloop
  endfacet
  facet normal 6.253173e-01 -7.508305e-01 -2.126778e-01
    outer loop
      vertex   3.158259e-02 -3.847406e-02 1.812267e-01
      vertex   3.066460e-02 -3.661620e-02 1.719687e-01
      vertex   3.573845e-02 -3.382565e-02 1.770352e-01
    endloop
  endfacet
  facet normal 7.211503e-01 -6.908855e-01 -5.117995e-02
    outer loop
      vertex   3.158259e-02 -3.847406e-02 1.812267e-01
      vertex   3.573845e-02 -3.382565e-02 1.770352e-01
      vertex   3.680904e-02 -3.336186e-02 1.858596e-01
    endloop
  endfacet
  facet normal 3.874013e-01 1.197144e-01 9.141054e-01
    outer loop
      vertex   2.133371e-02 3.536871e-03 2.193368e-01
      vertex   2.672412e-02 8.508824e-03 2.164012e-01
      vertex   2.116380e-02 1.221893e-02 2.182718e-01
    endloop
  endfacet
  facet normal -6.949662e-01 -3.874110e-01 6.057514e-01
    outer loop
      vertex   -3.605827e-02 -1.757951e-02 2.072091e-01
      vertex   -3.978075e-02 -1.907875e-02 2.019795e-01
      vertex   -3.575772e-02 -2.428586e-02 2.032648e-01
    endloop
  endfacet
  facet normal -4.203409e-01 -8.619350e-01 -2.835165e-01
    outer loop
      vertex   -2.614627e-02 -4.105905e-02 1.745776e-01
      vertex   -2.090016e-02 -4.227045e-02 1.704826e-01
      vertex   -2.252539e-02 -4.403327e-02 1.782514e-01
    endloop
  endfacet
  facet normal 4.882948e-01 -7.307852e-01 -4.769918e-01
    outer loop
      vertex   2.226809e-02 -3.856946e-02 1.651932e-01
      vertex   2.711191e-02 -3.533293e-02 1.651932e-01
      vertex   2.557291e-02 -3.946332e-02 1.699458e-01
    endloop
  endfacet
  facet normal 5.647035e-01 -7.046860e-01 -4.295666e-01
    outer loop
      vertex   2.557291e-02 -3.946332e-02 1.699458e-01
      vertex   2.711191e-02 -3.533293e-02 1.651932e-01
      vertex   3.066460e-02 -3.661620e-02 1.719687e-01
    endloop
  endfacet
  facet normal 7.473593e-01 -6.620666e-01 -5.587427e-02
    outer loop
      vertex   3.573845e-02 -3.382565e-02 1.770352e-01
      vertex   4.047540e-02 -2.872363e-02 1.799404e-01
      vertex   3.680904e-02 -3.336186e-02 1.858596e-01
    endloop
  endfacet
  facet normal 1.285072e-01 -9.829539e-01 -1.314818e-01
    outer loop
      vertex   5.646479e-03 -4.957579e-02 1.828712e-01
      vertex   5.528858e-03 -4.861819e-02 1.755973e-01
      vertex   1.113186e-02 -4.844449e-02 1.797750e-01
    endloop
  endfacet
  facet normal 5.925250e-01 -6.756452e-01 -4.386544e-01
    outer loop
      vertex   2.711191e-02 -3.533293e-02 1.651932e-01
      vertex   3.149183e-02 -3.149183e-02 1.651932e-01
      vertex   3.066460e-02 -3.661620e-02 1.719687e-01
    endloop
  endfacet
  facet normal 6.253026e-01 -6.572484e-01 -4.207388e-01
    outer loop
      vertex   3.066460e-02 -3.661620e-02 1.719687e-01
      vertex   3.149183e-02 -3.149183e-02 1.651932e-01
      vertex   3.538265e-02 -3.110137e-02 1.703658e-01
    endloop
  endfacet
  facet normal 7.684065e-01 -6.172943e-01 -1.688173e-01
    outer loop
      vertex   4.047540e-02 -2.872363e-02 1.799404e-01
      vertex   3.573845e-02 -3.382565e-02 1.770352e-01
      vertex   3.916129e-02 -2.880340e-02 1.742507e-01
    endloop
  endfacet
  facet normal 7.020255e-01 -6.453800e-01 -3.010727e-01
    outer loop
      vertex   3.538265e-02 -3.110137e-02 1.703658e-01
      vertex   3.916129e-02 -2.880340e-02 1.742507e-01
      vertex   3.573845e-02 -3.382565e-02 1.770352e-01
    endloop
  endfacet
  facet normal 7.894192e-01 -3.892988e-01 -4.746196e-01
    outer loop
      vertex   3.856946e-02 -2.226809e-02 1.651932e-01
      vertex   4.114606e-02 -1.704326e-02 1.651932e-01
      vertex   4.267389e-02 -1.980171e-02 1.699969e-01
    endloop
  endfacet
  facet normal 8.470438e-01 -5.315191e-01 -2.054155e-03
    outer loop
      vertex   4.134593e-02 -2.736271e-02 1.867706e-01
      vertex   4.047540e-02 -2.872363e-02 1.799404e-01
      vertex   4.459544e-02 -2.216471e-02 1.817254e-01
    endloop
  endfacet
  facet normal 9.989817e-02 -6.952658e-01 7.117765e-01
    outer loop
      vertex   1.152681e-02 -4.301864e-02 1.651932e-01
      vertex   9.572678e-03 -4.583483e-02 1.627166e-01
      vertex   1.355042e-02 -4.516335e-02 1.628142e-01
    endloop
  endfacet
  facet normal 8.731871e-01 5.723153e-02 -4.840132e-01
    outer loop
      vertex   4.679994e-02 1.782163e-03 1.694879e-01
      vertex   4.453618e-02 5.660705e-17 1.651932e-01
      vertex   4.415516e-02 5.813138e-03 1.651932e-01
    endloop
  endfacet
  facet normal 8.867286e-01 1.763816e-01 -4.273194e-01
    outer loop
      vertex   4.301864e-02 1.152681e-02 1.651932e-01
      vertex   4.686922e-02 1.072839e-02 1.728539e-01
      vertex   4.415516e-02 5.813138e-03 1.651932e-01
    endloop
  endfacet
  facet normal 8.551767e-01 -4.997695e-01 -1.374893e-01
    outer loop
      vertex   4.047540e-02 -2.872363e-02 1.799404e-01
      vertex   4.272996e-02 -2.349869e-02 1.749712e-01
      vertex   4.459544e-02 -2.216471e-02 1.817254e-01
    endloop
  endfacet
  facet normal 8.459348e-01 2.871557e-01 -4.493729e-01
    outer loop
      vertex   4.453791e-02 1.619401e-02 1.710356e-01
      vertex   4.301864e-02 1.152681e-02 1.651932e-01
      vertex   4.114606e-02 1.704326e-02 1.651932e-01
    endloop
  endfacet
  facet normal 8.898208e-01 -3.220812e-01 -3.232378e-01
    outer loop
      vertex   4.632899e-02 -1.646069e-02 1.767298e-01
      vertex   4.267389e-02 -1.980171e-02 1.699969e-01
      vertex   4.470299e-02 -1.436364e-02 1.701641e-01
    endloop
  endfacet
  facet normal -6.120774e-01 -5.270456e-01 5.895626e-01
    outer loop
      vertex   -3.149279e-02 -3.188619e-02 2.008982e-01
      vertex   -2.894641e-02 -2.869051e-02 2.063987e-01
      vertex   -3.575772e-02 -2.428586e-02 2.032648e-01
    endloop
  endfacet
  facet normal -3.900778e-01 3.246368e-01 8.616556e-01
    outer loop
      vertex   -1.874853e-02 1.961166e-02 2.169150e-01
      vertex   -2.501778e-02 2.146605e-02 2.133782e-01
      vertex   -2.580131e-02 1.489639e-02 2.154987e-01
    endloop
  endfacet
  facet normal 9.861698e-01 -1.548390e-01 -5.911097e-02
    outer loop
      vertex   4.956048e-02 -5.871195e-03 1.843524e-01
      vertex   4.867144e-02 -1.049576e-02 1.816341e-01
      vertex   4.953298e-02 -4.262573e-03 1.796799e-01
    endloop
  endfacet
  facet normal -6.178458e-01 -6.573394e-01 -4.314759e-01
    outer loop
      vertex   -3.450384e-02 -3.242895e-02 1.709338e-01
      vertex   -3.149183e-02 -3.149183e-02 1.651932e-01
      vertex   -2.837594e-02 -3.738717e-02 1.697128e-01
    endloop
  endfacet
  facet normal 9.281561e-01 -3.419551e-02 -3.706169e-01
    outer loop
      vertex   4.679994e-02 1.782163e-03 1.694879e-01
      vertex   4.858941e-02 -1.452428e-03 1.742678e-01
      vertex   4.663316e-02 -3.928956e-03 1.695971e-01
    endloop
  endfacet
  facet normal -8.018386e-01 3.954234e-01 -4.479901e-01
    outer loop
      vertex   -4.114606e-02 1.704326e-02 1.651932e-01
      vertex   -4.139699e-02 2.389747e-02 1.716922e-01
      vertex   -3.856946e-02 2.226809e-02 1.651932e-01
    endloop
  endfacet
  facet normal -6.718986e-01 -5.892394e-01 -4.487196e-01
    outer loop
      vertex   -3.450384e-02 -3.242895e-02 1.709338e-01
      vertex   -3.533293e-02 -2.711191e-02 1.651932e-01
      vertex   -3.149183e-02 -3.149183e-02 1.651932e-01
    endloop
  endfacet
  facet normal 8.698083e-01 -2.394624e-01 -4.313830e-01
    outer loop
      vertex   4.589644e-02 -9.347854e-03 1.697862e-01
      vertex   4.470299e-02 -1.436364e-02 1.701641e-01
      vertex   4.301864e-02 -1.152681e-02 1.651932e-01
    endloop
  endfacet
  facet normal 9.107120e-01 2.909032e-01 -2.932218e-01
    outer loop
      vertex   4.696084e-02 1.498609e-02 1.773625e-01
      vertex   4.686922e-02 1.072839e-02 1.728539e-01
      vertex   4.453791e-02 1.619401e-02 1.710356e-01
    endloop
  endfacet
  facet normal 8.899630e-01 -3.468917e-02 -4.547115e-01
    outer loop
      vertex   4.679994e-02 1.782163e-03 1.694879e-01
      vertex   4.663316e-02 -3.928956e-03 1.695971e-01
      vertex   4.453618e-02 5.660705e-17 1.651932e-01
    endloop
  endfacet
  facet normal -5.186584e-01 -5.370864e-01 6.652305e-01
    outer loop
      vertex   -2.508880e-02 -2.989967e-02 1.490000e-01
      vertex   -2.900587e-02 -2.611700e-02 1.490000e-01
      vertex   -2.958229e-02 -3.008984e-02 1.453430e-01
    endloop
  endfacet
  facet normal -5.725895e-01 -5.087225e-01 6.429173e-01
    outer loop
      vertex   -2.958229e-02 -3.008984e-02 1.453430e-01
      vertex   -2.900587e-02 -2.611700e-02 1.490000e-01
      vertex   -3.338138e-02 -2.642014e-02 1.448632e-01
    endloop
  endfacet
  facet normal -7.450277e-01 1.313685e-01 6.539694e-01
    outer loop
      vertex   -3.881743e-02 4.079876e-03 1.490000e-01
      vertex   -3.787185e-02 9.442513e-03 1.490000e-01
      vertex   -4.214932e-02 8.413920e-03 1.443335e-01
    endloop
  endfacet
  facet normal 2.345208e-01 7.698118e-01 5.936243e-01
    outer loop
      vertex   1.408864e-02 3.850780e-02 2.061576e-01
      vertex   1.466267e-02 4.196442e-02 2.014483e-01
      vertex   8.940742e-03 4.224088e-02 2.033503e-01
    endloop
  endfacet
  facet normal 6.763881e-01 -6.685213e-01 -3.091576e-01
    outer loop
      vertex   3.066460e-02 -3.661620e-02 1.719687e-01
      vertex   3.538265e-02 -3.110137e-02 1.703658e-01
      vertex   3.573845e-02 -3.382565e-02 1.770352e-01
    endloop
  endfacet
  facet normal 3.139764e-01 -3.169637e-01 8.949597e-01
    outer loop
      vertex   2.190271e-02 -1.557912e-02 2.170539e-01
      vertex   1.647172e-02 -1.535432e-02 2.190388e-01
      vertex   1.817628e-02 -2.187382e-02 2.161318e-01
    endloop
  endfacet
  facet normal 4.337096e-02 -4.594275e-01 8.871558e-01
    outer loop
      vertex   -2.192792e-17 -2.443786e-02 2.182718e-01
      vertex   -2.277316e-17 -2.979278e-02 2.154987e-01
      vertex   5.525925e-03 -2.852154e-02 2.158868e-01
    endloop
  endfacet
  facet normal 5.914141e-01 2.909157e-01 7.520621e-01
    outer loop
      vertex   3.374780e-02 1.948430e-02 2.084375e-01
      vertex   3.001885e-02 1.733139e-02 2.122027e-01
      vertex   3.502033e-02 1.473250e-02 2.092749e-01
    endloop
  endfacet
  facet normal -1.839057e-01 -5.011080e-01 8.456178e-01
    outer loop
      vertex   -1.252612e-02 -3.103892e-02 2.129195e-01
      vertex   -6.807320e-03 -3.059157e-02 2.144283e-01
      vertex   -1.268797e-02 -2.553673e-02 2.161449e-01
    endloop
  endfacet
  facet normal -8.768762e-01 -2.014269e-01 4.364807e-01
    outer loop
      vertex   -4.623039e-02 -1.220701e-02 1.946437e-01
      vertex   -4.360294e-02 -1.007296e-02 2.009070e-01
      vertex   -4.639428e-02 -5.879700e-03 1.972344e-01
    endloop
  endfacet
  facet normal 5.552848e-01 1.574023e-01 8.166292e-01
    outer loop
      vertex   3.212310e-02 2.716690e-03 2.138465e-01
      vertex   3.631712e-02 8.974845e-03 2.097884e-01
      vertex   2.672412e-02 8.508824e-03 2.164012e-01
    endloop
  endfacet
  facet normal -7.408861e-01 -4.491527e-01 4.993493e-01
    outer loop
      vertex   -3.978075e-02 -1.907875e-02 2.019795e-01
      vertex   -4.120747e-02 -2.208833e-02 1.971556e-01
      vertex   -3.575772e-02 -2.428586e-02 2.032648e-01
    endloop
  endfacet
  facet normal -7.413225e-01 2.408703e-01 6.264363e-01
    outer loop
      vertex   -4.214932e-02 8.413920e-03 1.443335e-01
      vertex   -3.787185e-02 9.442513e-03 1.490000e-01
      vertex   -3.618914e-02 1.462136e-02 1.490000e-01
    endloop
  endfacet
  facet normal 5.329584e-01 6.975984e-01 4.788651e-01
    outer loop
      vertex   2.540945e-02 3.911067e-02 1.973582e-01
      vertex   2.598383e-02 3.474288e-02 2.030818e-01
      vertex   3.060158e-02 3.541362e-02 1.969653e-01
    endloop
  endfacet
  facet normal -7.942582e-01 2.679720e-01 5.452934e-01
    outer loop
      vertex   -3.897620e-02 1.513896e-02 2.051538e-01
      vertex   -4.165961e-02 1.649397e-02 2.005793e-01
      vertex   -4.195232e-02 9.575062e-03 2.035531e-01
    endloop
  endfacet
  facet normal 5.369257e-01 -1.002283e-01 8.376545e-01
    outer loop
      vertex   3.444596e-02 -4.563855e-03 2.120655e-01
      vertex   2.841480e-02 -3.748511e-03 2.160290e-01
      vertex   3.059843e-02 -1.039425e-02 2.138341e-01
    endloop
  endfacet
  facet normal 4.883600e-01 -1.247795e-01 8.636750e-01
    outer loop
      vertex   3.059843e-02 -1.039425e-02 2.138341e-01
      vertex   2.841480e-02 -3.748511e-03 2.160290e-01
      vertex   2.503677e-02 -9.803516e-03 2.170643e-01
    endloop
  endfacet
  facet normal 5.058855e-01 -7.034385e-01 4.992535e-01
    outer loop
      vertex   2.311506e-02 -3.717049e-02 2.025939e-01
      vertex   2.815656e-02 -3.730765e-02 1.972922e-01
      vertex   2.848639e-02 -3.387644e-02 2.017925e-01
    endloop
  endfacet
  facet normal 2.442284e-01 -3.692904e-01 8.966477e-01
    outer loop
      vertex   1.159220e-02 -1.852263e-02 2.193054e-01
      vertex   1.141732e-02 -2.523464e-02 2.165886e-01
      vertex   1.817628e-02 -2.187382e-02 2.161318e-01
    endloop
  endfacet
  facet normal 1.650372e-01 -3.737380e-01 9.127336e-01
    outer loop
      vertex   1.141732e-02 -2.523464e-02 2.165886e-01
      vertex   1.159220e-02 -1.852263e-02 2.193054e-01
      vertex   5.699369e-03 -2.213935e-02 2.188900e-01
    endloop
  endfacet
  facet normal 8.373446e-01 -4.313194e-01 -3.358832e-01
    outer loop
      vertex   4.084495e-02 -2.535707e-02 1.133200e-01
      vertex   4.207946e-02 -2.064318e-02 1.103443e-01
      vertex   4.457928e-02 -1.971158e-02 1.153800e-01
    endloop
  endfacet
  facet normal 3.458241e-01 -5.392738e-01 7.678473e-01
    outer loop
      vertex   2.270918e-02 -2.726827e-02 2.114588e-01
      vertex   1.682447e-02 -2.805599e-02 2.135560e-01
      vertex   1.841103e-02 -3.373597e-02 2.088523e-01
    endloop
  endfacet
  facet normal 2.576389e-01 6.023472e-01 7.555131e-01
    outer loop
      vertex   1.678862e-02 4.490950e-02 1.029045e-01
      vertex   1.704326e-02 4.114606e-02 1.058182e-01
      vertex   2.230257e-02 4.260078e-02 1.028649e-01
    endloop
  endfacet
  facet normal -3.558408e-01 -4.582206e-01 8.145006e-01
    outer loop
      vertex   -1.897672e-02 -2.217427e-02 2.157793e-01
      vertex   -2.488282e-02 -2.527844e-02 2.114527e-01
      vertex   -1.821276e-02 -2.958448e-02 2.119443e-01
    endloop
  endfacet
  facet normal -1.640884e-01 -5.839164e-01 7.950576e-01
    outer loop
      vertex   -6.807320e-03 -3.059157e-02 2.144283e-01
      vertex   -1.252612e-02 -3.103892e-02 2.129195e-01
      vertex   -7.521644e-03 -3.652148e-02 2.099258e-01
    endloop
  endfacet
  facet normal -2.385493e-01 -9.265644e-01 -2.908139e-01
    outer loop
      vertex   -7.403863e-03 -4.850530e-02 1.762151e-01
      vertex   -1.543796e-02 -4.630570e-02 1.757972e-01
      vertex   -8.658708e-03 -4.617719e-02 1.698268e-01
    endloop
  endfacet
  facet normal -6.121834e-01 4.372790e-01 6.588008e-01
    outer loop
      vertex   -3.692745e-02 2.132007e-02 2.042643e-01
      vertex   -3.374780e-02 1.948430e-02 2.084375e-01
      vertex   -3.274274e-02 2.650419e-02 2.047120e-01
    endloop
  endfacet
  facet normal -5.599828e-01 2.987362e-02 8.279655e-01
    outer loop
      vertex   -2.861763e-02 -2.294789e-04 2.160496e-01
      vertex   -3.325561e-02 5.861940e-03 2.126929e-01
      vertex   -3.453872e-02 -1.675652e-03 2.120971e-01
    endloop
  endfacet
  facet normal -2.443254e-01 -1.520439e-01 9.576992e-01
    outer loop
      vertex   -1.256023e-02 -5.980111e-03 2.217670e-01
      vertex   -1.857664e-02 -9.127748e-03 2.197324e-01
      vertex   -1.306023e-02 -1.269096e-02 2.205740e-01
    endloop
  endfacet
  facet normal 2.593044e-01 -1.264963e-01 9.574758e-01
    outer loop
      vertex   1.912130e-02 -9.901662e-03 2.194222e-01
      vertex   1.699320e-02 -3.463070e-03 2.208492e-01
      vertex   1.232236e-02 -1.058293e-02 2.211735e-01
    endloop
  endfacet
  facet normal 1.642681e-01 -1.049952e-01 9.808119e-01
    outer loop
      vertex   1.030208e-02 -2.356388e-03 2.223925e-01
      vertex   5.813199e-03 -8.272191e-03 2.225110e-01
      vertex   1.232236e-02 -1.058293e-02 2.211735e-01
    endloop
  endfacet
  facet normal 2.195461e-01 3.111094e-01 9.246678e-01
    outer loop
      vertex   1.110168e-02 1.447198e-02 2.205379e-01
      vertex   1.720037e-02 1.672963e-02 2.183302e-01
      vertex   1.238649e-02 2.223353e-02 2.176214e-01
    endloop
  endfacet
  facet normal -5.127587e-01 -4.615823e-01 7.238925e-01
    outer loop
      vertex   -3.085354e-02 -2.205820e-02 2.092768e-01
      vertex   -2.894641e-02 -2.869051e-02 2.063987e-01
      vertex   -2.488282e-02 -2.527844e-02 2.114527e-01
    endloop
  endfacet
  facet normal 6.131853e-02 -9.370421e-02 9.937100e-01
    outer loop
      vertex   4.533629e-03 -2.700810e-03 2.231153e-01
      vertex   -2.047170e-17 -6.365981e-03 2.230495e-01
      vertex   5.813199e-03 -8.272191e-03 2.225110e-01
    endloop
  endfacet
  facet normal 6.648296e-01 -4.289754e-02 7.457623e-01
    outer loop
      vertex   3.810864e-02 1.148119e-03 2.091289e-01
      vertex   3.444596e-02 -4.563855e-03 2.120655e-01
      vertex   3.905040e-02 -5.165602e-03 2.079262e-01
    endloop
  endfacet
  facet normal -7.388132e-01 2.926470e-01 6.070525e-01
    outer loop
      vertex   -4.211534e-02 1.601956e-02 1.411135e-01
      vertex   -3.618914e-02 1.462136e-02 1.490000e-01
      vertex   -3.732212e-02 2.154794e-02 1.442819e-01
    endloop
  endfacet
  facet normal 9.568009e-01 -2.351088e-01 -1.710436e-01
    outer loop
      vertex   4.632899e-02 -1.646069e-02 1.767298e-01
      vertex   4.790445e-02 -8.818589e-03 1.750382e-01
      vertex   4.867144e-02 -1.049576e-02 1.816341e-01
    endloop
  endfacet
  facet normal 8.109688e-01 5.526146e-01 1.922153e-01
    outer loop
      vertex   4.308311e-02 2.487405e-02 1.861942e-01
      vertex   3.862969e-02 2.950217e-02 1.916778e-01
      vertex   4.179981e-02 2.413313e-02 1.937387e-01
    endloop
  endfacet
  facet normal 1.628887e-01 2.383791e-02 9.863564e-01
    outer loop
      vertex   1.030208e-02 -2.356388e-03 2.223925e-01
      vertex   1.093647e-02 6.314173e-03 2.220782e-01
      vertex   5.513101e-03 3.182991e-03 2.230495e-01
    endloop
  endfacet
  facet normal 7.571207e-02 -3.104214e-01 9.475791e-01
    outer loop
      vertex   5.699369e-03 -2.213935e-02 2.188900e-01
      vertex   6.126405e-03 -1.529298e-02 2.210987e-01
      vertex   -2.125580e-17 -1.868517e-02 2.204769e-01
    endloop
  endfacet
  facet normal 1.837971e-01 -9.445541e-01 -2.720959e-01
    outer loop
      vertex   1.024163e-02 -4.649991e-02 1.121700e-01
      vertex   1.060322e-02 -4.839060e-02 1.189777e-01
      vertex   5.234867e-03 -4.826655e-02 1.149208e-01
    endloop
  endfacet
  facet normal 1.458205e-01 -9.345576e-01 -3.245590e-01
    outer loop
      vertex   1.093602e-02 -4.664536e-02 1.723460e-01
      vertex   5.528858e-03 -4.861819e-02 1.755973e-01
      vertex   5.397544e-03 -4.655994e-02 1.696117e-01
    endloop
  endfacet
  facet normal -4.474530e-01 -6.158660e-01 6.484558e-01
    outer loop
      vertex   -2.068341e-02 -3.310037e-02 1.490000e-01
      vertex   -2.508880e-02 -2.989967e-02 1.490000e-01
      vertex   -2.621932e-02 -3.443371e-02 1.439137e-01
    endloop
  endfacet
  facet normal 2.070438e-01 -9.782869e-01 9.359982e-03
    outer loop
      vertex   1.113186e-02 -4.844449e-02 1.797750e-01
      vertex   1.092969e-02 -4.841487e-02 1.873428e-01
      vertex   5.646479e-03 -4.957579e-02 1.828712e-01
    endloop
  endfacet
  facet normal -7.593946e-01 6.484374e-01 5.337392e-02
    outer loop
      vertex   -3.512348e-02 3.543016e-02 1.832120e-01
      vertex   -3.992668e-02 2.979361e-02 1.833513e-01
      vertex   -3.687734e-02 3.289671e-02 1.890372e-01
    endloop
  endfacet
  facet normal 1.310792e-01 -9.861966e-01 1.011661e-01
    outer loop
      vertex   5.646479e-03 -4.957579e-02 1.828712e-01
      vertex   1.092969e-02 -4.841487e-02 1.873428e-01
      vertex   5.392225e-03 -4.886935e-02 1.900872e-01
    endloop
  endfacet
  facet normal 1.880496e-01 -9.569826e-01 2.209563e-01
    outer loop
      vertex   5.392225e-03 -4.886935e-02 1.900872e-01
      vertex   1.092969e-02 -4.841487e-02 1.873428e-01
      vertex   1.000890e-02 -4.702038e-02 1.941662e-01
    endloop
  endfacet
  facet normal -8.121995e-01 5.794873e-01 -6.727836e-02
    outer loop
      vertex   -3.951370e-02 2.994958e-02 9.593681e-02
      vertex   -4.060027e-02 2.880818e-02 9.922295e-02
      vertex   -3.752059e-02 3.288805e-02 9.718538e-02
    endloop
  endfacet
  facet normal -1.541804e-01 3.920293e-02 9.872647e-01
    outer loop
      vertex   -1.093647e-02 6.314173e-03 2.220782e-01
      vertex   -1.217818e-02 5.732866e-04 2.221122e-01
      vertex   -5.513101e-03 3.182991e-03 2.230495e-01
    endloop
  endfacet
  facet normal 1.789668e-01 -7.323569e-01 6.569812e-01
    outer loop
      vertex   1.139289e-02 -3.715784e-02 2.084184e-01
      vertex   5.737804e-03 -4.015913e-02 2.066133e-01
      vertex   1.069704e-02 -4.161942e-02 2.036345e-01
    endloop
  endfacet
  facet normal 2.368560e-01 -7.274498e-01 6.439844e-01
    outer loop
      vertex   1.069704e-02 -4.161942e-02 2.036345e-01
      vertex   1.637066e-02 -3.977500e-02 2.036312e-01
      vertex   1.139289e-02 -3.715784e-02 2.084184e-01
    endloop
  endfacet
  facet normal 1.713256e-01 -2.405446e-01 9.553983e-01
    outer loop
      vertex   1.159220e-02 -1.852263e-02 2.193054e-01
      vertex   1.232236e-02 -1.058293e-02 2.211735e-01
      vertex   6.126405e-03 -1.529298e-02 2.210987e-01
    endloop
  endfacet
  facet normal 4.896241e-02 4.155250e-01 9.082630e-01
    outer loop
      vertex   1.679211e-03 2.815712e-02 2.162377e-01
      vertex   1.128416e-03 1.994565e-02 2.200241e-01
      vertex   7.301916e-03 2.180336e-02 2.188414e-01
    endloop
  endfacet
  facet normal 9.103666e-01 4.099806e-01 5.611115e-02
    outer loop
      vertex   4.579908e-02 1.949656e-02 1.814204e-01
      vertex   4.308311e-02 2.487405e-02 1.861942e-01
      vertex   4.653414e-02 1.701701e-02 1.876117e-01
    endloop
  endfacet
  facet normal 5.541124e-01 -5.229991e-01 6.476352e-01
    outer loop
      vertex   2.909153e-02 -2.489228e-02 2.089640e-01
      vertex   2.582633e-02 -3.156706e-02 2.063675e-01
      vertex   3.307003e-02 -2.814394e-02 2.029341e-01
    endloop
  endfacet
  facet normal 5.995659e-01 -4.689999e-01 6.485058e-01
    outer loop
      vertex   2.909153e-02 -2.489228e-02 2.089640e-01
      vertex   3.307003e-02 -2.814394e-02 2.029341e-01
      vertex   3.489738e-02 -2.059923e-02 2.067010e-01
    endloop
  endfacet
  facet normal 6.618394e-01 -4.569916e-01 5.942452e-01
    outer loop
      vertex   3.489738e-02 -2.059923e-02 2.067010e-01
      vertex   3.307003e-02 -2.814394e-02 2.029341e-01
      vertex   3.836145e-02 -2.305441e-02 2.009548e-01
    endloop
  endfacet
  facet normal 7.286999e-01 1.816226e-01 6.603102e-01
    outer loop
      vertex   3.986537e-02 1.467022e-02 2.043061e-01
      vertex   3.631712e-02 8.974845e-03 2.097884e-01
      vertex   4.211424e-02 5.631133e-03 2.043106e-01
    endloop
  endfacet
  facet normal 7.106888e-01 -3.811684e-01 5.912969e-01
    outer loop
      vertex   3.489738e-02 -2.059923e-02 2.067010e-01
      vertex   3.836145e-02 -2.305441e-02 2.009548e-01
      vertex   4.028354e-02 -1.611307e-02 2.031192e-01
    endloop
  endfacet
  facet normal 7.918524e-01 -3.706214e-01 4.853964e-01
    outer loop
      vertex   4.028354e-02 -1.611307e-02 2.031192e-01
      vertex   3.836145e-02 -2.305441e-02 2.009548e-01
      vertex   4.307469e-02 -1.924279e-02 1.961762e-01
    endloop
  endfacet
  facet normal 5.118516e-01 3.420081e-01 7.880599e-01
    outer loop
      vertex   4.068229e-02 2.590422e-02 1.028679e-01
      vertex   3.533293e-02 2.711191e-02 1.058182e-01
      vertex   3.856946e-02 2.226809e-02 1.058182e-01
    endloop
  endfacet
  facet normal 7.504156e-01 6.608508e-01 -1.235773e-02
    outer loop
      vertex   3.620954e-02 3.379754e-02 1.786910e-01
      vertex   3.866861e-02 3.114191e-02 1.860024e-01
      vertex   4.022070e-02 2.928018e-02 1.806934e-01
    endloop
  endfacet
  facet normal 8.156097e-01 -3.288043e-01 4.760971e-01
    outer loop
      vertex   4.028354e-02 -1.611307e-02 2.031192e-01
      vertex   4.307469e-02 -1.924279e-02 1.961762e-01
      vertex   4.477990e-02 -1.240966e-02 1.979741e-01
    endloop
  endfacet
  facet normal 8.100380e-01 -2.405016e-01 5.347873e-01
    outer loop
      vertex   4.028354e-02 -1.611307e-02 2.031192e-01
      vertex   4.477990e-02 -1.240966e-02 1.979741e-01
      vertex   4.199358e-02 -8.875992e-03 2.037837e-01
    endloop
  endfacet
  facet normal -1.358002e-01 -4.565687e-01 8.792629e-01
    outer loop
      vertex   -5.842737e-03 -2.325246e-02 2.183882e-01
      vertex   -1.268797e-02 -2.553673e-02 2.161449e-01
      vertex   -6.807320e-03 -3.059157e-02 2.144283e-01
    endloop
  endfacet
  facet normal 8.439092e-01 -1.707313e-01 5.085943e-01
    outer loop
      vertex   4.199358e-02 -8.875992e-03 2.037837e-01
      vertex   4.477990e-02 -1.240966e-02 1.979741e-01
      vertex   4.577558e-02 -5.245267e-03 1.987270e-01
    endloop
  endfacet
  facet normal 8.301707e-01 -1.011922e-01 5.482487e-01
    outer loop
      vertex   4.199358e-02 -8.875992e-03 2.037837e-01
      vertex   4.577558e-02 -5.245267e-03 1.987270e-01
      vertex   4.268947e-02 -1.727963e-03 2.040493e-01
    endloop
  endfacet
  facet normal 8.558645e-01 -3.032067e-02 5.163106e-01
    outer loop
      vertex   4.268947e-02 -1.727963e-03 2.040493e-01
      vertex   4.577558e-02 -5.245267e-03 1.987270e-01
      vertex   4.590873e-02 1.942874e-03 1.989284e-01
    endloop
  endfacet
  facet normal 9.069552e-01 -2.857554e-02 4.202567e-01
    outer loop
      vertex   4.590873e-02 1.942874e-03 1.989284e-01
      vertex   4.577558e-02 -5.245267e-03 1.987270e-01
      vertex   4.819810e-02 -1.388946e-03 1.937612e-01
    endloop
  endfacet
  facet normal 9.229328e-01 4.044640e-02 3.828305e-01
    outer loop
      vertex   4.590873e-02 1.942874e-03 1.989284e-01
      vertex   4.819810e-02 -1.388946e-03 1.937612e-01
      vertex   4.787703e-02 5.615705e-03 1.937952e-01
    endloop
  endfacet
  facet normal 9.616173e-01 4.276200e-02 2.710417e-01
    outer loop
      vertex   4.787703e-02 5.615705e-03 1.937952e-01
      vertex   4.819810e-02 -1.388946e-03 1.937612e-01
      vertex   4.942276e-02 2.404123e-03 1.888178e-01
    endloop
  endfacet
  facet normal 9.673767e-01 1.188592e-01 2.237293e-01
    outer loop
      vertex   4.787703e-02 5.615705e-03 1.937952e-01
      vertex   4.942276e-02 2.404123e-03 1.888178e-01
      vertex   4.863536e-02 9.371729e-03 1.885208e-01
    endloop
  endfacet
  facet normal 9.472730e-01 1.805121e-01 2.647437e-01
    outer loop
      vertex   4.787703e-02 5.615705e-03 1.937952e-01
      vertex   4.863536e-02 9.371729e-03 1.885208e-01
      vertex   4.666198e-02 1.261111e-02 1.933730e-01
    endloop
  endfacet
  facet normal 9.207234e-01 3.195566e-01 2.239463e-01
    outer loop
      vertex   4.470449e-02 1.885799e-02 1.925070e-01
      vertex   4.666198e-02 1.261111e-02 1.933730e-01
      vertex   4.653414e-02 1.701701e-02 1.876117e-01
    endloop
  endfacet
  facet normal 6.056412e-01 -1.634352e-01 7.787732e-01
    outer loop
      vertex   3.639248e-02 -1.206812e-02 2.089769e-01
      vertex   3.444596e-02 -4.563855e-03 2.120655e-01
      vertex   3.059843e-02 -1.039425e-02 2.138341e-01
    endloop
  endfacet
  facet normal 6.965356e-02 -5.591323e-01 8.261474e-01
    outer loop
      vertex   -2.377776e-17 -3.466279e-02 2.122027e-01
      vertex   5.455399e-03 -3.478212e-02 2.116619e-01
      vertex   -2.277316e-17 -2.979278e-02 2.154987e-01
    endloop
  endfacet
  facet normal -7.751759e-01 -3.382966e-02 6.308390e-01
    outer loop
      vertex   -4.289484e-02 -4.037307e-03 1.440797e-01
      vertex   -3.900747e-02 -1.362171e-03 1.490000e-01
      vertex   -4.210922e-02 1.715916e-03 1.453536e-01
    endloop
  endfacet
  facet normal 1.248846e-01 -3.116716e-01 9.419473e-01
    outer loop
      vertex   5.699369e-03 -2.213935e-02 2.188900e-01
      vertex   1.159220e-02 -1.852263e-02 2.193054e-01
      vertex   6.126405e-03 -1.529298e-02 2.210987e-01
    endloop
  endfacet
  facet normal 7.740300e-01 6.060055e-01 -1.833983e-01
    outer loop
      vertex   4.022070e-02 2.928018e-02 1.806934e-01
      vertex   3.864216e-02 2.925177e-02 1.739372e-01
      vertex   3.620954e-02 3.379754e-02 1.786910e-01
    endloop
  endfacet
  facet normal 6.466353e-01 7.528354e-01 -1.228889e-01
    outer loop
      vertex   3.019809e-02 3.856119e-02 1.762419e-01
      vertex   3.302409e-02 3.741441e-02 1.840869e-01
      vertex   3.620954e-02 3.379754e-02 1.786910e-01
    endloop
  endfacet
  facet normal -6.661286e-01 9.769154e-03 7.457729e-01
    outer loop
      vertex   -3.963367e-02 2.583846e-03 2.074905e-01
      vertex   -3.852761e-02 -4.055650e-03 2.085654e-01
      vertex   -3.453872e-02 -1.675652e-03 2.120971e-01
    endloop
  endfacet
  facet normal -7.532605e-01 1.149029e-01 6.476079e-01
    outer loop
      vertex   -3.833508e-02 8.761986e-03 2.079047e-01
      vertex   -4.195232e-02 9.575062e-03 2.035531e-01
      vertex   -3.963367e-02 2.583846e-03 2.074905e-01
    endloop
  endfacet
  facet normal 3.676639e-01 -4.128873e-01 8.332751e-01
    outer loop
      vertex   2.270918e-02 -2.726827e-02 2.114588e-01
      vertex   2.532706e-02 -2.061893e-02 2.135985e-01
      vertex   1.817628e-02 -2.187382e-02 2.161318e-01
    endloop
  endfacet
  facet normal 6.007377e-02 2.048550e-01 9.769471e-01
    outer loop
      vertex   1.461255e-04 1.301147e-02 2.219563e-01
      vertex   5.608116e-03 9.729423e-03 2.223086e-01
      vertex   5.640701e-03 1.573675e-02 2.210469e-01
    endloop
  endfacet
  facet normal 5.311997e-01 -2.462989e-01 8.106563e-01
    outer loop
      vertex   2.703178e-02 -1.492978e-02 2.147932e-01
      vertex   3.088543e-02 -1.754487e-02 2.114735e-01
      vertex   3.059843e-02 -1.039425e-02 2.138341e-01
    endloop
  endfacet
  facet normal 4.784500e-01 -7.747253e-01 4.133839e-01
    outer loop
      vertex   2.573474e-02 -4.100649e-02 1.931632e-01
      vertex   2.815656e-02 -3.730765e-02 1.972922e-01
      vertex   2.033689e-02 -4.210663e-02 1.973489e-01
    endloop
  endfacet
  facet normal -9.129221e-01 2.016391e-01 3.548450e-01
    outer loop
      vertex   -4.462398e-02 1.128270e-02 1.985134e-01
      vertex   -4.696026e-02 1.151912e-02 1.923684e-01
      vertex   -4.707657e-02 4.976246e-03 1.957871e-01
    endloop
  endfacet
  facet normal 3.601097e-01 -6.767871e-01 6.420905e-01
    outer loop
      vertex   1.637066e-02 -3.977500e-02 2.036312e-01
      vertex   2.311506e-02 -3.717049e-02 2.025939e-01
      vertex   1.841103e-02 -3.373597e-02 2.088523e-01
    endloop
  endfacet
  facet normal 6.521774e-01 -1.376545e-01 7.454635e-01
    outer loop
      vertex   3.639248e-02 -1.206812e-02 2.089769e-01
      vertex   3.905040e-02 -5.165602e-03 2.079262e-01
      vertex   3.444596e-02 -4.563855e-03 2.120655e-01
    endloop
  endfacet
  facet normal -3.757278e-01 -1.540216e-01 9.138413e-01
    outer loop
      vertex   -1.857664e-02 -9.127748e-03 2.197324e-01
      vertex   -2.380775e-02 -5.502667e-03 2.181926e-01
      vertex   -2.459031e-02 -1.222638e-02 2.167376e-01
    endloop
  endfacet
  facet normal 7.372097e-01 -1.869855e-02 6.754053e-01
    outer loop
      vertex   3.810864e-02 1.148119e-03 2.091289e-01
      vertex   3.905040e-02 -5.165602e-03 2.079262e-01
      vertex   4.268947e-02 -1.727963e-03 2.040493e-01
    endloop
  endfacet
  facet normal -1.714619e-01 -1.600338e-01 9.721060e-01
    outer loop
      vertex   -6.570526e-03 -9.485755e-03 2.222463e-01
      vertex   -1.256023e-02 -5.980111e-03 2.217670e-01
      vertex   -1.306023e-02 -1.269096e-02 2.205740e-01
    endloop
  endfacet
  facet normal -5.938140e-01 -1.122261e-01 7.967372e-01
    outer loop
      vertex   -3.581556e-02 -1.014580e-02 2.099524e-01
      vertex   -2.967692e-02 -7.879550e-03 2.148468e-01
      vertex   -3.453872e-02 -1.675652e-03 2.120971e-01
    endloop
  endfacet
  facet normal 7.000606e-01 2.183147e-01 6.798925e-01
    outer loop
      vertex   3.986537e-02 1.467022e-02 2.043061e-01
      vertex   3.502033e-02 1.473250e-02 2.092749e-01
      vertex   3.631712e-02 8.974845e-03 2.097884e-01
    endloop
  endfacet
  facet normal 6.867867e-01 3.075628e-01 6.585811e-01
    outer loop
      vertex   3.692745e-02 2.132007e-02 2.042643e-01
      vertex   3.374780e-02 1.948430e-02 2.084375e-01
      vertex   3.986537e-02 1.467022e-02 2.043061e-01
    endloop
  endfacet
  facet normal 3.384711e-01 3.423503e-01 8.764894e-01
    outer loop
      vertex   1.720037e-02 1.672963e-02 2.183302e-01
      vertex   2.284348e-02 1.915464e-02 2.152039e-01
      vertex   1.794948e-02 2.333390e-02 2.154614e-01
    endloop
  endfacet
  facet normal -2.906165e-01 2.119696e-01 9.330653e-01
    outer loop
      vertex   -1.618183e-02 9.342583e-03 2.204769e-01
      vertex   -1.567885e-02 1.505547e-02 2.193358e-01
      vertex   -2.116380e-02 1.221893e-02 2.182718e-01
    endloop
  endfacet
  facet normal 2.331138e-01 -9.437050e-01 -2.346888e-01
    outer loop
      vertex   1.633119e-02 -4.634977e-02 1.765164e-01
      vertex   1.113186e-02 -4.844449e-02 1.797750e-01
      vertex   1.093602e-02 -4.664536e-02 1.723460e-01
    endloop
  endfacet
  facet normal 3.279226e-01 -9.411584e-01 -8.177803e-02
    outer loop
      vertex   1.113186e-02 -4.844449e-02 1.797750e-01
      vertex   1.633119e-02 -4.634977e-02 1.765164e-01
      vertex   1.640819e-02 -4.703858e-02 1.847525e-01
    endloop
  endfacet
  facet normal 2.482649e-01 -9.686361e-01 1.042338e-02
    outer loop
      vertex   1.113186e-02 -4.844449e-02 1.797750e-01
      vertex   1.640819e-02 -4.703858e-02 1.847525e-01
      vertex   1.092969e-02 -4.841487e-02 1.873428e-01
    endloop
  endfacet
  facet normal 3.093078e-01 -9.381226e-01 1.557391e-01
    outer loop
      vertex   1.092969e-02 -4.841487e-02 1.873428e-01
      vertex   1.640819e-02 -4.703858e-02 1.847525e-01
      vertex   1.572275e-02 -4.599617e-02 1.923930e-01
    endloop
  endfacet
  facet normal 2.392134e-01 -9.444658e-01 2.253027e-01
    outer loop
      vertex   1.092969e-02 -4.841487e-02 1.873428e-01
      vertex   1.572275e-02 -4.599617e-02 1.923930e-01
      vertex   1.000890e-02 -4.702038e-02 1.941662e-01
    endloop
  endfacet
  facet normal -5.250461e-02 -8.335575e-01 5.499320e-01
    outer loop
      vertex   -5.104818e-03 -4.434376e-02 2.011947e-01
      vertex   -2.757293e-17 -4.561765e-02 1.997512e-01
      vertex   -2.619734e-17 -4.264014e-02 2.042643e-01
    endloop
  endfacet
  facet normal -5.736761e-02 -9.168873e-01 3.950022e-01
    outer loop
      vertex   -6.720827e-03 -4.707659e-02 1.953886e-01
      vertex   2.339180e-06 -4.847076e-02 1.931288e-01
      vertex   -2.757293e-17 -4.561765e-02 1.997512e-01
    endloop
  endfacet
  facet normal 4.302917e-02 -3.575967e-01 9.328843e-01
    outer loop
      vertex   -2.125580e-17 -1.868517e-02 2.204769e-01
      vertex   -2.192792e-17 -2.443786e-02 2.182718e-01
      vertex   5.699369e-03 -2.213935e-02 2.188900e-01
    endloop
  endfacet
  facet normal 3.394148e-01 -9.370955e-01 -8.154569e-02
    outer loop
      vertex   1.633119e-02 -4.634977e-02 1.765164e-01
      vertex   2.165791e-02 -4.480722e-02 1.809611e-01
      vertex   1.640819e-02 -4.703858e-02 1.847525e-01
    endloop
  endfacet
  facet normal 4.323753e-01 -8.990044e-01 6.958998e-02
    outer loop
      vertex   1.640819e-02 -4.703858e-02 1.847525e-01
      vertex   2.165791e-02 -4.480722e-02 1.809611e-01
      vertex   2.135885e-02 -4.427308e-02 1.897196e-01
    endloop
  endfacet
  facet normal 3.563269e-01 -9.209712e-01 1.576173e-01
    outer loop
      vertex   1.640819e-02 -4.703858e-02 1.847525e-01
      vertex   2.135885e-02 -4.427308e-02 1.897196e-01
      vertex   1.572275e-02 -4.599617e-02 1.923930e-01
    endloop
  endfacet
  facet normal 6.938135e-01 4.650898e-01 5.498312e-01
    outer loop
      vertex   3.950604e-02 2.280883e-02 1.997512e-01
      vertex   3.521764e-02 2.613201e-02 2.023516e-01
      vertex   3.692745e-02 2.132007e-02 2.042643e-01
    endloop
  endfacet
  facet normal -8.235342e-02 -8.069739e-01 5.848172e-01
    outer loop
      vertex   -5.104818e-03 -4.434376e-02 2.011947e-01
      vertex   -2.619734e-17 -4.264014e-02 2.042643e-01
      vertex   -6.468439e-03 -4.131231e-02 2.051857e-01
    endloop
  endfacet
  facet normal -7.803253e-01 4.934632e-02 6.234239e-01
    outer loop
      vertex   -4.156387e-02 -1.372825e-04 2.052899e-01
      vertex   -3.963367e-02 2.583846e-03 2.074905e-01
      vertex   -4.384735e-02 4.259474e-03 2.020837e-01
    endloop
  endfacet
  facet normal 2.089890e-01 -2.421418e-01 9.474655e-01
    outer loop
      vertex   1.232236e-02 -1.058293e-02 2.211735e-01
      vertex   1.159220e-02 -1.852263e-02 2.193054e-01
      vertex   1.647172e-02 -1.535432e-02 2.190388e-01
    endloop
  endfacet
  facet normal 1.132778e-01 1.101038e-01 9.874438e-01
    outer loop
      vertex   1.093647e-02 6.314173e-03 2.220782e-01
      vertex   5.608116e-03 9.729423e-03 2.223086e-01
      vertex   5.513101e-03 3.182991e-03 2.230495e-01
    endloop
  endfacet
  facet normal 4.227287e-01 1.863848e-01 8.868828e-01
    outer loop
      vertex   2.580131e-02 1.489639e-02 2.154987e-01
      vertex   2.116380e-02 1.221893e-02 2.182718e-01
      vertex   2.672412e-02 8.508824e-03 2.164012e-01
    endloop
  endfacet
  facet normal 4.123991e-02 -1.531379e-01 9.873439e-01
    outer loop
      vertex   -2.047170e-17 -6.365981e-03 2.230495e-01
      vertex   -2.089851e-17 -1.262835e-02 2.220782e-01
      vertex   5.813199e-03 -8.272191e-03 2.225110e-01
    endloop
  endfacet
  facet normal 4.959823e-01 -8.502503e-01 1.762835e-01
    outer loop
      vertex   2.573474e-02 -4.100649e-02 1.931632e-01
      vertex   2.135885e-02 -4.427308e-02 1.897196e-01
      vertex   2.664427e-02 -4.204487e-02 1.855959e-01
    endloop
  endfacet
  facet normal 4.331409e-01 -8.986354e-01 6.959363e-02
    outer loop
      vertex   2.664427e-02 -4.204487e-02 1.855959e-01
      vertex   2.135885e-02 -4.427308e-02 1.897196e-01
      vertex   2.165791e-02 -4.480722e-02 1.809611e-01
    endloop
  endfacet
  facet normal 2.673821e-01 -4.198418e-01 8.673175e-01
    outer loop
      vertex   1.817628e-02 -2.187382e-02 2.161318e-01
      vertex   1.141732e-02 -2.523464e-02 2.165886e-01
      vertex   1.682447e-02 -2.805599e-02 2.135560e-01
    endloop
  endfacet
  facet normal 2.210695e-01 -4.854980e-01 8.458250e-01
    outer loop
      vertex   1.168898e-02 -3.140183e-02 2.129777e-01
      vertex   1.682447e-02 -2.805599e-02 2.135560e-01
      vertex   1.141732e-02 -2.523464e-02 2.165886e-01
    endloop
  endfacet
  facet normal 4.336112e-02 -2.553482e-01 9.658763e-01
    outer loop
      vertex   -2.089851e-17 -1.262835e-02 2.220782e-01
      vertex   -2.125580e-17 -1.868517e-02 2.204769e-01
      vertex   6.126405e-03 -1.529298e-02 2.210987e-01
    endloop
  endfacet
  facet normal 7.222391e-02 -1.935986e-01 9.784188e-01
    outer loop
      vertex   5.813199e-03 -8.272191e-03 2.225110e-01
      vertex   -2.089851e-17 -1.262835e-02 2.220782e-01
      vertex   6.126405e-03 -1.529298e-02 2.210987e-01
    endloop
  endfacet
  facet normal 5.473861e-01 -8.177314e-01 1.779996e-01
    outer loop
      vertex   3.094192e-02 -3.822996e-02 1.899054e-01
      vertex   2.573474e-02 -4.100649e-02 1.931632e-01
      vertex   2.664427e-02 -4.204487e-02 1.855959e-01
    endloop
  endfacet
  facet normal 1.373647e-01 2.028763e-01 9.695216e-01
    outer loop
      vertex   5.640701e-03 1.573675e-02 2.210469e-01
      vertex   5.608116e-03 9.729423e-03 2.223086e-01
      vertex   1.110168e-02 1.447198e-02 2.205379e-01
    endloop
  endfacet
  facet normal -1.746918e-01 7.141351e-01 6.778597e-01
    outer loop
      vertex   -4.770017e-03 3.914208e-02 2.078893e-01
      vertex   -1.028071e-02 4.154278e-02 2.039400e-01
      vertex   -1.189996e-02 3.622968e-02 2.091201e-01
    endloop
  endfacet
  facet normal 4.387237e-01 -9.191848e-02 8.939086e-01
    outer loop
      vertex   2.503677e-02 -9.803516e-03 2.170643e-01
      vertex   2.841480e-02 -3.748511e-03 2.160290e-01
      vertex   2.277699e-02 -3.880473e-03 2.187824e-01
    endloop
  endfacet
  facet normal -1.273620e-01 4.328598e-01 8.924188e-01
    outer loop
      vertex   -4.899231e-03 2.358659e-02 2.183130e-01
      vertex   -6.406312e-03 2.891305e-02 2.155144e-01
      vertex   -1.202496e-02 2.512891e-02 2.165480e-01
    endloop
  endfacet
  facet normal 3.361707e-01 -4.979039e-03 9.417879e-01
    outer loop
      vertex   2.277699e-02 -3.880473e-03 2.187824e-01
      vertex   2.133371e-02 3.536871e-03 2.193368e-01
      vertex   1.699320e-02 -3.463070e-03 2.208492e-01
    endloop
  endfacet
  facet normal -8.083521e-01 -2.985872e-01 5.073585e-01
    outer loop
      vertex   -4.303814e-02 -1.160483e-02 1.418621e-01
      vertex   -4.278527e-02 -1.750966e-02 1.387899e-01
      vertex   -3.974715e-02 -1.733281e-02 1.437345e-01
    endloop
  endfacet
  facet normal -7.108307e-01 -2.871941e-01 6.420586e-01
    outer loop
      vertex   -3.508105e-02 -1.711017e-02 1.490000e-01
      vertex   -3.712092e-02 -1.206132e-02 1.490000e-01
      vertex   -3.974715e-02 -1.733281e-02 1.437345e-01
    endloop
  endfacet
  facet normal 6.499424e-01 5.747286e-01 4.972544e-01
    outer loop
      vertex   3.618387e-02 2.965169e-02 1.970206e-01
      vertex   3.094074e-02 3.064597e-02 2.027245e-01
      vertex   3.521764e-02 2.613201e-02 2.023516e-01
    endloop
  endfacet
  facet normal 7.804517e-02 -8.321628e-01 5.490119e-01
    outer loop
      vertex   6.823893e-03 -4.456978e-02 2.003694e-01
      vertex   -2.619734e-17 -4.264014e-02 2.042643e-01
      vertex   -2.757293e-17 -4.561765e-02 1.997512e-01
    endloop
  endfacet
  facet normal -8.881507e-01 -3.206464e-01 -3.292023e-01
    outer loop
      vertex   -4.321774e-02 -1.906498e-02 1.112294e-01
      vertex   -4.560429e-02 -1.793413e-02 1.165666e-01
      vertex   -4.644575e-02 -1.288141e-02 1.139153e-01
    endloop
  endfacet
  facet normal 2.480105e-01 4.401835e-01 8.629770e-01
    outer loop
      vertex   1.238649e-02 2.223353e-02 2.176214e-01
      vertex   1.794948e-02 2.333390e-02 2.154614e-01
      vertex   1.039037e-02 2.888091e-02 2.148044e-01
    endloop
  endfacet
  facet normal 1.325293e-01 -1.897860e-01 9.728398e-01
    outer loop
      vertex   5.813199e-03 -8.272191e-03 2.225110e-01
      vertex   6.126405e-03 -1.529298e-02 2.210987e-01
      vertex   1.232236e-02 -1.058293e-02 2.211735e-01
    endloop
  endfacet
  facet normal -7.669830e-01 3.334607e-01 5.482162e-01
    outer loop
      vertex   -3.950604e-02 2.280883e-02 1.997512e-01
      vertex   -4.165961e-02 1.649397e-02 2.005793e-01
      vertex   -3.692745e-02 2.132007e-02 2.042643e-01
    endloop
  endfacet
  facet normal 9.427490e-01 3.083334e-02 -3.320747e-01
    outer loop
      vertex   4.858941e-02 -1.452428e-03 1.742678e-01
      vertex   4.679994e-02 1.782163e-03 1.694879e-01
      vertex   4.813934e-02 4.984233e-03 1.735877e-01
    endloop
  endfacet
  facet normal -5.919786e-01 -4.625044e-01 6.600386e-01
    outer loop
      vertex   -2.900587e-02 -2.611700e-02 1.490000e-01
      vertex   -3.235837e-02 -2.182600e-02 1.490000e-01
      vertex   -3.338138e-02 -2.642014e-02 1.448632e-01
    endloop
  endfacet
  facet normal 7.327259e-01 -5.659384e-01 -3.779240e-01
    outer loop
      vertex   3.916129e-02 -2.880340e-02 1.742507e-01
      vertex   3.538265e-02 -3.110137e-02 1.703658e-01
      vertex   3.924745e-02 -2.562711e-02 1.696613e-01
    endloop
  endfacet
  facet normal 8.269877e-01 -5.314135e-01 -1.835512e-01
    outer loop
      vertex   4.047540e-02 -2.872363e-02 1.799404e-01
      vertex   3.916129e-02 -2.880340e-02 1.742507e-01
      vertex   4.272996e-02 -2.349869e-02 1.749712e-01
    endloop
  endfacet
  facet normal 8.037839e-01 -4.961446e-01 -3.282864e-01
    outer loop
      vertex   4.272996e-02 -2.349869e-02 1.749712e-01
      vertex   3.916129e-02 -2.880340e-02 1.742507e-01
      vertex   3.924745e-02 -2.562711e-02 1.696613e-01
    endloop
  endfacet
  facet normal -6.664937e-03 7.079376e-01 7.062435e-01
    outer loop
      vertex   1.228973e-03 3.609717e-02 2.109982e-01
      vertex   2.053217e-03 4.109605e-02 2.059951e-01
      vertex   -4.770017e-03 3.914208e-02 2.078893e-01
    endloop
  endfacet
  facet normal 8.984578e-01 1.118900e-01 4.245636e-01
    outer loop
      vertex   4.590873e-02 1.942874e-03 1.989284e-01
      vertex   4.787703e-02 5.615705e-03 1.937952e-01
      vertex   4.503390e-02 9.419796e-03 1.988093e-01
    endloop
  endfacet
  facet normal 9.080616e-01 1.805326e-01 3.779313e-01
    outer loop
      vertex   4.503390e-02 9.419796e-03 1.988093e-01
      vertex   4.787703e-02 5.615705e-03 1.937952e-01
      vertex   4.666198e-02 1.261111e-02 1.933730e-01
    endloop
  endfacet
  facet normal 8.765269e-01 2.517306e-01 4.102833e-01
    outer loop
      vertex   4.503390e-02 9.419796e-03 1.988093e-01
      vertex   4.666198e-02 1.261111e-02 1.933730e-01
      vertex   4.343744e-02 1.684394e-02 1.976648e-01
    endloop
  endfacet
  facet normal 8.817213e-01 3.238470e-01 3.430607e-01
    outer loop
      vertex   4.343744e-02 1.684394e-02 1.976648e-01
      vertex   4.666198e-02 1.261111e-02 1.933730e-01
      vertex   4.470449e-02 1.885799e-02 1.925070e-01
    endloop
  endfacet
  facet normal 7.520526e-01 3.541619e-02 6.581509e-01
    outer loop
      vertex   4.268947e-02 -1.727963e-03 2.040493e-01
      vertex   4.211424e-02 5.631133e-03 2.043106e-01
      vertex   3.810864e-02 1.148119e-03 2.091289e-01
    endloop
  endfacet
  facet normal 6.232484e-01 4.699289e-01 6.250826e-01
    outer loop
      vertex   3.521764e-02 2.613201e-02 2.023516e-01
      vertex   3.103945e-02 2.585985e-02 2.067221e-01
      vertex   3.692745e-02 2.132007e-02 2.042643e-01
    endloop
  endfacet
  facet normal 5.075332e-01 4.501785e-01 7.346764e-01
    outer loop
      vertex   3.103945e-02 2.585985e-02 2.067221e-01
      vertex   2.586589e-02 2.969377e-02 2.079469e-01
      vertex   2.569682e-02 2.386980e-02 2.116323e-01
    endloop
  endfacet
  facet normal 5.842867e-01 -2.331664e-01 7.773304e-01
    outer loop
      vertex   3.639248e-02 -1.206812e-02 2.089769e-01
      vertex   3.059843e-02 -1.039425e-02 2.138341e-01
      vertex   3.088543e-02 -1.754487e-02 2.114735e-01
    endloop
  endfacet
  facet normal -7.258777e-01 -3.205213e-01 6.085784e-01
    outer loop
      vertex   -4.027671e-02 -1.374007e-02 2.041997e-01
      vertex   -3.978075e-02 -1.907875e-02 2.019795e-01
      vertex   -3.605827e-02 -1.757951e-02 2.072091e-01
    endloop
  endfacet
  facet normal -1.719650e-01 6.064864e-01 7.762746e-01
    outer loop
      vertex   -1.189996e-02 3.622968e-02 2.091201e-01
      vertex   -1.228816e-02 3.093483e-02 2.131709e-01
      vertex   -5.348035e-03 3.379139e-02 2.124765e-01
    endloop
  endfacet
  facet normal 7.143867e-01 1.052299e-01 6.917935e-01
    outer loop
      vertex   3.810864e-02 1.148119e-03 2.091289e-01
      vertex   4.211424e-02 5.631133e-03 2.043106e-01
      vertex   3.631712e-02 8.974845e-03 2.097884e-01
    endloop
  endfacet
  facet normal 5.912182e-01 -5.835925e-01 5.566695e-01
    outer loop
      vertex   3.307003e-02 -2.814394e-02 2.029341e-01
      vertex   2.848639e-02 -3.387644e-02 2.017925e-01
      vertex   3.253425e-02 -3.253121e-02 1.989037e-01
    endloop
  endfacet
  facet normal -6.496178e-01 7.497735e-01 -1.258426e-01
    outer loop
      vertex   -3.444167e-02 3.522748e-02 1.179852e-01
      vertex   -3.220840e-02 3.808362e-02 1.234737e-01
      vertex   -2.941366e-02 3.963578e-02 1.182947e-01
    endloop
  endfacet
  facet normal -6.311737e-01 -4.366726e-01 6.410435e-01
    outer loop
      vertex   -3.338138e-02 -2.642014e-02 1.448632e-01
      vertex   -3.235837e-02 -2.182600e-02 1.490000e-01
      vertex   -3.687040e-02 -2.205747e-02 1.443997e-01
    endloop
  endfacet
  facet normal 2.023634e-02 -9.673654e-01 -2.525759e-01
    outer loop
      vertex   1.726306e-09 -4.755755e-02 1.710921e-01
      vertex   5.528858e-03 -4.861819e-02 1.755973e-01
      vertex   -2.398019e-09 -4.950943e-02 1.785678e-01
    endloop
  endfacet
  facet normal -1.417636e-01 5.452470e-01 8.262014e-01
    outer loop
      vertex   -6.406312e-03 2.891305e-02 2.155144e-01
      vertex   -5.348035e-03 3.379139e-02 2.124765e-01
      vertex   -1.228816e-02 3.093483e-02 2.131709e-01
    endloop
  endfacet
  facet normal -4.308435e-02 -9.980805e-01 -4.448764e-02
    outer loop
      vertex   -3.170328e-17 -4.984962e-02 1.862000e-01
      vertex   -6.106597e-03 -4.943849e-02 1.828903e-01
      vertex   -2.398019e-09 -4.950943e-02 1.785678e-01
    endloop
  endfacet
  facet normal 8.122482e-01 5.247578e-01 -2.547196e-01
    outer loop
      vertex   4.139431e-02 2.390211e-02 1.716922e-01
      vertex   3.864216e-02 2.925177e-02 1.739372e-01
      vertex   4.296392e-02 2.480524e-02 1.785580e-01
    endloop
  endfacet
  facet normal 4.992517e-01 8.504012e-02 8.622737e-01
    outer loop
      vertex   2.672412e-02 8.508824e-03 2.164012e-01
      vertex   2.677498e-02 2.001979e-03 2.170135e-01
      vertex   3.212310e-02 2.716690e-03 2.138465e-01
    endloop
  endfacet
  facet normal 6.139178e-01 -4.796452e-01 6.269333e-01
    outer loop
      vertex   2.900587e-02 -2.611700e-02 1.490000e-01
      vertex   3.648300e-02 -2.241356e-02 1.445115e-01
      vertex   3.235837e-02 -2.182600e-02 1.490000e-01
    endloop
  endfacet
  facet normal 6.297643e-01 7.903827e-02 7.727547e-01
    outer loop
      vertex   3.631712e-02 8.974845e-03 2.097884e-01
      vertex   3.212310e-02 2.716690e-03 2.138465e-01
      vertex   3.810864e-02 1.148119e-03 2.091289e-01
    endloop
  endfacet
  facet normal 7.411180e-02 -4.262459e-01 9.015664e-01
    outer loop
      vertex   5.525925e-03 -2.852154e-02 2.158868e-01
      vertex   5.699369e-03 -2.213935e-02 2.188900e-01
      vertex   -2.192792e-17 -2.443786e-02 2.182718e-01
    endloop
  endfacet
  facet normal 2.225034e-01 -1.417403e-02 9.748289e-01
    outer loop
      vertex   1.030208e-02 -2.356388e-03 2.223925e-01
      vertex   1.699320e-02 -3.463070e-03 2.208492e-01
      vertex   1.535221e-02 2.526010e-03 2.213108e-01
    endloop
  endfacet
  facet normal 2.601394e-01 -7.992538e-01 5.417756e-01
    outer loop
      vertex   1.637066e-02 -3.977500e-02 2.036312e-01
      vertex   1.069704e-02 -4.161942e-02 2.036345e-01
      vertex   1.376225e-02 -4.397315e-02 1.986904e-01
    endloop
  endfacet
  facet normal -6.786632e-01 2.323319e-01 6.967339e-01
    outer loop
      vertex   -3.897620e-02 1.513896e-02 2.051538e-01
      vertex   -3.833508e-02 8.761986e-03 2.079047e-01
      vertex   -3.518005e-02 1.339018e-02 2.094346e-01
    endloop
  endfacet
  facet normal 8.794674e-01 -3.772065e-01 -2.902626e-01
    outer loop
      vertex   4.267389e-02 -1.980171e-02 1.699969e-01
      vertex   4.632899e-02 -1.646069e-02 1.767298e-01
      vertex   4.272996e-02 -2.349869e-02 1.749712e-01
    endloop
  endfacet
  facet normal 5.097263e-01 -1.933562e-03 8.603344e-01
    outer loop
      vertex   2.841480e-02 -3.748511e-03 2.160290e-01
      vertex   3.212310e-02 2.716690e-03 2.138465e-01
      vertex   2.677498e-02 2.001979e-03 2.170135e-01
    endloop
  endfacet
  facet normal 8.942524e-01 -4.161158e-01 -1.648037e-01
    outer loop
      vertex   4.272996e-02 -2.349869e-02 1.749712e-01
      vertex   4.632899e-02 -1.646069e-02 1.767298e-01
      vertex   4.459544e-02 -2.216471e-02 1.817254e-01
    endloop
  endfacet
  facet normal 9.295942e-01 -3.582881e-01 -8.651190e-02
    outer loop
      vertex   4.459544e-02 -2.216471e-02 1.817254e-01
      vertex   4.632899e-02 -1.646069e-02 1.767298e-01
      vertex   4.724939e-02 -1.597649e-02 1.846144e-01
    endloop
  endfacet
  facet normal -4.935905e-01 -5.918189e-01 6.372745e-01
    outer loop
      vertex   -2.958229e-02 -3.008984e-02 1.453430e-01
      vertex   -2.621932e-02 -3.443371e-02 1.439137e-01
      vertex   -2.508880e-02 -2.989967e-02 1.490000e-01
    endloop
  endfacet
  facet normal 4.392053e-01 -2.848070e-02 8.979351e-01
    outer loop
      vertex   2.841480e-02 -3.748511e-03 2.160290e-01
      vertex   2.677498e-02 2.001979e-03 2.170135e-01
      vertex   2.277699e-02 -3.880473e-03 2.187824e-01
    endloop
  endfacet
  facet normal -4.252152e-01 -6.473911e-01 6.325163e-01
    outer loop
      vertex   -2.068341e-02 -3.310037e-02 1.490000e-01
      vertex   -2.621932e-02 -3.443371e-02 1.439137e-01
      vertex   -2.083373e-02 -3.779771e-02 1.440911e-01
    endloop
  endfacet
  facet normal 9.368405e-01 -1.214212e-01 -3.280043e-01
    outer loop
      vertex   4.858941e-02 -1.452428e-03 1.742678e-01
      vertex   4.790445e-02 -8.818589e-03 1.750382e-01
      vertex   4.663316e-02 -3.928956e-03 1.695971e-01
    endloop
  endfacet
  facet normal 9.503686e-01 -2.969950e-01 -9.270108e-02
    outer loop
      vertex   4.724939e-02 -1.597649e-02 1.846144e-01
      vertex   4.632899e-02 -1.646069e-02 1.767298e-01
      vertex   4.867144e-02 -1.049576e-02 1.816341e-01
    endloop
  endfacet
  facet normal 9.670748e-01 -1.137375e-01 -2.276621e-01
    outer loop
      vertex   4.858941e-02 -1.452428e-03 1.742678e-01
      vertex   4.953298e-02 -4.262573e-03 1.796799e-01
      vertex   4.790445e-02 -8.818589e-03 1.750382e-01
    endloop
  endfacet
  facet normal 9.965858e-01 -7.608520e-02 -3.205986e-02
    outer loop
      vertex   4.956048e-02 -5.871195e-03 1.843524e-01
      vertex   4.953298e-02 -4.262573e-03 1.796799e-01
      vertex   4.995316e-02 -5.790322e-04 1.839993e-01
    endloop
  endfacet
  facet normal 9.698675e-01 -1.840875e-01 -1.595895e-01
    outer loop
      vertex   4.790445e-02 -8.818589e-03 1.750382e-01
      vertex   4.953298e-02 -4.262573e-03 1.796799e-01
      vertex   4.867144e-02 -1.049576e-02 1.816341e-01
    endloop
  endfacet
  facet normal 9.818120e-01 -3.105317e-02 -1.872989e-01
    outer loop
      vertex   4.959997e-02 2.208703e-03 1.789581e-01
      vertex   4.953298e-02 -4.262573e-03 1.796799e-01
      vertex   4.858941e-02 -1.452428e-03 1.742678e-01
    endloop
  endfacet
  facet normal 9.693996e-01 4.223176e-02 -2.418284e-01
    outer loop
      vertex   4.959997e-02 2.208703e-03 1.789581e-01
      vertex   4.858941e-02 -1.452428e-03 1.742678e-01
      vertex   4.813934e-02 4.984233e-03 1.735877e-01
    endloop
  endfacet
  facet normal -5.476250e-01 -8.301446e-01 1.047228e-01
    outer loop
      vertex   -2.269331e-02 -4.409618e-02 1.877081e-01
      vertex   -2.719998e-02 -4.072780e-02 1.908428e-01
      vertex   -2.756896e-02 -4.151712e-02 1.826563e-01
    endloop
  endfacet
  facet normal -3.560734e-01 -6.696768e-01 6.517244e-01
    outer loop
      vertex   -2.068341e-02 -3.310037e-02 1.490000e-01
      vertex   -2.083373e-02 -3.779771e-02 1.440911e-01
      vertex   -1.587544e-02 -3.565682e-02 1.490000e-01
    endloop
  endfacet
  facet normal -6.397404e-01 -7.208737e-01 -2.665957e-01
    outer loop
      vertex   -3.283642e-02 -3.700945e-02 1.190047e-01
      vertex   -3.119638e-02 -3.585682e-02 1.119525e-01
      vertex   -2.835633e-02 -3.944029e-02 1.148270e-01
    endloop
  endfacet
  facet normal 9.445552e-01 3.177502e-01 -8.276681e-02
    outer loop
      vertex   4.696084e-02 1.498609e-02 1.773625e-01
      vertex   4.579908e-02 1.949656e-02 1.814204e-01
      vertex   4.827976e-02 1.253310e-02 1.829971e-01
    endloop
  endfacet
  facet normal -2.500548e-01 9.326476e-01 -2.600788e-01
    outer loop
      vertex   -1.076353e-02 4.849266e-02 1.790119e-01
      vertex   -9.428713e-03 4.710001e-02 1.727345e-01
      vertex   -1.632006e-02 4.636429e-02 1.767219e-01
    endloop
  endfacet
  facet normal -4.381498e-01 -3.461116e-02 8.982354e-01
    outer loop
      vertex   -2.380775e-02 -5.502667e-03 2.181926e-01
      vertex   -2.336408e-02 8.582981e-04 2.186541e-01
      vertex   -2.861763e-02 -2.294789e-04 2.160496e-01
    endloop
  endfacet
  facet normal 8.504555e-01 3.844599e-01 3.590486e-01
    outer loop
      vertex   4.470449e-02 1.885799e-02 1.925070e-01
      vertex   4.179981e-02 2.413313e-02 1.937387e-01
      vertex   4.343744e-02 1.684394e-02 1.976648e-01
    endloop
  endfacet
  facet normal 7.634798e-01 3.407550e-01 5.486207e-01
    outer loop
      vertex   3.692745e-02 2.132007e-02 2.042643e-01
      vertex   3.986537e-02 1.467022e-02 2.043061e-01
      vertex   3.950604e-02 2.280883e-02 1.997512e-01
    endloop
  endfacet
  facet normal 4.864763e-01 -3.167649e-01 8.142487e-01
    outer loop
      vertex   2.532706e-02 -2.061893e-02 2.135985e-01
      vertex   3.088543e-02 -1.754487e-02 2.114735e-01
      vertex   2.703178e-02 -1.492978e-02 2.147932e-01
    endloop
  endfacet
  facet normal -7.661120e-02 -6.393674e-01 7.650752e-01
    outer loop
      vertex   -8.394942e-03 -4.712020e-02 1.030818e-01
      vertex   -3.114516e-03 -4.757532e-02 1.032302e-01
      vertex   -5.813138e-03 -4.415516e-02 1.058182e-01
    endloop
  endfacet
  facet normal 3.240731e-01 3.982325e-01 -8.581303e-01
    outer loop
      vertex   2.407652e-02 4.171811e-02 9.340424e-02
      vertex   2.127219e-02 3.872463e-02 9.095599e-02
      vertex   2.015825e-02 4.261530e-02 9.234086e-02
    endloop
  endfacet
  facet normal 6.686557e-02 -5.931405e-01 -8.023175e-01
    outer loop
      vertex   -5.716088e-03 -4.577073e-02 9.148898e-02
      vertex   -1.082573e-03 -4.441290e-02 9.087132e-02
      vertex   -4.748738e-04 -4.851580e-02 9.395517e-02
    endloop
  endfacet
  facet normal -2.377201e-01 -6.581300e-01 7.143907e-01
    outer loop
      vertex   -1.281436e-02 -4.713386e-02 1.015986e-01
      vertex   -8.394942e-03 -4.712020e-02 1.030818e-01
      vertex   -1.152681e-02 -4.301864e-02 1.058182e-01
    endloop
  endfacet
  facet normal -6.254076e-01 -7.788040e-01 4.826738e-02
    outer loop
      vertex   -2.664566e-02 -4.104591e-02 1.015477e-01
      vertex   -2.736434e-02 -4.080757e-02 9.608131e-02
      vertex   -2.384137e-02 -4.357531e-02 9.707101e-02
    endloop
  endfacet
  facet normal 1.229052e-01 6.178852e-01 7.766030e-01
    outer loop
      vertex   1.152681e-02 4.301864e-02 1.058182e-01
      vertex   1.122793e-02 4.683987e-02 1.028252e-01
      vertex   5.813138e-03 4.415516e-02 1.058182e-01
    endloop
  endfacet
  facet normal -1.626133e-01 -8.521364e-02 -9.830033e-01
    outer loop
      vertex   -4.065806e-02 -1.670162e-02 9.070631e-02
      vertex   -3.595176e-02 -1.753485e-02 9.000000e-02
      vertex   -3.905359e-02 -2.109889e-02 9.082208e-02
    endloop
  endfacet
  facet normal 4.696630e-01 -4.400309e-01 7.653689e-01
    outer loop
      vertex   3.149183e-02 -3.149183e-02 1.058182e-01
      vertex   3.265452e-02 -3.484798e-02 1.031752e-01
      vertex   3.652579e-02 -3.039217e-02 1.033614e-01
    endloop
  endfacet
  facet normal -4.222922e-01 -5.262565e-01 7.380537e-01
    outer loop
      vertex   -2.226809e-02 -3.856946e-02 1.058182e-01
      vertex   -2.664566e-02 -4.104591e-02 1.015477e-01
      vertex   -2.347889e-02 -4.242317e-02 1.023776e-01
    endloop
  endfacet
  facet normal -1.955232e-01 7.370592e-01 6.469269e-01
    outer loop
      vertex   -1.499354e-02 4.426607e-02 1.040123e-01
      vertex   -1.577095e-02 4.646179e-02 1.012757e-01
      vertex   -1.894842e-02 4.473625e-02 1.022814e-01
    endloop
  endfacet
  facet normal -8.912655e-02 6.554148e-02 -9.938615e-01
    outer loop
      vertex   -2.750451e-02 3.242917e-02 9.036261e-02
      vertex   -2.649337e-02 3.582760e-02 9.049604e-02
      vertex   -2.351141e-02 3.236068e-02 9.000000e-02
    endloop
  endfacet
  facet normal 9.516024e-01 -2.942689e-01 -8.864863e-02
    outer loop
      vertex   4.603443e-02 -1.855287e-02 9.632561e-02
      vertex   4.735648e-02 -1.400439e-02 9.541858e-02
      vertex   4.749758e-02 -1.477638e-02 9.949580e-02
    endloop
  endfacet
  facet normal 3.495143e-01 -1.268112e-01 -9.283096e-01
    outer loop
      vertex   3.987810e-02 -1.651598e-02 9.062683e-02
      vertex   4.219429e-02 -1.157943e-02 9.082454e-02
      vertex   4.367010e-02 -1.773613e-02 9.222122e-02
    endloop
  endfacet
  facet normal 9.997569e-01 1.844504e-02 -1.208233e-02
    outer loop
      vertex   4.921172e-02 8.550802e-03 9.834330e-02
      vertex   4.930558e-02 4.767305e-03 1.003339e-01
      vertex   4.923008e-02 5.849896e-03 9.573912e-02
    endloop
  endfacet
  facet normal 7.962681e-01 5.401141e-01 2.724589e-01
    outer loop
      vertex   3.801276e-02 2.982008e-02 1.027578e-01
      vertex   4.002321e-02 2.969630e-02 9.712765e-02
      vertex   3.732185e-02 3.286939e-02 9.873220e-02
    endloop
  endfacet
  facet normal -5.078381e-01 7.587417e-01 -4.079356e-01
    outer loop
      vertex   -2.801964e-02 3.914920e-02 9.296478e-02
      vertex   -3.164004e-02 3.801948e-02 9.537060e-02
      vertex   -2.849154e-02 4.091861e-02 9.684328e-02
    endloop
  endfacet
  facet normal 1.984451e-01 6.707411e-02 -9.778142e-01
    outer loop
      vertex   3.152043e-02 2.462646e-02 9.000000e-02
      vertex   3.271318e-02 2.915954e-02 9.055302e-02
      vertex   3.563203e-02 2.539371e-02 9.088707e-02
    endloop
  endfacet
  facet normal 4.083310e-02 6.229948e-01 7.811595e-01
    outer loop
      vertex   5.813138e-03 4.415516e-02 1.058182e-01
      vertex   2.235019e-03 4.654619e-02 1.040983e-01
      vertex   8.879417e-17 4.453618e-02 1.058182e-01
    endloop
  endfacet
  facet normal 6.221228e-01 1.889467e-01 -7.597778e-01
    outer loop
      vertex   4.141854e-02 2.082546e-02 9.195469e-02
      vertex   4.436460e-02 1.859611e-02 9.381258e-02
      vertex   4.122295e-02 1.668255e-02 9.076425e-02
    endloop
  endfacet
  facet normal -8.814843e-02 1.050512e-01 -9.905524e-01
    outer loop
      vertex   -2.351141e-02 3.236068e-02 9.000000e-02
      vertex   -2.778634e-02 2.877359e-02 9.000000e-02
      vertex   -2.750451e-02 3.242917e-02 9.036261e-02
    endloop
  endfacet
  facet normal -5.104486e-01 4.674521e-01 7.217553e-01
    outer loop
      vertex   -3.149183e-02 3.149183e-02 1.058182e-01
      vertex   -2.998432e-02 3.654404e-02 1.036122e-01
      vertex   -3.340264e-02 3.556210e-02 1.018307e-01
    endloop
  endfacet
  facet normal 6.849898e-01 -3.179108e-02 7.278587e-01
    outer loop
      vertex   4.864095e-02 2.070164e-04 1.022017e-01
      vertex   4.643625e-02 -2.633233e-03 1.041525e-01
      vertex   4.845418e-02 -5.118086e-03 1.021448e-01
    endloop
  endfacet
  facet normal 6.259101e-01 -4.102418e-02 7.788155e-01
    outer loop
      vertex   4.415516e-02 -5.813138e-03 1.058182e-01
      vertex   4.643625e-02 -2.633233e-03 1.041525e-01
      vertex   4.453618e-02 -6.605129e-17 1.058182e-01
    endloop
  endfacet
  facet normal 8.442023e-01 4.528584e-01 -2.867784e-01
    outer loop
      vertex   4.253642e-02 2.586862e-02 9.848152e-02
      vertex   4.060981e-02 2.636562e-02 9.359490e-02
      vertex   4.002321e-02 2.969630e-02 9.712765e-02
    endloop
  endfacet
  facet normal 9.807333e-01 -8.621977e-02 -1.752948e-01
    outer loop
      vertex   4.979308e-02 -2.147353e-03 9.872018e-02
      vertex   4.891005e-02 -3.393105e-03 9.439256e-02
      vertex   4.981338e-02 1.848776e-03 9.686820e-02
    endloop
  endfacet
  facet normal 4.289849e-01 -7.830715e-01 -4.503010e-01
    outer loop
      vertex   2.451490e-02 -4.075031e-02 9.336864e-02
      vertex   2.836152e-02 -4.095538e-02 9.738977e-02
      vertex   2.398712e-02 -4.347158e-02 9.759811e-02
    endloop
  endfacet
  facet normal -5.623234e-01 -2.773075e-01 7.790333e-01
    outer loop
      vertex   -3.856946e-02 -2.226809e-02 1.058182e-01
      vertex   -4.114606e-02 -1.704326e-02 1.058182e-01
      vertex   -4.298392e-02 -1.978281e-02 1.035164e-01
    endloop
  endfacet
  facet normal 9.656344e-01 -2.238170e-01 -1.321219e-01
    outer loop
      vertex   4.878433e-02 -1.008473e-02 9.935093e-02
      vertex   4.846477e-02 -8.942342e-03 9.508010e-02
      vertex   4.957365e-02 -5.775808e-03 9.782040e-02
    endloop
  endfacet
  facet normal -6.272927e-01 4.111481e-02 7.776975e-01
    outer loop
      vertex   -4.415516e-02 5.813138e-03 1.058182e-01
      vertex   -4.647701e-02 2.272575e-03 1.041326e-01
      vertex   -4.453618e-02 1.165600e-16 1.058182e-01
    endloop
  endfacet
  facet normal -7.460714e-01 -1.590931e-02 6.656759e-01
    outer loop
      vertex   -4.900836e-02 1.023919e-03 1.012656e-01
      vertex   -4.647701e-02 2.272575e-03 1.041326e-01
      vertex   -4.762171e-02 6.184283e-03 1.029431e-01
    endloop
  endfacet
  facet normal 5.598586e-01 3.010517e-01 7.719626e-01
    outer loop
      vertex   3.856946e-02 2.226809e-02 1.058182e-01
      vertex   4.278255e-02 2.031389e-02 1.035248e-01
      vertex   4.068229e-02 2.590422e-02 1.028679e-01
    endloop
  endfacet
  facet normal 4.617826e-01 4.386165e-01 7.709555e-01
    outer loop
      vertex   3.417230e-02 3.356724e-02 1.030319e-01
      vertex   3.149183e-02 3.149183e-02 1.058182e-01
      vertex   3.496755e-02 3.066092e-02 1.042091e-01
    endloop
  endfacet
  facet normal 4.556935e-01 8.878943e-01 -6.314434e-02
    outer loop
      vertex   2.255170e-02 4.418816e-02 9.649426e-02
      vertex   2.025313e-02 4.553010e-02 9.877556e-02
      vertex   2.570154e-02 4.273791e-02 9.883327e-02
    endloop
  endfacet
  facet normal -1.400871e-01 2.610679e-01 -9.551016e-01
    outer loop
      vertex   -2.313900e-02 4.010997e-02 9.150205e-02
      vertex   -1.781210e-02 4.034434e-02 9.078480e-02
      vertex   -2.222377e-02 3.629158e-02 9.032409e-02
    endloop
  endfacet
  facet normal 1.867056e-01 1.259344e-01 -9.743108e-01
    outer loop
      vertex   3.464102e-02 2.000000e-02 9.000000e-02
      vertex   3.152043e-02 2.462646e-02 9.000000e-02
      vertex   3.563203e-02 2.539371e-02 9.088707e-02
    endloop
  endfacet
  facet normal 8.037203e-01 -2.884929e-01 -5.203898e-01
    outer loop
      vertex   4.603443e-02 -1.855287e-02 9.632561e-02
      vertex   4.324083e-02 -2.290881e-02 9.442585e-02
      vertex   4.367010e-02 -1.773613e-02 9.222122e-02
    endloop
  endfacet
  facet normal -5.916752e-01 -4.057868e-01 6.966042e-01
    outer loop
      vertex   -4.298392e-02 -1.978281e-02 1.035164e-01
      vertex   -4.279528e-02 -2.442237e-02 1.009740e-01
      vertex   -3.856946e-02 -2.226809e-02 1.058182e-01
    endloop
  endfacet
  facet normal -5.041065e-01 -3.865417e-01 7.723096e-01
    outer loop
      vertex   -3.533293e-02 -2.711191e-02 1.058182e-01
      vertex   -3.865566e-02 -2.646848e-02 1.039714e-01
      vertex   -3.582724e-02 -3.148149e-02 1.033086e-01
    endloop
  endfacet
  facet normal 4.553206e-01 -9.175661e-02 -8.855867e-01
    outer loop
      vertex   4.536841e-02 -1.170227e-02 9.246922e-02
      vertex   4.367010e-02 -1.773613e-02 9.222122e-02
      vertex   4.219429e-02 -1.157943e-02 9.082454e-02
    endloop
  endfacet
  facet normal -5.349474e-01 3.985136e-01 -7.449955e-01
    outer loop
      vertex   -4.536341e-02 1.419237e-02 9.317112e-02
      vertex   -4.624617e-02 1.735223e-02 9.549526e-02
      vertex   -4.206101e-02 1.545780e-02 9.147673e-02
    endloop
  endfacet
  facet normal -7.166754e-01 3.643267e-01 5.946784e-01
    outer loop
      vertex   -4.233617e-02 2.052576e-02 1.037601e-01
      vertex   -4.088611e-02 2.358513e-02 1.036333e-01
      vertex   -4.291007e-02 2.438228e-02 1.007057e-01
    endloop
  endfacet
  facet normal -3.694048e-01 -3.507498e-01 -8.605316e-01
    outer loop
      vertex   -2.040737e-02 -3.922811e-02 9.083896e-02
      vertex   -2.384056e-02 -4.124398e-02 9.313440e-02
      vertex   -2.443192e-02 -3.636016e-02 9.139763e-02
    endloop
  endfacet
  facet normal 3.064742e-01 -1.696977e-01 -9.366303e-01
    outer loop
      vertex   3.371811e-02 -2.625879e-02 9.033052e-02
      vertex   3.641372e-02 -2.871887e-02 9.165827e-02
      vertex   3.205009e-02 -3.017081e-02 9.049351e-02
    endloop
  endfacet
  facet normal 6.757342e-01 1.493437e-01 -7.218585e-01
    outer loop
      vertex   4.517549e-02 9.335257e-03 9.162104e-02
      vertex   4.810236e-02 9.006898e-03 9.429296e-02
      vertex   4.715950e-02 4.443479e-03 9.246622e-02
    endloop
  endfacet
  facet normal -7.340151e-01 3.511532e-01 5.813030e-01
    outer loop
      vertex   -4.548782e-02 1.962731e-02 1.003232e-01
      vertex   -4.233617e-02 2.052576e-02 1.037601e-01
      vertex   -4.291007e-02 2.438228e-02 1.007057e-01
    endloop
  endfacet
  facet normal 2.450945e-01 2.695654e-01 -9.312697e-01
    outer loop
      vertex   1.604445e-02 4.205695e-02 9.109655e-02
      vertex   2.015825e-02 4.261530e-02 9.234086e-02
      vertex   1.781813e-02 3.888564e-02 9.064539e-02
    endloop
  endfacet
  facet normal -5.164387e-01 2.518587e-01 -8.184487e-01
    outer loop
      vertex   -4.480469e-02 1.069320e-02 9.174178e-02
      vertex   -4.536341e-02 1.419237e-02 9.317112e-02
      vertex   -4.206101e-02 1.545780e-02 9.147673e-02
    endloop
  endfacet
  facet normal 6.327103e-01 -2.862491e-01 7.195409e-01
    outer loop
      vertex   4.546056e-02 -1.769902e-02 1.017635e-01
      vertex   4.384573e-02 -1.486293e-02 1.043117e-01
      vertex   4.114606e-02 -1.704326e-02 1.058182e-01
    endloop
  endfacet
  facet normal -6.106051e-02 -2.331156e-01 -9.705301e-01
    outer loop
      vertex   -5.566924e-03 -3.961072e-02 9.000000e-02
      vertex   -1.082573e-03 -4.441290e-02 9.087132e-02
      vertex   -5.716088e-03 -4.577073e-02 9.148898e-02
    endloop
  endfacet
  facet normal -2.235516e-01 -1.592686e-01 -9.615915e-01
    outer loop
      vertex   -3.804226e-02 -1.236068e-02 9.000000e-02
      vertex   -4.348196e-02 -1.362392e-02 9.147386e-02
      vertex   -4.274671e-02 -9.722826e-03 9.065679e-02
    endloop
  endfacet
  facet normal -2.659177e-01 -1.890185e-01 -9.452829e-01
    outer loop
      vertex   -2.040737e-02 -3.922811e-02 9.083896e-02
      vertex   -2.443192e-02 -3.636016e-02 9.139763e-02
      vertex   -2.119677e-02 -3.392192e-02 9.000000e-02
    endloop
  endfacet
  facet normal 5.025449e-02 -1.575251e-01 -9.862354e-01
    outer loop
      vertex   5.566924e-03 -3.961072e-02 9.000000e-02
      vertex   1.005318e-02 -4.202181e-02 9.061371e-02
      vertex   6.740264e-03 -4.383115e-02 9.073389e-02
    endloop
  endfacet
  facet normal 8.012052e-01 3.419235e-02 5.974121e-01
    outer loop
      vertex   4.710978e-02 8.830950e-03 1.030462e-01
      vertex   4.667291e-02 3.387471e-03 1.039436e-01
      vertex   4.930558e-02 4.767305e-03 1.003339e-01
    endloop
  endfacet
  facet normal 6.216586e-01 4.074552e-02 7.822279e-01
    outer loop
      vertex   4.453618e-02 -6.605129e-17 1.058182e-01
      vertex   4.667291e-02 3.387471e-03 1.039436e-01
      vertex   4.415516e-02 5.813138e-03 1.058182e-01
    endloop
  endfacet
  facet normal -4.302906e-01 -5.134882e-01 -7.424148e-01
    outer loop
      vertex   -2.981113e-02 -3.411113e-02 9.116187e-02
      vertex   -3.334393e-02 -3.562876e-02 9.425908e-02
      vertex   -3.469334e-02 -3.201340e-02 9.254063e-02
    endloop
  endfacet
  facet normal 2.332473e-01 6.290362e-01 -7.415586e-01
    outer loop
      vertex   1.844123e-02 4.554976e-02 9.481325e-02
      vertex   1.604445e-02 4.205695e-02 9.109655e-02
      vertex   1.408954e-02 4.587400e-02 9.371953e-02
    endloop
  endfacet
  facet normal 3.901083e-01 2.372284e-01 -8.896843e-01
    outer loop
      vertex   4.122295e-02 1.668255e-02 9.076425e-02
      vertex   3.867334e-02 1.904732e-02 9.027684e-02
      vertex   4.141854e-02 2.082546e-02 9.195469e-02
    endloop
  endfacet
  facet normal -1.702547e-01 -1.607233e-01 -9.722044e-01
    outer loop
      vertex   -3.316150e-02 -2.236772e-02 9.000000e-02
      vertex   -3.747929e-02 -2.484508e-02 9.116570e-02
      vertex   -3.905359e-02 -2.109889e-02 9.082208e-02
    endloop
  endfacet
  facet normal -6.251407e-01 -4.097376e-02 7.794358e-01
    outer loop
      vertex   -4.453618e-02 1.165600e-16 1.058182e-01
      vertex   -4.681348e-02 -3.207291e-03 1.038231e-01
      vertex   -4.415516e-02 -5.813138e-03 1.058182e-01
    endloop
  endfacet
  facet normal -8.404626e-01 -1.160607e-01 5.292944e-01
    outer loop
      vertex   -4.681348e-02 -3.207291e-03 1.038231e-01
      vertex   -4.900836e-02 1.023919e-03 1.012656e-01
      vertex   -4.950701e-02 -3.272035e-03 9.953185e-02
    endloop
  endfacet
  facet normal 4.261179e-01 -8.982752e-01 1.073557e-01
    outer loop
      vertex   2.398712e-02 -4.347158e-02 9.759811e-02
      vertex   2.068040e-02 -4.465952e-02 1.007834e-01
      vertex   2.068442e-02 -4.517221e-02 9.647757e-02
    endloop
  endfacet
  facet normal 1.899032e-01 -1.601860e-02 -9.816721e-01
    outer loop
      vertex   3.997563e-02 -1.395980e-03 9.000000e-02
      vertex   4.363318e-02 2.329159e-03 9.064676e-02
      vertex   4.427145e-02 -2.069448e-03 9.084201e-02
    endloop
  endfacet
  facet normal -1.958918e-01 -1.167225e-01 -9.736541e-01
    outer loop
      vertex   -3.316150e-02 -2.236772e-02 9.000000e-02
      vertex   -3.456557e-02 -2.762537e-02 9.091278e-02
      vertex   -3.747929e-02 -2.484508e-02 9.116570e-02
    endloop
  endfacet
  facet normal -1.479117e-01 -1.531670e-01 -9.770681e-01
    outer loop
      vertex   -2.571151e-02 -3.064178e-02 9.000000e-02
      vertex   -3.114128e-02 -3.041812e-02 9.078691e-02
      vertex   -2.972579e-02 -2.676522e-02 9.000000e-02
    endloop
  endfacet
  facet normal -9.320912e-01 -3.478565e-03 3.622070e-01
    outer loop
      vertex   -4.934051e-02 5.784983e-03 9.851618e-02
      vertex   -4.762171e-02 6.184283e-03 1.029431e-01
      vertex   -4.857905e-02 9.397460e-03 1.005104e-01
    endloop
  endfacet
  facet normal -3.083709e-01 6.253139e-01 7.168612e-01
    outer loop
      vertex   -1.704326e-02 4.114606e-02 1.058182e-01
      vertex   -2.203158e-02 4.162912e-02 1.032510e-01
      vertex   -2.226809e-02 3.856946e-02 1.058182e-01
    endloop
  endfacet
  facet normal -2.616513e-01 6.275108e-04 -9.651623e-01
    outer loop
      vertex   -3.804226e-02 -1.236068e-02 9.000000e-02
      vertex   -4.065806e-02 -1.670162e-02 9.070631e-02
      vertex   -4.348196e-02 -1.362392e-02 9.147386e-02
    endloop
  endfacet
  facet normal 6.103733e-01 1.214110e-01 7.827540e-01
    outer loop
      vertex   4.415516e-02 5.813138e-03 1.058182e-01
      vertex   4.710978e-02 8.830950e-03 1.030462e-01
      vertex   4.301864e-02 1.152681e-02 1.058182e-01
    endloop
  endfacet
  facet normal 7.055357e-02 2.460494e-01 -9.666860e-01
    outer loop
      vertex   1.368081e-02 3.758770e-02 9.000000e-02
      vertex   8.316467e-03 3.912591e-02 9.000000e-02
      vertex   1.162390e-02 4.219591e-02 9.102280e-02
    endloop
  endfacet
  facet normal -1.216715e-01 6.072253e-01 7.851582e-01
    outer loop
      vertex   -1.152681e-02 4.301864e-02 1.058182e-01
      vertex   -8.279552e-03 4.672927e-02 1.034517e-01
      vertex   -1.233941e-02 4.669530e-02 1.028488e-01
    endloop
  endfacet
  facet normal -4.400901e-02 8.438353e-01 5.347945e-01
    outer loop
      vertex   -5.249861e-03 4.913888e-02 9.989895e-02
      vertex   -8.279552e-03 4.672927e-02 1.034517e-01
      vertex   -2.846993e-03 4.669138e-02 1.039585e-01
    endloop
  endfacet
  facet normal 2.993593e-01 -5.353351e-01 -7.898103e-01
    outer loop
      vertex   2.128641e-02 -4.332458e-02 9.388979e-02
      vertex   1.917191e-02 -4.124218e-02 9.167688e-02
      vertex   2.451490e-02 -4.075031e-02 9.336864e-02
    endloop
  endfacet
  facet normal 2.026631e-01 -2.764446e-01 -9.394179e-01
    outer loop
      vertex   2.550351e-02 -3.556446e-02 9.141246e-02
      vertex   2.152303e-02 -3.772264e-02 9.118883e-02
      vertex   2.119677e-02 -3.392192e-02 9.000000e-02
    endloop
  endfacet
  facet normal 9.127928e-02 -7.131516e-02 -9.932685e-01
    outer loop
      vertex   3.316150e-02 -2.236772e-02 9.000000e-02
      vertex   3.371811e-02 -2.625879e-02 9.033052e-02
      vertex   2.972579e-02 -2.676522e-02 9.000000e-02
    endloop
  endfacet
  facet normal 1.701068e-01 -3.171576e-01 -9.329923e-01
    outer loop
      vertex   3.371811e-02 -2.625879e-02 9.033052e-02
      vertex   3.724734e-02 -2.515841e-02 9.059993e-02
      vertex   3.641372e-02 -2.871887e-02 9.165827e-02
    endloop
  endfacet
  facet normal -6.697111e-02 6.397461e-01 7.656630e-01
    outer loop
      vertex   -5.813138e-03 4.415516e-02 1.058182e-01
      vertex   -2.846993e-03 4.669138e-02 1.039585e-01
      vertex   -8.279552e-03 4.672927e-02 1.034517e-01
    endloop
  endfacet
  facet normal 1.515937e-03 7.206618e-01 6.932851e-01
    outer loop
      vertex   8.152793e-04 4.900039e-02 1.015503e-01
      vertex   -2.846993e-03 4.669138e-02 1.039585e-01
      vertex   2.235019e-03 4.654619e-02 1.040983e-01
    endloop
  endfacet
  facet normal -2.871342e-01 7.781612e-01 5.585868e-01
    outer loop
      vertex   -2.203158e-02 4.162912e-02 1.032510e-01
      vertex   -2.252331e-02 4.439626e-02 9.914336e-02
      vertex   -2.590023e-02 4.216236e-02 1.005195e-01
    endloop
  endfacet
  facet normal -2.433249e-01 1.939382e-01 -9.503583e-01
    outer loop
      vertex   -3.881183e-02 9.676876e-03 9.000000e-02
      vertex   -4.333508e-02 7.064515e-03 9.062501e-02
      vertex   -4.480469e-02 1.069320e-02 9.174178e-02
    endloop
  endfacet
  facet normal 6.137455e-01 3.515339e-02 -7.887209e-01
    outer loop
      vertex   4.513602e-02 -6.459293e-03 9.131912e-02
      vertex   4.427145e-02 -2.069448e-03 9.084201e-02
      vertex   4.891005e-02 -3.393105e-03 9.439256e-02
    endloop
  endfacet
  facet normal 6.344692e-01 2.153729e-01 7.423365e-01
    outer loop
      vertex   4.301864e-02 1.152681e-02 1.058182e-01
      vertex   4.623424e-02 1.540247e-02 1.019454e-01
      vertex   4.114606e-02 1.704326e-02 1.058182e-01
    endloop
  endfacet
  facet normal 4.272057e-01 1.666331e-02 -9.040009e-01
    outer loop
      vertex   4.098542e-02 1.257050e-02 9.057620e-02
      vertex   4.122295e-02 1.668255e-02 9.076425e-02
      vertex   4.450853e-02 1.509117e-02 9.228759e-02
    endloop
  endfacet
  facet normal 1.771907e-01 6.248183e-02 -9.821912e-01
    outer loop
      vertex   3.881183e-02 9.676876e-03 9.000000e-02
      vertex   4.098542e-02 1.257050e-02 9.057620e-02
      vertex   4.236526e-02 7.034614e-03 9.047297e-02
    endloop
  endfacet
  facet normal -3.511568e-01 3.129352e-01 -8.824740e-01
    outer loop
      vertex   -3.096307e-02 3.108111e-02 9.067135e-02
      vertex   -3.333426e-02 2.807479e-02 9.054882e-02
      vertex   -3.642640e-02 3.034999e-02 9.258607e-02
    endloop
  endfacet
  facet normal -7.521188e-01 -2.099049e-01 6.247057e-01
    outer loop
      vertex   -4.642121e-02 -1.651823e-02 1.009422e-01
      vertex   -4.446170e-02 -1.513109e-02 1.037675e-01
      vertex   -4.773728e-02 -1.141054e-02 1.010740e-01
    endloop
  endfacet
  facet normal -2.658260e-01 1.681754e-01 -9.492384e-01
    outer loop
      vertex   -3.920481e-02 1.871287e-02 9.125357e-02
      vertex   -3.708735e-02 1.498426e-02 9.000000e-02
      vertex   -4.206101e-02 1.545780e-02 9.147673e-02
    endloop
  endfacet
  facet normal 3.684095e-01 -7.251791e-01 5.817128e-01
    outer loop
      vertex   2.068040e-02 -4.465952e-02 1.007834e-01
      vertex   2.048102e-02 -4.243610e-02 1.036814e-01
      vertex   1.571283e-02 -4.560403e-02 1.027520e-01
    endloop
  endfacet
  facet normal 4.031881e-02 2.868832e-01 -9.571167e-01
    outer loop
      vertex   2.790259e-03 3.990256e-02 9.000000e-02
      vertex   7.433158e-03 4.359619e-02 9.130270e-02
      vertex   8.316467e-03 3.912591e-02 9.000000e-02
    endloop
  endfacet
  facet normal 9.247552e-01 2.070185e-01 -3.193293e-01
    outer loop
      vertex   4.436460e-02 1.859611e-02 9.381258e-02
      vertex   4.406904e-02 2.222216e-02 9.530739e-02
      vertex   4.592175e-02 1.945772e-02 9.888054e-02
    endloop
  endfacet
  facet normal -4.448409e-01 -4.631483e-01 7.665574e-01
    outer loop
      vertex   -3.149183e-02 -3.149183e-02 1.058182e-01
      vertex   -3.582724e-02 -3.148149e-02 1.033086e-01
      vertex   -3.123599e-02 -3.495331e-02 1.038753e-01
    endloop
  endfacet
  facet normal -6.176015e-01 -4.350906e-01 6.551828e-01
    outer loop
      vertex   -3.582724e-02 -3.148149e-02 1.033086e-01
      vertex   -3.865566e-02 -2.646848e-02 1.039714e-01
      vertex   -3.962183e-02 -2.870174e-02 1.015776e-01
    endloop
  endfacet
  facet normal -7.829524e-01 -5.327522e-01 3.211863e-01
    outer loop
      vertex   -3.582724e-02 -3.148149e-02 1.033086e-01
      vertex   -3.657721e-02 -3.386494e-02 9.752693e-02
      vertex   -3.374649e-02 -3.630426e-02 1.003812e-01
    endloop
  endfacet
  facet normal -3.938181e-01 -5.641572e-01 7.256955e-01
    outer loop
      vertex   -2.711191e-02 -3.533293e-02 1.058182e-01
      vertex   -3.123599e-02 -3.495331e-02 1.038753e-01
      vertex   -3.004456e-02 -3.874276e-02 1.015759e-01
    endloop
  endfacet
  facet normal 9.258409e-02 1.908093e-01 -9.772512e-01
    outer loop
      vertex   1.368081e-02 3.758770e-02 9.000000e-02
      vertex   1.604445e-02 4.205695e-02 9.109655e-02
      vertex   1.781813e-02 3.888564e-02 9.064539e-02
    endloop
  endfacet
  facet normal -5.293695e-01 8.063225e-01 -2.638407e-01
    outer loop
      vertex   -2.941366e-02 3.963578e-02 1.182947e-01
      vertex   -2.381706e-02 4.292109e-02 1.171059e-01
      vertex   -2.569232e-02 3.993482e-02 1.117421e-01
    endloop
  endfacet
  facet normal -3.266391e-01 -6.998999e-01 6.351748e-01
    outer loop
      vertex   -1.587544e-02 -3.565682e-02 1.490000e-01
      vertex   -2.083373e-02 -3.779771e-02 1.440911e-01
      vertex   -1.535758e-02 -4.018409e-02 1.442777e-01
    endloop
  endfacet
  facet normal -4.524773e-01 8.826295e-01 -1.273946e-01
    outer loop
      vertex   -1.912147e-02 4.563320e-02 1.192185e-01
      vertex   -2.381706e-02 4.292109e-02 1.171059e-01
      vertex   -2.345458e-02 4.400477e-02 1.233265e-01
    endloop
  endfacet
  facet normal 9.285817e-02 2.093940e-01 -9.734123e-01
    outer loop
      vertex   2.902743e-02 3.273242e-02 9.096999e-02
      vertex   3.271318e-02 2.915954e-02 9.055302e-02
      vertex   2.778634e-02 2.877359e-02 9.000000e-02
    endloop
  endfacet
  facet normal -8.478789e-01 4.385941e-01 -2.978868e-01
    outer loop
      vertex   -4.098601e-02 2.366328e-02 1.110955e-01
      vertex   -4.422312e-02 1.888697e-02 1.132769e-01
      vertex   -4.267799e-02 2.463634e-02 1.173441e-01
    endloop
  endfacet
  facet normal -8.922859e-01 3.947644e-01 -2.190592e-01
    outer loop
      vertex   -4.267799e-02 2.463634e-02 1.173441e-01
      vertex   -4.422312e-02 1.888697e-02 1.132769e-01
      vertex   -4.555821e-02 1.991956e-02 1.205759e-01
    endloop
  endfacet
  facet normal -8.729658e-01 4.820715e-01 -7.441681e-02
    outer loop
      vertex   -4.267799e-02 2.463634e-02 1.173441e-01
      vertex   -4.555821e-02 1.991956e-02 1.205759e-01
      vertex   -4.323200e-02 2.495644e-02 1.259166e-01
    endloop
  endfacet
  facet normal -9.070948e-01 4.209221e-01 -1.880184e-03
    outer loop
      vertex   -4.323200e-02 2.495644e-02 1.259166e-01
      vertex   -4.555821e-02 1.991956e-02 1.205759e-01
      vertex   -4.562471e-02 1.980729e-02 1.275279e-01
    endloop
  endfacet
  facet normal -8.749446e-01 4.568203e-01 1.605835e-01
    outer loop
      vertex   -4.323200e-02 2.495644e-02 1.259166e-01
      vertex   -4.562471e-02 1.980729e-02 1.275279e-01
      vertex   -4.233029e-02 2.443941e-02 1.323004e-01
    endloop
  endfacet
  facet normal -9.030102e-01 3.665370e-01 2.241054e-01
    outer loop
      vertex   -4.476952e-02 1.771153e-02 1.344015e-01
      vertex   -4.562471e-02 1.980729e-02 1.275279e-01
      vertex   -4.702703e-02 1.478173e-02 1.300969e-01
    endloop
  endfacet
  facet normal -7.716593e-01 3.743333e-01 5.142145e-01
    outer loop
      vertex   -4.211534e-02 1.601956e-02 1.411135e-01
      vertex   -3.732212e-02 2.154794e-02 1.442819e-01
      vertex   -4.034286e-02 2.328886e-02 1.384815e-01
    endloop
  endfacet
  facet normal -6.167056e-01 7.218650e-01 3.139827e-01
    outer loop
      vertex   -2.952806e-02 3.657855e-02 1.374251e-01
      vertex   -3.125955e-02 3.801788e-02 1.307151e-01
      vertex   -3.475638e-02 3.371609e-02 1.337369e-01
    endloop
  endfacet
  facet normal -9.405502e-01 3.328273e-01 6.775988e-02
    outer loop
      vertex   -4.597737e-02 1.781126e-02 1.887022e-01
      vertex   -4.553268e-02 2.033617e-02 1.824727e-01
      vertex   -4.736795e-02 1.530970e-02 1.816874e-01
    endloop
  endfacet
  facet normal -8.414931e-01 4.136313e-01 3.475609e-01
    outer loop
      vertex   -4.034286e-02 2.328886e-02 1.384815e-01
      vertex   -4.233029e-02 2.443941e-02 1.323004e-01
      vertex   -4.476952e-02 1.771153e-02 1.344015e-01
    endloop
  endfacet
  facet normal 5.330473e-01 8.439214e-01 6.047466e-02
    outer loop
      vertex   2.326490e-02 4.391484e-02 1.864806e-01
      vertex   2.570225e-02 4.228784e-02 1.877017e-01
      vertex   2.782181e-02 4.128622e-02 1.829966e-01
    endloop
  endfacet
  facet normal -8.893664e-01 3.945718e-01 2.309556e-01
    outer loop
      vertex   -4.476952e-02 1.771153e-02 1.344015e-01
      vertex   -4.233029e-02 2.443941e-02 1.323004e-01
      vertex   -4.562471e-02 1.980729e-02 1.275279e-01
    endloop
  endfacet
  facet normal -2.860333e-01 8.460298e-02 -9.544775e-01
    outer loop
      vertex   -3.920481e-02 1.871287e-02 9.125357e-02
      vertex   -3.941297e-02 2.267493e-02 9.166714e-02
      vertex   -3.464102e-02 2.000000e-02 9.000000e-02
    endloop
  endfacet
  facet normal -5.254278e-01 3.033797e-01 -7.949128e-01
    outer loop
      vertex   -3.941297e-02 2.267493e-02 9.166714e-02
      vertex   -4.279886e-02 2.050049e-02 9.307529e-02
      vertex   -4.147039e-02 2.604003e-02 9.431136e-02
    endloop
  endfacet
  facet normal -4.701998e-01 -7.593417e-01 -4.497914e-01
    outer loop
      vertex   -2.384056e-02 -4.124398e-02 9.313440e-02
      vertex   -2.384137e-02 -4.357531e-02 9.707101e-02
      vertex   -2.736434e-02 -4.080757e-02 9.608131e-02
    endloop
  endfacet
  facet normal -3.511497e-01 -2.189078e-01 -9.103698e-01
    outer loop
      vertex   -3.114128e-02 -3.041812e-02 9.078691e-02
      vertex   -2.981113e-02 -3.411113e-02 9.116187e-02
      vertex   -3.469334e-02 -3.201340e-02 9.254063e-02
    endloop
  endfacet
  facet normal 2.578298e-01 -3.836489e-01 -8.867566e-01
    outer loop
      vertex   2.550351e-02 -3.556446e-02 9.141246e-02
      vertex   2.451490e-02 -4.075031e-02 9.336864e-02
      vertex   2.152303e-02 -3.772264e-02 9.118883e-02
    endloop
  endfacet
  facet normal -9.655285e-01 -3.976431e-02 2.572420e-01
    outer loop
      vertex   -4.844027e-02 -6.814024e-03 1.320391e-01
      vertex   -4.837745e-02 1.433732e-03 1.335498e-01
      vertex   -4.961527e-02 -2.305786e-03 1.283257e-01
    endloop
  endfacet
  facet normal 4.260793e-01 -7.861553e-01 -4.476787e-01
    outer loop
      vertex   2.836152e-02 -4.095538e-02 9.738977e-02
      vertex   2.451490e-02 -4.075031e-02 9.336864e-02
      vertex   2.985126e-02 -3.803798e-02 9.368447e-02
    endloop
  endfacet
  facet normal 8.031463e-01 5.708800e-01 1.704462e-01
    outer loop
      vertex   4.308311e-02 2.487405e-02 1.861942e-01
      vertex   3.866861e-02 3.114191e-02 1.860024e-01
      vertex   3.862969e-02 2.950217e-02 1.916778e-01
    endloop
  endfacet
  facet normal -3.218849e-01 -8.692106e-01 3.753174e-01
    outer loop
      vertex   -1.934706e-02 -4.213722e-02 1.388264e-01
      vertex   -1.654027e-02 -4.583519e-02 1.326693e-01
      vertex   -1.305642e-02 -4.424751e-02 1.393341e-01
    endloop
  endfacet
  facet normal -8.062103e-01 -5.896691e-01 -4.811824e-02
    outer loop
      vertex   -4.017638e-02 -2.953579e-02 1.261303e-01
      vertex   -4.209165e-02 -2.651944e-02 1.212560e-01
      vertex   -3.818304e-02 -3.175348e-02 1.199092e-01
    endloop
  endfacet
  facet normal -9.467548e-01 1.160078e-01 -3.003291e-01
    outer loop
      vertex   -4.759010e-02 1.900935e-03 1.717259e-01
      vertex   -4.807686e-02 9.668315e-03 1.762606e-01
      vertex   -4.610761e-02 8.710130e-03 1.696827e-01
    endloop
  endfacet
  facet normal -3.832623e-01 -8.584397e-01 3.408685e-01
    outer loop
      vertex   -1.934706e-02 -4.213722e-02 1.388264e-01
      vertex   -2.321982e-02 -4.243774e-02 1.337151e-01
      vertex   -1.654027e-02 -4.583519e-02 1.326693e-01
    endloop
  endfacet
  facet normal -2.813161e-01 -8.899152e-01 3.590435e-01
    outer loop
      vertex   -1.305642e-02 -4.424751e-02 1.393341e-01
      vertex   -1.654027e-02 -4.583519e-02 1.326693e-01
      vertex   -9.793144e-03 -4.698423e-02 1.351078e-01
    endloop
  endfacet
  facet normal -9.353639e-01 -3.265618e-01 -1.358373e-01
    outer loop
      vertex   -4.573764e-02 -1.987704e-02 1.221557e-01
      vertex   -4.795229e-02 -1.345997e-02 1.219785e-01
      vertex   -4.560429e-02 -1.793413e-02 1.165666e-01
    endloop
  endfacet
  facet normal 7.014851e-01 -1.228998e-01 -7.020073e-01
    outer loop
      vertex   4.513602e-02 -6.459293e-03 9.131912e-02
      vertex   4.846477e-02 -8.942342e-03 9.508010e-02
      vertex   4.536841e-02 -1.170227e-02 9.246922e-02
    endloop
  endfacet
  facet normal 1.697083e-01 -4.842588e-02 -9.843038e-01
    outer loop
      vertex   3.595176e-02 -1.753485e-02 9.000000e-02
      vertex   3.987810e-02 -1.651598e-02 9.062683e-02
      vertex   3.694195e-02 -2.115495e-02 9.034883e-02
    endloop
  endfacet
  facet normal 9.124089e-01 1.828930e-01 3.661422e-01
    outer loop
      vertex   4.710978e-02 8.830950e-03 1.030462e-01
      vertex   4.835836e-02 1.230690e-02 9.819846e-02
      vertex   4.623424e-02 1.540247e-02 1.019454e-01
    endloop
  endfacet
  facet normal -5.932453e-01 -7.847371e-01 -1.795764e-01
    outer loop
      vertex   -2.686113e-02 -4.177192e-02 1.200766e-01
      vertex   -3.283642e-02 -3.700945e-02 1.190047e-01
      vertex   -2.835633e-02 -3.944029e-02 1.148270e-01
    endloop
  endfacet
  facet normal -6.134266e-01 -7.862830e-01 -7.393864e-02
    outer loop
      vertex   -3.074591e-02 -3.929159e-02 1.259299e-01
      vertex   -3.283642e-02 -3.700945e-02 1.190047e-01
      vertex   -2.686113e-02 -4.177192e-02 1.200766e-01
    endloop
  endfacet
  facet normal -4.037468e-02 -9.958131e-01 8.201269e-02
    outer loop
      vertex   1.416285e-09 -4.996701e-02 1.237643e-01
      vertex   1.033669e-10 -4.949642e-02 1.294783e-01
      vertex   -4.963738e-03 -4.949971e-02 1.269948e-01
    endloop
  endfacet
  facet normal -5.611203e-01 -6.840867e-01 -4.660143e-01
    outer loop
      vertex   -3.864046e-02 -2.985415e-02 9.412360e-02
      vertex   -3.469334e-02 -3.201340e-02 9.254063e-02
      vertex   -3.657721e-02 -3.386494e-02 9.752693e-02
    endloop
  endfacet
  facet normal -1.987407e-01 5.854722e-01 7.859545e-01
    outer loop
      vertex   -1.152681e-02 4.301864e-02 1.058182e-01
      vertex   -1.499354e-02 4.426607e-02 1.040123e-01
      vertex   -1.704326e-02 4.114606e-02 1.058182e-01
    endloop
  endfacet
  facet normal 9.803728e-01 1.896923e-01 5.372113e-02
    outer loop
      vertex   4.814367e-02 1.303344e-02 1.234769e-01
      vertex   4.851090e-02 9.336725e-03 1.298285e-01
      vertex   4.951589e-02 6.008296e-03 1.232410e-01
    endloop
  endfacet
  facet normal 8.158603e-01 -4.596636e-01 -3.508297e-01
    outer loop
      vertex   4.272996e-02 -2.349869e-02 1.749712e-01
      vertex   3.924745e-02 -2.562711e-02 1.696613e-01
      vertex   4.267389e-02 -1.980171e-02 1.699969e-01
    endloop
  endfacet
  facet normal -3.422694e-01 6.830117e-01 6.452492e-01
    outer loop
      vertex   -1.499354e-02 4.426607e-02 1.040123e-01
      vertex   -1.233941e-02 4.669530e-02 1.028488e-01
      vertex   -1.577095e-02 4.646179e-02 1.012757e-01
    endloop
  endfacet
  facet normal -1.221456e-01 -9.375078e-01 -3.258215e-01
    outer loop
      vertex   -7.520000e-03 -4.852879e-02 1.172591e-01
      vertex   -9.512670e-03 -4.574772e-02 1.100039e-01
      vertex   -1.145707e-16 -4.784347e-02 1.124680e-01
    endloop
  endfacet
  facet normal -2.145915e-02 -9.637692e-01 2.658730e-01
    outer loop
      vertex   1.033669e-10 -4.949642e-02 1.294783e-01
      vertex   2.832570e-06 -4.775977e-02 1.357738e-01
      vertex   -5.080779e-03 -4.856209e-02 1.324551e-01
    endloop
  endfacet
  facet normal -9.738545e-02 -9.217787e-01 3.752866e-01
    outer loop
      vertex   -9.793144e-03 -4.698423e-02 1.351078e-01
      vertex   -5.080779e-03 -4.856209e-02 1.324551e-01
      vertex   -5.577471e-03 -4.553969e-02 1.397498e-01
    endloop
  endfacet
  facet normal -1.805266e-01 -9.523657e-01 2.457839e-01
    outer loop
      vertex   -5.080779e-03 -4.856209e-02 1.324551e-01
      vertex   -9.793144e-03 -4.698423e-02 1.351078e-01
      vertex   -1.024248e-02 -4.847141e-02 1.290152e-01
    endloop
  endfacet
  facet normal -3.017067e-01 -9.401686e-01 1.582908e-01
    outer loop
      vertex   -1.612126e-02 -4.724131e-02 1.251163e-01
      vertex   -1.024248e-02 -4.847141e-02 1.290152e-01
      vertex   -1.654027e-02 -4.583519e-02 1.326693e-01
    endloop
  endfacet
  facet normal -4.290242e-01 8.492365e-01 3.077916e-01
    outer loop
      vertex   -2.595009e-02 4.068829e-02 1.342695e-01
      vertex   -1.978414e-02 4.269394e-02 1.373302e-01
      vertex   -2.224432e-02 4.398049e-02 1.303513e-01
    endloop
  endfacet
  facet normal -5.426442e-01 -8.293177e-01 1.333018e-01
    outer loop
      vertex   -3.074591e-02 -3.929159e-02 1.259299e-01
      vertex   -2.356272e-02 -4.379338e-02 1.271639e-01
      vertex   -2.830088e-02 -3.991816e-02 1.319850e-01
    endloop
  endfacet
  facet normal -6.672661e-01 -7.435421e-01 -4.360109e-02
    outer loop
      vertex   -3.595986e-02 -3.457954e-02 1.253676e-01
      vertex   -3.283642e-02 -3.700945e-02 1.190047e-01
      vertex   -3.074591e-02 -3.929159e-02 1.259299e-01
    endloop
  endfacet
  facet normal -7.605440e-01 -7.993642e-02 6.443469e-01
    outer loop
      vertex   -3.900747e-02 -1.362171e-03 1.490000e-01
      vertex   -4.289484e-02 -4.037307e-03 1.440797e-01
      vertex   -3.843827e-02 -6.777705e-03 1.490000e-01
    endloop
  endfacet
  facet normal -7.055582e-01 -7.044192e-01 -7.733843e-02
    outer loop
      vertex   -3.283642e-02 -3.700945e-02 1.190047e-01
      vertex   -3.595986e-02 -3.457954e-02 1.253676e-01
      vertex   -3.818304e-02 -3.175348e-02 1.199092e-01
    endloop
  endfacet
  facet normal 9.156735e-01 -2.571441e-01 -3.088996e-01
    outer loop
      vertex   4.632899e-02 -1.646069e-02 1.767298e-01
      vertex   4.470299e-02 -1.436364e-02 1.701641e-01
      vertex   4.790445e-02 -8.818589e-03 1.750382e-01
    endloop
  endfacet
  facet normal -2.033879e-01 1.585744e-01 9.661716e-01
    outer loop
      vertex   -1.093647e-02 6.314173e-03 2.220782e-01
      vertex   -1.067521e-02 1.284580e-02 2.210612e-01
      vertex   -1.618183e-02 9.342583e-03 2.204769e-01
    endloop
  endfacet
  facet normal 8.280229e-01 -2.126920e-02 5.602907e-01
    outer loop
      vertex   4.487430e-02 1.512733e-03 1.414301e-01
      vertex   4.218489e-02 6.305561e-04 1.453712e-01
      vertex   4.273118e-02 -4.467760e-03 1.443703e-01
    endloop
  endfacet
  facet normal -9.310908e-01 -1.424794e-01 -3.358118e-01
    outer loop
      vertex   -4.875487e-02 -9.967816e-03 9.714690e-02
      vertex   -4.937284e-02 -6.412179e-03 9.735171e-02
      vertex   -4.756867e-02 -8.136201e-03 9.308085e-02
    endloop
  endfacet
  facet normal -2.588820e-01 -7.112720e-01 6.535077e-01
    outer loop
      vertex   -1.075847e-02 -3.751924e-02 1.490000e-01
      vertex   -1.587544e-02 -3.565682e-02 1.490000e-01
      vertex   -1.535758e-02 -4.018409e-02 1.442777e-01
    endloop
  endfacet
  facet normal -2.239128e-01 -7.391788e-01 6.351989e-01
    outer loop
      vertex   -1.535758e-02 -4.018409e-02 1.442777e-01
      vertex   -9.689944e-03 -4.185662e-02 1.443293e-01
      vertex   -1.075847e-02 -3.751924e-02 1.490000e-01
    endloop
  endfacet
  facet normal -6.978579e-01 -3.358380e-01 6.326193e-01
    outer loop
      vertex   -3.508105e-02 -1.711017e-02 1.490000e-01
      vertex   -3.974715e-02 -1.733281e-02 1.437345e-01
      vertex   -3.687040e-02 -2.205747e-02 1.443997e-01
    endloop
  endfacet
  facet normal -6.287479e-01 4.240975e-01 6.517802e-01
    outer loop
      vertex   -3.732212e-02 2.154794e-02 1.442819e-01
      vertex   -3.380205e-02 1.951562e-02 1.490000e-01
      vertex   -3.075704e-02 2.403003e-02 1.490000e-01
    endloop
  endfacet
  facet normal -6.272661e-01 4.474723e-01 6.374211e-01
    outer loop
      vertex   -3.075704e-02 2.403003e-02 1.490000e-01
      vertex   -3.233066e-02 2.789760e-02 1.447364e-01
      vertex   -3.732212e-02 2.154794e-02 1.442819e-01
    endloop
  endfacet
  facet normal -5.326855e-01 5.673280e-01 6.280009e-01
    outer loop
      vertex   -2.711338e-02 2.807673e-02 1.490000e-01
      vertex   -2.691152e-02 3.351640e-02 1.442571e-01
      vertex   -3.233066e-02 2.789760e-02 1.447364e-01
    endloop
  endfacet
  facet normal -4.147320e-01 6.637099e-01 6.224842e-01
    outer loop
      vertex   -1.832406e-02 3.446254e-02 1.490000e-01
      vertex   -2.187367e-02 3.815647e-02 1.426965e-01
      vertex   -2.294199e-02 3.157694e-02 1.490000e-01
    endloop
  endfacet
  facet normal -1.945143e-01 7.617907e-01 6.179313e-01
    outer loop
      vertex   -7.198623e-03 4.284194e-02 1.435391e-01
      vertex   -1.458555e-02 4.027291e-02 1.443810e-01
      vertex   -8.115053e-03 3.817832e-02 1.490000e-01
    endloop
  endfacet
  facet normal 3.974474e-01 6.360488e-01 6.614208e-01
    outer loop
      vertex   1.832406e-02 3.446254e-02 1.490000e-01
      vertex   2.294199e-02 3.157694e-02 1.490000e-01
      vertex   2.354367e-02 3.538050e-02 1.449808e-01
    endloop
  endfacet
  facet normal 3.764231e-01 4.282096e-01 8.215487e-01
    outer loop
      vertex   1.907205e-02 2.854066e-02 2.122332e-01
      vertex   1.794948e-02 2.333390e-02 2.154614e-01
      vertex   2.569682e-02 2.386980e-02 2.116323e-01
    endloop
  endfacet
  facet normal 4.911751e-01 5.853598e-01 6.450589e-01
    outer loop
      vertex   2.711338e-02 2.807673e-02 1.490000e-01
      vertex   2.939095e-02 3.150784e-02 1.441522e-01
      vertex   2.294199e-02 3.157694e-02 1.490000e-01
    endloop
  endfacet
  facet normal -6.240760e-01 -1.241367e-01 7.714397e-01
    outer loop
      vertex   -4.415516e-02 -5.813138e-03 1.058182e-01
      vertex   -4.577491e-02 -9.112421e-03 1.039769e-01
      vertex   -4.301864e-02 -1.152681e-02 1.058182e-01
    endloop
  endfacet
  facet normal 4.859978e-01 5.972941e-01 6.380015e-01
    outer loop
      vertex   2.354367e-02 3.538050e-02 1.449808e-01
      vertex   2.294199e-02 3.157694e-02 1.490000e-01
      vertex   2.939095e-02 3.150784e-02 1.441522e-01
    endloop
  endfacet
  facet normal -7.482983e-01 -1.707510e-01 6.410099e-01
    outer loop
      vertex   -4.577491e-02 -9.112421e-03 1.039769e-01
      vertex   -4.862223e-02 -7.110497e-03 1.011863e-01
      vertex   -4.773728e-02 -1.141054e-02 1.010740e-01
    endloop
  endfacet
  facet normal -9.010687e-01 3.749792e-01 -2.178666e-01
    outer loop
      vertex   -4.555821e-02 1.991956e-02 1.205759e-01
      vertex   -4.422312e-02 1.888697e-02 1.132769e-01
      vertex   -4.721548e-02 1.447226e-02 1.180546e-01
    endloop
  endfacet
  facet normal -9.084650e-01 2.889546e-01 -3.019877e-01
    outer loop
      vertex   -4.721548e-02 1.447226e-02 1.180546e-01
      vertex   -4.422312e-02 1.888697e-02 1.132769e-01
      vertex   -4.565645e-02 1.243348e-02 1.114138e-01
    endloop
  endfacet
  facet normal -9.228403e-01 2.496771e-01 -2.933039e-01
    outer loop
      vertex   -4.721548e-02 1.447226e-02 1.180546e-01
      vertex   -4.565645e-02 1.243348e-02 1.114138e-01
      vertex   -4.830525e-02 9.069108e-03 1.168840e-01
    endloop
  endfacet
  facet normal -4.221511e-01 7.214596e-02 -9.036500e-01
    outer loop
      vertex   -3.920481e-02 1.871287e-02 9.125357e-02
      vertex   -4.279886e-02 2.050049e-02 9.307529e-02
      vertex   -3.941297e-02 2.267493e-02 9.166714e-02
    endloop
  endfacet
  facet normal -9.523135e-01 2.303804e-02 -3.042503e-01
    outer loop
      vertex   -4.913440e-02 -1.828159e-03 1.171059e-01
      vertex   -4.760873e-02 4.661475e-03 1.128219e-01
      vertex   -4.725121e-02 -1.613575e-03 1.112277e-01
    endloop
  endfacet
  facet normal -9.479845e-01 -8.484198e-02 -3.068016e-01
    outer loop
      vertex   -4.913440e-02 -1.828159e-03 1.171059e-01
      vertex   -4.725121e-02 -1.613575e-03 1.112277e-01
      vertex   -4.727342e-02 -7.194174e-03 1.128396e-01
    endloop
  endfacet
  facet normal -9.662446e-01 7.457189e-02 -2.465977e-01
    outer loop
      vertex   -4.956626e-02 3.767325e-03 1.202217e-01
      vertex   -4.830525e-02 9.069108e-03 1.168840e-01
      vertex   -4.760873e-02 4.661475e-03 1.128219e-01
    endloop
  endfacet
  facet normal -9.666642e-01 6.351485e-02 -2.480448e-01
    outer loop
      vertex   -4.956626e-02 3.767325e-03 1.202217e-01
      vertex   -4.760873e-02 4.661475e-03 1.128219e-01
      vertex   -4.913440e-02 -1.828159e-03 1.171059e-01
    endloop
  endfacet
  facet normal -9.590397e-01 -1.343080e-01 -2.494078e-01
    outer loop
      vertex   -4.894029e-02 -7.838107e-03 1.195959e-01
      vertex   -4.913440e-02 -1.828159e-03 1.171059e-01
      vertex   -4.727342e-02 -7.194174e-03 1.128396e-01
    endloop
  endfacet
  facet normal -9.415119e-01 3.259760e-01 -8.541078e-02
    outer loop
      vertex   -4.764536e-02 1.491670e-02 1.244896e-01
      vertex   -4.555821e-02 1.991956e-02 1.205759e-01
      vertex   -4.721548e-02 1.447226e-02 1.180546e-01
    endloop
  endfacet
  facet normal -9.608033e-01 2.646816e-01 -8.246612e-02
    outer loop
      vertex   -4.764536e-02 1.491670e-02 1.244896e-01
      vertex   -4.721548e-02 1.447226e-02 1.180546e-01
      vertex   -4.902914e-02 9.368451e-03 1.228043e-01
    endloop
  endfacet
  facet normal -9.662098e-01 2.229152e-01 -1.294115e-01
    outer loop
      vertex   -4.902914e-02 9.368451e-03 1.228043e-01
      vertex   -4.721548e-02 1.447226e-02 1.180546e-01
      vertex   -4.830525e-02 9.069108e-03 1.168840e-01
    endloop
  endfacet
  facet normal -9.799932e-01 1.527875e-01 -1.275510e-01
    outer loop
      vertex   -4.902914e-02 9.368451e-03 1.228043e-01
      vertex   -4.830525e-02 9.069108e-03 1.168840e-01
      vertex   -4.956626e-02 3.767325e-03 1.202217e-01
    endloop
  endfacet
  facet normal -9.918747e-01 -5.785131e-03 -1.270871e-01
    outer loop
      vertex   -4.956626e-02 3.767325e-03 1.202217e-01
      vertex   -4.913440e-02 -1.828159e-03 1.171059e-01
      vertex   -4.990020e-02 -2.093332e-03 1.230948e-01
    endloop
  endfacet
  facet normal -9.953811e-01 -8.138941e-02 5.091414e-02
    outer loop
      vertex   -4.961527e-02 -2.305786e-03 1.283257e-01
      vertex   -4.990020e-02 -2.093332e-03 1.230948e-01
      vertex   -4.928550e-02 -7.841358e-03 1.259237e-01
    endloop
  endfacet
  facet normal -9.030010e-01 -3.986802e-01 -1.601353e-01
    outer loop
      vertex   -4.573764e-02 -1.987704e-02 1.221557e-01
      vertex   -4.560429e-02 -1.793413e-02 1.165666e-01
      vertex   -4.347395e-02 -2.281590e-02 1.167075e-01
    endloop
  endfacet
  facet normal -9.449452e-01 -3.250862e-01 3.738219e-02
    outer loop
      vertex   -4.713502e-02 -1.504047e-02 1.288930e-01
      vertex   -4.795229e-02 -1.345997e-02 1.219785e-01
      vertex   -4.573764e-02 -1.987704e-02 1.221557e-01
    endloop
  endfacet
  facet normal -9.236355e-01 3.832629e-01 -2.646571e-03
    outer loop
      vertex   -4.562471e-02 1.980729e-02 1.275279e-01
      vertex   -4.555821e-02 1.991956e-02 1.205759e-01
      vertex   -4.764536e-02 1.491670e-02 1.244896e-01
    endloop
  endfacet
  facet normal -9.947076e-01 1.018006e-01 -1.390930e-02
    outer loop
      vertex   -4.969543e-02 3.383075e-03 1.266472e-01
      vertex   -4.902914e-02 9.368451e-03 1.228043e-01
      vertex   -4.956626e-02 3.767325e-03 1.202217e-01
    endloop
  endfacet
  facet normal -9.985133e-01 2.000787e-03 5.447167e-02
    outer loop
      vertex   -4.961527e-02 -2.305786e-03 1.283257e-01
      vertex   -4.969543e-02 3.383075e-03 1.266472e-01
      vertex   -4.990020e-02 -2.093332e-03 1.230948e-01
    endloop
  endfacet
  facet normal -5.265876e-01 8.270165e-01 1.968483e-01
    outer loop
      vertex   -2.744277e-02 4.151861e-02 1.267880e-01
      vertex   -2.595009e-02 4.068829e-02 1.342695e-01
      vertex   -2.224432e-02 4.398049e-02 1.303513e-01
    endloop
  endfacet
  facet normal -3.001966e-01 1.464157e-01 -9.425733e-01
    outer loop
      vertex   -3.708735e-02 1.498426e-02 9.000000e-02
      vertex   -3.920481e-02 1.871287e-02 9.125357e-02
      vertex   -3.464102e-02 2.000000e-02 9.000000e-02
    endloop
  endfacet
  facet normal 3.091381e-01 6.943354e-01 6.498707e-01
    outer loop
      vertex   1.334947e-02 3.667737e-02 1.490000e-01
      vertex   1.832406e-02 3.446254e-02 1.490000e-01
      vertex   1.519680e-02 4.035929e-02 1.441874e-01
    endloop
  endfacet
  facet normal -9.263948e-01 -3.694014e-01 7.304284e-02
    outer loop
      vertex   -4.713502e-02 -1.504047e-02 1.288930e-01
      vertex   -4.573764e-02 -1.987704e-02 1.221557e-01
      vertex   -4.403037e-02 -2.314755e-02 1.272687e-01
    endloop
  endfacet
  facet normal -9.409924e-01 3.195483e-01 1.114551e-01
    outer loop
      vertex   -4.702703e-02 1.478173e-02 1.300969e-01
      vertex   -4.562471e-02 1.980729e-02 1.275279e-01
      vertex   -4.764536e-02 1.491670e-02 1.244896e-01
    endloop
  endfacet
  facet normal -9.610214e-01 2.527475e-01 1.120557e-01
    outer loop
      vertex   -4.702703e-02 1.478173e-02 1.300969e-01
      vertex   -4.764536e-02 1.491670e-02 1.244896e-01
      vertex   -4.853357e-02 9.338134e-03 1.294547e-01
    endloop
  endfacet
  facet normal -9.726669e-01 2.202707e-01 7.348354e-02
    outer loop
      vertex   -4.853357e-02 9.338134e-03 1.294547e-01
      vertex   -4.764536e-02 1.491670e-02 1.244896e-01
      vertex   -4.902914e-02 9.368451e-03 1.228043e-01
    endloop
  endfacet
  facet normal -9.847826e-01 1.572022e-01 7.409885e-02
    outer loop
      vertex   -4.853357e-02 9.338134e-03 1.294547e-01
      vertex   -4.902914e-02 9.368451e-03 1.228043e-01
      vertex   -4.969543e-02 3.383075e-03 1.266472e-01
    endloop
  endfacet
  facet normal -9.795508e-01 -1.263088e-01 1.566088e-01
    outer loop
      vertex   -4.961527e-02 -2.305786e-03 1.283257e-01
      vertex   -4.928550e-02 -7.841358e-03 1.259237e-01
      vertex   -4.844027e-02 -6.814024e-03 1.320391e-01
    endloop
  endfacet
  facet normal 9.748857e-01 1.940902e-01 -1.092105e-01
    outer loop
      vertex   4.951589e-02 6.008296e-03 1.232410e-01
      vertex   4.820624e-02 8.730772e-03 1.163887e-01
      vertex   4.814367e-02 1.303344e-02 1.234769e-01
    endloop
  endfacet
  facet normal 7.080746e-01 7.014473e-01 8.125274e-02
    outer loop
      vertex   3.081427e-02 3.918782e-02 9.878411e-02
      vertex   3.422262e-02 3.561653e-02 9.991270e-02
      vertex   3.395562e-02 3.630663e-02 9.628196e-02
    endloop
  endfacet
  facet normal -9.162586e-01 2.662030e-01 2.993429e-01
    outer loop
      vertex   -4.476952e-02 1.771153e-02 1.344015e-01
      vertex   -4.702703e-02 1.478173e-02 1.300969e-01
      vertex   -4.632349e-02 9.820415e-03 1.366625e-01
    endloop
  endfacet
  facet normal 7.960582e-01 -6.049196e-01 1.906931e-02
    outer loop
      vertex   3.680904e-02 -3.336186e-02 1.858596e-01
      vertex   4.047540e-02 -2.872363e-02 1.799404e-01
      vertex   4.134593e-02 -2.736271e-02 1.867706e-01
    endloop
  endfacet
  facet normal -8.632397e-01 2.886488e-01 4.141244e-01
    outer loop
      vertex   -4.211534e-02 1.601956e-02 1.411135e-01
      vertex   -4.476952e-02 1.771153e-02 1.344015e-01
      vertex   -4.632349e-02 9.820415e-03 1.366625e-01
    endloop
  endfacet
  facet normal -9.167888e-01 7.925030e-02 3.914304e-01
    outer loop
      vertex   -4.525446e-02 2.742534e-03 1.405993e-01
      vertex   -4.632349e-02 9.820415e-03 1.366625e-01
      vertex   -4.837745e-02 1.433732e-03 1.335498e-01
    endloop
  endfacet
  facet normal 2.079940e-01 7.253617e-01 6.561927e-01
    outer loop
      vertex   8.115053e-03 3.817832e-02 1.490000e-01
      vertex   1.334947e-02 3.667737e-02 1.490000e-01
      vertex   9.672499e-03 4.145783e-02 1.448811e-01
    endloop
  endfacet
  facet normal 2.261451e-01 7.298150e-01 6.451577e-01
    outer loop
      vertex   1.519680e-02 4.035929e-02 1.441874e-01
      vertex   9.672499e-03 4.145783e-02 1.448811e-01
      vertex   1.334947e-02 3.667737e-02 1.490000e-01
    endloop
  endfacet
  facet normal -8.613547e-01 -3.980014e-02 5.064425e-01
    outer loop
      vertex   -4.644865e-02 -4.660707e-03 1.379864e-01
      vertex   -4.289484e-02 -4.037307e-03 1.440797e-01
      vertex   -4.525446e-02 2.742534e-03 1.405993e-01
    endloop
  endfacet
  facet normal -8.231917e-01 8.066183e-02 5.620045e-01
    outer loop
      vertex   -4.525446e-02 2.742534e-03 1.405993e-01
      vertex   -4.210922e-02 1.715916e-03 1.453536e-01
      vertex   -4.214932e-02 8.413920e-03 1.443335e-01
    endloop
  endfacet
  facet normal 9.527092e-01 2.900170e-01 9.074882e-02
    outer loop
      vertex   4.657842e-02 1.594778e-02 1.305957e-01
      vertex   4.814367e-02 1.303344e-02 1.234769e-01
      vertex   4.594161e-02 1.946064e-02 1.260547e-01
    endloop
  endfacet
  facet normal -6.518867e-01 -3.763671e-01 6.583248e-01
    outer loop
      vertex   -3.508105e-02 -1.711017e-02 1.490000e-01
      vertex   -3.687040e-02 -2.205747e-02 1.443997e-01
      vertex   -3.235837e-02 -2.182600e-02 1.490000e-01
    endloop
  endfacet
  facet normal -6.235922e-01 -7.623866e-01 1.729143e-01
    outer loop
      vertex   -3.074591e-02 -3.929159e-02 1.259299e-01
      vertex   -2.830088e-02 -3.991816e-02 1.319850e-01
      vertex   -3.363341e-02 -3.570865e-02 1.313138e-01
    endloop
  endfacet
  facet normal -9.788306e-01 4.510909e-02 1.996394e-01
    outer loop
      vertex   -4.961527e-02 -2.305786e-03 1.283257e-01
      vertex   -4.837745e-02 1.433732e-03 1.335498e-01
      vertex   -4.969543e-02 3.383075e-03 1.266472e-01
    endloop
  endfacet
  facet normal 1.709659e-01 9.730176e-01 1.549435e-01
    outer loop
      vertex   6.278675e-03 4.947729e-02 1.257242e-01
      vertex   4.195958e-03 4.903708e-02 1.307867e-01
      vertex   1.155456e-02 4.801462e-02 1.290881e-01
    endloop
  endfacet
  facet normal 6.287479e-01 4.240975e-01 6.517802e-01
    outer loop
      vertex   3.732212e-02 2.154794e-02 1.442819e-01
      vertex   3.075704e-02 2.403003e-02 1.490000e-01
      vertex   3.380205e-02 1.951562e-02 1.490000e-01
    endloop
  endfacet
  facet normal -7.333161e-01 -4.506084e-01 5.091164e-01
    outer loop
      vertex   -3.700948e-02 -2.705308e-02 1.397779e-01
      vertex   -3.687040e-02 -2.205747e-02 1.443997e-01
      vertex   -4.056443e-02 -2.263514e-02 1.385677e-01
    endloop
  endfacet
  facet normal -6.813113e-01 -4.867966e-01 5.466663e-01
    outer loop
      vertex   -3.687040e-02 -2.205747e-02 1.443997e-01
      vertex   -3.700948e-02 -2.705308e-02 1.397779e-01
      vertex   -3.338138e-02 -2.642014e-02 1.448632e-01
    endloop
  endfacet
  facet normal -6.130717e-01 -5.621086e-01 5.551370e-01
    outer loop
      vertex   -2.958229e-02 -3.008984e-02 1.453430e-01
      vertex   -3.338138e-02 -2.642014e-02 1.448632e-01
      vertex   -3.256819e-02 -3.187266e-02 1.402403e-01
    endloop
  endfacet
  facet normal -9.352999e-01 2.268057e-01 2.716123e-01
    outer loop
      vertex   -4.853357e-02 9.338134e-03 1.294547e-01
      vertex   -4.632349e-02 9.820415e-03 1.366625e-01
      vertex   -4.702703e-02 1.478173e-02 1.300969e-01
    endloop
  endfacet
  facet normal -8.409886e-01 2.141264e-01 4.968783e-01
    outer loop
      vertex   -4.214932e-02 8.413920e-03 1.443335e-01
      vertex   -4.211534e-02 1.601956e-02 1.411135e-01
      vertex   -4.632349e-02 9.820415e-03 1.366625e-01
    endloop
  endfacet
  facet normal 9.771369e-02 -7.034858e-02 -9.927251e-01
    outer loop
      vertex   3.371811e-02 -2.625879e-02 9.033052e-02
      vertex   3.316150e-02 -2.236772e-02 9.000000e-02
      vertex   3.724734e-02 -2.515841e-02 9.059993e-02
    endloop
  endfacet
  facet normal -7.608440e-01 -5.362235e-01 3.654871e-01
    outer loop
      vertex   -3.628728e-02 -3.116000e-02 1.352559e-01
      vertex   -3.700948e-02 -2.705308e-02 1.397779e-01
      vertex   -4.077943e-02 -2.663940e-02 1.325368e-01
    endloop
  endfacet
  facet normal -6.726310e-01 -7.294016e-01 1.246630e-01
    outer loop
      vertex   -3.595986e-02 -3.457954e-02 1.253676e-01
      vertex   -3.074591e-02 -3.929159e-02 1.259299e-01
      vertex   -3.363341e-02 -3.570865e-02 1.313138e-01
    endloop
  endfacet
  facet normal 6.566002e-02 9.976655e-01 -1.877198e-02
    outer loop
      vertex   6.278675e-03 4.947729e-02 1.257242e-01
      vertex   4.247220e-03 4.950778e-02 1.202390e-01
      vertex   3.416001e-04 4.986387e-02 1.255034e-01
    endloop
  endfacet
  facet normal -9.505896e-01 1.277994e-01 2.829252e-01
    outer loop
      vertex   -4.837745e-02 1.433732e-03 1.335498e-01
      vertex   -4.632349e-02 9.820415e-03 1.366625e-01
      vertex   -4.853357e-02 9.338134e-03 1.294547e-01
    endloop
  endfacet
  facet normal -8.577299e-01 1.448217e-01 4.932809e-01
    outer loop
      vertex   -4.214932e-02 8.413920e-03 1.443335e-01
      vertex   -4.632349e-02 9.820415e-03 1.366625e-01
      vertex   -4.525446e-02 2.742534e-03 1.405993e-01
    endloop
  endfacet
  facet normal -9.732403e-01 9.025655e-02 2.113221e-01
    outer loop
      vertex   -4.853357e-02 9.338134e-03 1.294547e-01
      vertex   -4.969543e-02 3.383075e-03 1.266472e-01
      vertex   -4.837745e-02 1.433732e-03 1.335498e-01
    endloop
  endfacet
  facet normal 1.051190e-01 7.479593e-01 6.553677e-01
    outer loop
      vertex   2.722682e-03 3.893617e-02 1.490000e-01
      vertex   8.115053e-03 3.817832e-02 1.490000e-01
      vertex   3.849888e-03 4.193641e-02 1.453951e-01
    endloop
  endfacet
  facet normal -4.180392e-01 -8.849933e-01 2.050124e-01
    outer loop
      vertex   -2.356272e-02 -4.379338e-02 1.271639e-01
      vertex   -1.654027e-02 -4.583519e-02 1.326693e-01
      vertex   -2.321982e-02 -4.243774e-02 1.337151e-01
    endloop
  endfacet
  facet normal 1.189880e-01 7.543401e-01 6.456105e-01
    outer loop
      vertex   9.672499e-03 4.145783e-02 1.448811e-01
      vertex   3.849888e-03 4.193641e-02 1.453951e-01
      vertex   8.115053e-03 3.817832e-02 1.490000e-01
    endloop
  endfacet
  facet normal -4.894692e-01 5.833269e-01 6.481895e-01
    outer loop
      vertex   -2.691152e-02 3.351640e-02 1.442571e-01
      vertex   -2.711338e-02 2.807673e-02 1.490000e-01
      vertex   -2.294199e-02 3.157694e-02 1.490000e-01
    endloop
  endfacet
  facet normal 7.546574e-01 -6.124509e-01 -2.353638e-01
    outer loop
      vertex   3.626449e-02 -3.129767e-02 1.130964e-01
      vertex   3.973249e-02 -2.970821e-02 1.200801e-01
      vertex   3.506605e-02 -3.451326e-02 1.176213e-01
    endloop
  endfacet
  facet normal -3.883209e-02 -2.338855e-01 -9.714884e-01
    outer loop
      vertex   -5.716088e-03 -4.577073e-02 9.148898e-02
      vertex   -1.011699e-02 -4.264557e-02 9.091251e-02
      vertex   -5.566924e-03 -3.961072e-02 9.000000e-02
    endloop
  endfacet
  facet normal -5.575408e-01 5.020116e-01 6.611601e-01
    outer loop
      vertex   -3.075704e-02 2.403003e-02 1.490000e-01
      vertex   -2.711338e-02 2.807673e-02 1.490000e-01
      vertex   -3.233066e-02 2.789760e-02 1.447364e-01
    endloop
  endfacet
  facet normal -9.405925e-01 -2.407897e-01 2.393869e-01
    outer loop
      vertex   -4.713502e-02 -1.504047e-02 1.288930e-01
      vertex   -4.604290e-02 -1.250696e-02 1.357324e-01
      vertex   -4.844027e-02 -6.814024e-03 1.320391e-01
    endloop
  endfacet
  facet normal -6.481539e-01 -5.463909e-01 5.304277e-01
    outer loop
      vertex   -3.700948e-02 -2.705308e-02 1.397779e-01
      vertex   -3.256819e-02 -3.187266e-02 1.402403e-01
      vertex   -3.338138e-02 -2.642014e-02 1.448632e-01
    endloop
  endfacet
  facet normal -5.654319e-01 -6.176203e-01 5.466552e-01
    outer loop
      vertex   -2.958229e-02 -3.008984e-02 1.453430e-01
      vertex   -3.256819e-02 -3.187266e-02 1.402403e-01
      vertex   -2.621932e-02 -3.443371e-02 1.439137e-01
    endloop
  endfacet
  facet normal -8.735073e-01 -1.756027e-01 4.540360e-01
    outer loop
      vertex   -4.604290e-02 -1.250696e-02 1.357324e-01
      vertex   -4.303814e-02 -1.160483e-02 1.418621e-01
      vertex   -4.644865e-02 -4.660707e-03 1.379864e-01
    endloop
  endfacet
  facet normal -4.181681e-01 6.628954e-01 6.210516e-01
    outer loop
      vertex   -2.691152e-02 3.351640e-02 1.442571e-01
      vertex   -2.294199e-02 3.157694e-02 1.490000e-01
      vertex   -2.187367e-02 3.815647e-02 1.426965e-01
    endloop
  endfacet
  facet normal -9.146209e-01 4.847768e-03 4.042834e-01
    outer loop
      vertex   -4.644865e-02 -4.660707e-03 1.379864e-01
      vertex   -4.525446e-02 2.742534e-03 1.405993e-01
      vertex   -4.837745e-02 1.433732e-03 1.335498e-01
    endloop
  endfacet
  facet normal -8.472326e-01 -2.732884e-01 4.555330e-01
    outer loop
      vertex   -4.303814e-02 -1.160483e-02 1.418621e-01
      vertex   -4.604290e-02 -1.250696e-02 1.357324e-01
      vertex   -4.278527e-02 -1.750966e-02 1.387899e-01
    endloop
  endfacet
  facet normal -6.564405e-01 -6.407274e-01 3.981886e-01
    outer loop
      vertex   -3.628728e-02 -3.116000e-02 1.352559e-01
      vertex   -3.054770e-02 -3.632856e-02 1.364012e-01
      vertex   -3.256819e-02 -3.187266e-02 1.402403e-01
    endloop
  endfacet
  facet normal 7.918534e-01 5.474285e-01 2.707216e-01
    outer loop
      vertex   3.801276e-02 2.982008e-02 1.027578e-01
      vertex   4.068229e-02 2.590422e-02 1.028679e-01
      vertex   4.002321e-02 2.969630e-02 9.712765e-02
    endloop
  endfacet
  facet normal 2.457839e-01 9.678663e-01 5.315170e-02
    outer loop
      vertex   1.155456e-02 4.801462e-02 1.290881e-01
      vertex   1.779409e-02 4.655084e-02 1.268900e-01
      vertex   1.142923e-02 4.843544e-02 1.220047e-01
    endloop
  endfacet
  facet normal -8.691705e-01 -3.881403e-01 -3.064144e-01
    outer loop
      vertex   -4.560429e-02 -1.793413e-02 1.165666e-01
      vertex   -4.321774e-02 -1.906498e-02 1.112294e-01
      vertex   -4.347395e-02 -2.281590e-02 1.167075e-01
    endloop
  endfacet
  facet normal 1.623247e-01 -2.411188e-01 -9.568241e-01
    outer loop
      vertex   1.917191e-02 -4.124218e-02 9.167688e-02
      vertex   1.626947e-02 -3.654182e-02 9.000000e-02
      vertex   2.152303e-02 -3.772264e-02 9.118883e-02
    endloop
  endfacet
  facet normal -9.127617e-01 -3.135053e-01 2.618787e-01
    outer loop
      vertex   -4.411306e-02 -1.976823e-02 1.337660e-01
      vertex   -4.604290e-02 -1.250696e-02 1.357324e-01
      vertex   -4.713502e-02 -1.504047e-02 1.288930e-01
    endloop
  endfacet
  facet normal -9.407887e-01 -5.413022e-02 3.346440e-01
    outer loop
      vertex   -4.844027e-02 -6.814024e-03 1.320391e-01
      vertex   -4.644865e-02 -4.660707e-03 1.379864e-01
      vertex   -4.837745e-02 1.433732e-03 1.335498e-01
    endloop
  endfacet
  facet normal 9.629040e-01 1.083640e-01 2.471298e-01
    outer loop
      vertex   4.944520e-02 2.539307e-03 1.291687e-01
      vertex   4.851090e-02 9.336725e-03 1.298285e-01
      vertex   4.743518e-02 5.708143e-03 1.356109e-01
    endloop
  endfacet
  facet normal -6.503525e-01 7.540332e-01 9.206294e-02
    outer loop
      vertex   -3.557904e-02 3.476004e-02 1.268843e-01
      vertex   -3.125955e-02 3.801788e-02 1.307151e-01
      vertex   -3.220840e-02 3.808362e-02 1.234737e-01
    endloop
  endfacet
  facet normal 6.157929e-01 5.569585e-01 5.573117e-01
    outer loop
      vertex   3.567815e-02 2.658556e-02 1.421244e-01
      vertex   3.390435e-02 3.105646e-02 1.396163e-01
      vertex   2.939095e-02 3.150784e-02 1.441522e-01
    endloop
  endfacet
  facet normal -7.684434e-01 -6.396590e-01 -1.819729e-02
    outer loop
      vertex   -3.595986e-02 -3.457954e-02 1.253676e-01
      vertex   -4.017638e-02 -2.953579e-02 1.261303e-01
      vertex   -3.818304e-02 -3.175348e-02 1.199092e-01
    endloop
  endfacet
  facet normal 6.816531e-01 3.324630e-01 6.517802e-01
    outer loop
      vertex   3.732212e-02 2.154794e-02 1.442819e-01
      vertex   3.380205e-02 1.951562e-02 1.490000e-01
      vertex   3.618914e-02 1.462136e-02 1.490000e-01
    endloop
  endfacet
  facet normal 6.561966e-01 -3.788555e-01 6.525907e-01
    outer loop
      vertex   3.508105e-02 -1.711017e-02 1.490000e-01
      vertex   3.235837e-02 -2.182600e-02 1.490000e-01
      vertex   3.648300e-02 -2.241356e-02 1.445115e-01
    endloop
  endfacet
  facet normal -7.018219e-01 -6.540603e-01 2.822255e-01
    outer loop
      vertex   -3.628728e-02 -3.116000e-02 1.352559e-01
      vertex   -3.775162e-02 -3.174112e-02 1.302677e-01
      vertex   -3.363341e-02 -3.570865e-02 1.313138e-01
    endloop
  endfacet
  facet normal -9.793802e-01 -1.948053e-01 -5.352949e-02
    outer loop
      vertex   -4.894029e-02 -7.838107e-03 1.195959e-01
      vertex   -4.795229e-02 -1.345997e-02 1.219785e-01
      vertex   -4.928550e-02 -7.841358e-03 1.259237e-01
    endloop
  endfacet
  facet normal -4.732310e-01 8.768704e-01 8.456218e-02
    outer loop
      vertex   -2.224432e-02 4.398049e-02 1.303513e-01
      vertex   -2.345458e-02 4.400477e-02 1.233265e-01
      vertex   -2.744277e-02 4.151861e-02 1.267880e-01
    endloop
  endfacet
  facet normal -6.158635e-01 -7.348851e-01 2.840001e-01
    outer loop
      vertex   -3.054770e-02 -3.632856e-02 1.364012e-01
      vertex   -3.363341e-02 -3.570865e-02 1.313138e-01
      vertex   -2.830088e-02 -3.991816e-02 1.319850e-01
    endloop
  endfacet
  facet normal -3.740728e-01 -6.623881e-01 6.490852e-01
    outer loop
      vertex   -2.005373e-02 -3.889129e-02 2.025853e-01
      vertex   -1.923602e-02 -3.478492e-02 2.072471e-01
      vertex   -2.473703e-02 -3.408855e-02 2.047874e-01
    endloop
  endfacet
  facet normal 2.719085e-01 -7.251667e-01 6.326129e-01
    outer loop
      vertex   1.912817e-02 -3.825957e-02 1.446184e-01
      vertex   1.587544e-02 -3.565682e-02 1.490000e-01
      vertex   1.148378e-02 -4.147899e-02 1.442136e-01
    endloop
  endfacet
  facet normal 3.585745e-01 3.036296e-01 8.827420e-01
    outer loop
      vertex   1.720037e-02 1.672963e-02 2.183302e-01
      vertex   2.116380e-02 1.221893e-02 2.182718e-01
      vertex   2.284348e-02 1.915464e-02 2.152039e-01
    endloop
  endfacet
  facet normal -5.516440e-01 -6.761502e-01 4.883747e-01
    outer loop
      vertex   -2.530982e-02 -3.892992e-02 1.387161e-01
      vertex   -2.621932e-02 -3.443371e-02 1.439137e-01
      vertex   -3.054770e-02 -3.632856e-02 1.364012e-01
    endloop
  endfacet
  facet normal -4.607603e-01 -7.095365e-01 5.331585e-01
    outer loop
      vertex   -2.621932e-02 -3.443371e-02 1.439137e-01
      vertex   -2.530982e-02 -3.892992e-02 1.387161e-01
      vertex   -2.083373e-02 -3.779771e-02 1.440911e-01
    endloop
  endfacet
  facet normal 1.639855e-01 1.212170e-01 -9.789868e-01
    outer loop
      vertex   2.902743e-02 3.273242e-02 9.096999e-02
      vertex   2.351141e-02 3.236068e-02 9.000000e-02
      vertex   2.499989e-02 3.686145e-02 9.080661e-02
    endloop
  endfacet
  facet normal -1.046019e-02 1.992788e-01 -9.798870e-01
    outer loop
      vertex   -2.790259e-03 3.990256e-02 9.000000e-02
      vertex   -6.278682e-03 4.259718e-02 9.058524e-02
      vertex   -7.208183e-04 4.392067e-02 9.079507e-02
    endloop
  endfacet
  facet normal -6.802761e-01 3.203463e-01 6.592440e-01
    outer loop
      vertex   -3.692745e-02 2.132007e-02 2.042643e-01
      vertex   -3.897620e-02 1.513896e-02 2.051538e-01
      vertex   -3.374780e-02 1.948430e-02 2.084375e-01
    endloop
  endfacet
  facet normal -8.084357e-01 -5.493251e-01 -2.113617e-01
    outer loop
      vertex   -3.818304e-02 -3.175348e-02 1.199092e-01
      vertex   -4.209165e-02 -2.651944e-02 1.212560e-01
      vertex   -3.985018e-02 -2.677917e-02 1.133576e-01
    endloop
  endfacet
  facet normal 1.462167e-01 -7.596728e-01 6.336544e-01
    outer loop
      vertex   5.109656e-03 -4.266656e-02 1.442607e-01
      vertex   1.148378e-02 -4.147899e-02 1.442136e-01
      vertex   5.432100e-03 -3.865140e-02 1.490000e-01
    endloop
  endfacet
  facet normal -1.896630e-01 -9.720132e-01 -1.386302e-01
    outer loop
      vertex   -9.057376e-03 -4.901055e-02 1.227403e-01
      vertex   -1.428371e-02 -4.752158e-02 1.194505e-01
      vertex   -7.520000e-03 -4.852879e-02 1.172591e-01
    endloop
  endfacet
  facet normal -1.272812e-01 -9.780107e-01 1.652104e-01
    outer loop
      vertex   -5.080779e-03 -4.856209e-02 1.324551e-01
      vertex   -1.024248e-02 -4.847141e-02 1.290152e-01
      vertex   -4.963738e-03 -4.949971e-02 1.269948e-01
    endloop
  endfacet
  facet normal -6.081458e-02 2.637045e-01 -9.626845e-01
    outer loop
      vertex   -1.002193e-02 4.555798e-02 9.163275e-02
      vertex   -6.278682e-03 4.259718e-02 9.058524e-02
      vertex   -1.194231e-02 4.161724e-02 9.067459e-02
    endloop
  endfacet
  facet normal 3.536637e-01 -6.651449e-01 6.576505e-01
    outer loop
      vertex   1.912817e-02 -3.825957e-02 1.446184e-01
      vertex   2.068341e-02 -3.310037e-02 1.490000e-01
      vertex   1.587544e-02 -3.565682e-02 1.490000e-01
    endloop
  endfacet
  facet normal -2.204037e-01 8.112228e-01 5.416085e-01
    outer loop
      vertex   -1.244730e-02 4.481598e-02 1.384465e-01
      vertex   -1.458555e-02 4.027291e-02 1.443810e-01
      vertex   -7.198623e-03 4.284194e-02 1.435391e-01
    endloop
  endfacet
  facet normal 6.217539e-01 -3.501842e-01 -7.005663e-01
    outer loop
      vertex   4.324083e-02 -2.290881e-02 9.442585e-02
      vertex   4.026533e-02 -2.188508e-02 9.127337e-02
      vertex   4.367010e-02 -1.773613e-02 9.222122e-02
    endloop
  endfacet
  facet normal 7.272661e-01 -2.938345e-01 6.202784e-01
    outer loop
      vertex   3.508105e-02 -1.711017e-02 1.490000e-01
      vertex   4.132299e-02 -1.735423e-02 1.415658e-01
      vertex   3.712092e-02 -1.206132e-02 1.490000e-01
    endloop
  endfacet
  facet normal 2.632774e-01 -7.233481e-01 6.383201e-01
    outer loop
      vertex   1.075847e-02 -3.751924e-02 1.490000e-01
      vertex   1.148378e-02 -4.147899e-02 1.442136e-01
      vertex   1.587544e-02 -3.565682e-02 1.490000e-01
    endloop
  endfacet
  facet normal -4.208182e-01 -9.071432e-01 -1.824814e-03
    outer loop
      vertex   -1.612126e-02 -4.724131e-02 1.251163e-01
      vertex   -2.356272e-02 -4.379338e-02 1.271639e-01
      vertex   -2.070182e-02 -4.510583e-02 1.198528e-01
    endloop
  endfacet
  facet normal 7.239917e-01 5.034090e-01 4.716094e-01
    outer loop
      vertex   4.034017e-02 2.329352e-02 1.384815e-01
      vertex   3.815093e-02 2.816903e-02 1.366381e-01
      vertex   3.567815e-02 2.658556e-02 1.421244e-01
    endloop
  endfacet
  facet normal -4.916444e-01 -8.391352e-01 -2.326757e-01
    outer loop
      vertex   -2.263776e-02 -4.228640e-02 1.130080e-01
      vertex   -2.686113e-02 -4.177192e-02 1.200766e-01
      vertex   -2.835633e-02 -3.944029e-02 1.148270e-01
    endloop
  endfacet
  facet normal -5.546063e-01 -6.730510e-01 4.892997e-01
    outer loop
      vertex   -3.256819e-02 -3.187266e-02 1.402403e-01
      vertex   -3.054770e-02 -3.632856e-02 1.364012e-01
      vertex   -2.621932e-02 -3.443371e-02 1.439137e-01
    endloop
  endfacet
  facet normal -4.095421e-02 -8.957476e-01 4.426725e-01
    outer loop
      vertex   2.832570e-06 -4.775977e-02 1.357738e-01
      vertex   -1.289843e-16 -4.480107e-02 1.417604e-01
      vertex   -5.577471e-03 -4.553969e-02 1.397498e-01
    endloop
  endfacet
  facet normal -4.430129e-01 -8.104360e-01 3.833186e-01
    outer loop
      vertex   -2.530982e-02 -3.892992e-02 1.387161e-01
      vertex   -2.321982e-02 -4.243774e-02 1.337151e-01
      vertex   -1.934706e-02 -4.213722e-02 1.388264e-01
    endloop
  endfacet
  facet normal -3.530544e-01 -7.684492e-01 5.337025e-01
    outer loop
      vertex   -1.535758e-02 -4.018409e-02 1.442777e-01
      vertex   -2.083373e-02 -3.779771e-02 1.440911e-01
      vertex   -1.934706e-02 -4.213722e-02 1.388264e-01
    endloop
  endfacet
  facet normal 2.594783e-01 -4.072621e-02 -9.648898e-01
    outer loop
      vertex   4.026533e-02 -2.188508e-02 9.127337e-02
      vertex   3.724734e-02 -2.515841e-02 9.059993e-02
      vertex   3.694195e-02 -2.115495e-02 9.034883e-02
    endloop
  endfacet
  facet normal 7.238593e-01 5.826961e-01 3.694497e-01
    outer loop
      vertex   3.562413e-02 3.488160e-02 1.559717e-01
      vertex   3.237924e-02 3.768105e-02 1.579141e-01
      vertex   3.310412e-02 3.439823e-02 1.616715e-01
    endloop
  endfacet
  facet normal -9.759808e-01 1.766770e-01 -1.274623e-01
    outer loop
      vertex   -4.835832e-02 8.133590e-03 1.535460e-01
      vertex   -4.930407e-02 3.451807e-03 1.542982e-01
      vertex   -4.911070e-02 7.767702e-03 1.587999e-01
    endloop
  endfacet
  facet normal 7.636174e-01 -4.462839e-02 6.441248e-01
    outer loop
      vertex   4.218489e-02 6.305561e-04 1.453712e-01
      vertex   3.900747e-02 -1.362171e-03 1.490000e-01
      vertex   4.273118e-02 -4.467760e-03 1.443703e-01
    endloop
  endfacet
  facet normal 7.449702e-01 2.601501e-02 6.665903e-01
    outer loop
      vertex   4.218489e-02 6.305561e-04 1.453712e-01
      vertex   3.881743e-02 4.079876e-03 1.490000e-01
      vertex   3.900747e-02 -1.362171e-03 1.490000e-01
    endloop
  endfacet
  facet normal 4.861456e-01 -4.263383e-01 7.628225e-01
    outer loop
      vertex   3.149183e-02 -3.149183e-02 1.651932e-01
      vertex   3.556722e-02 -3.220427e-02 1.621978e-01
      vertex   3.533293e-02 -2.711191e-02 1.651932e-01
    endloop
  endfacet
  facet normal 9.268278e-01 1.570760e-01 -3.410533e-01
    outer loop
      vertex   4.820624e-02 8.730772e-03 1.163887e-01
      vertex   4.713964e-02 3.538210e-03 1.110986e-01
      vertex   4.591316e-02 8.921638e-03 1.102450e-01
    endloop
  endfacet
  facet normal -3.937306e-01 -8.838123e-01 -2.526896e-01
    outer loop
      vertex   -2.263776e-02 -4.228640e-02 1.130080e-01
      vertex   -1.571603e-02 -4.564922e-02 1.139847e-01
      vertex   -2.070182e-02 -4.510583e-02 1.198528e-01
    endloop
  endfacet
  facet normal -3.557328e-01 -9.087848e-01 -2.180924e-01
    outer loop
      vertex   -1.571603e-02 -4.564922e-02 1.139847e-01
      vertex   -1.428371e-02 -4.752158e-02 1.194505e-01
      vertex   -2.070182e-02 -4.510583e-02 1.198528e-01
    endloop
  endfacet
  facet normal -2.537071e-01 -9.666668e-01 -3.446598e-02
    outer loop
      vertex   -1.612126e-02 -4.724131e-02 1.251163e-01
      vertex   -1.428371e-02 -4.752158e-02 1.194505e-01
      vertex   -9.057376e-03 -4.901055e-02 1.227403e-01
    endloop
  endfacet
  facet normal -2.300514e-01 -9.723521e-01 4.009663e-02
    outer loop
      vertex   -1.612126e-02 -4.724131e-02 1.251163e-01
      vertex   -9.057376e-03 -4.901055e-02 1.227403e-01
      vertex   -1.024248e-02 -4.847141e-02 1.290152e-01
    endloop
  endfacet
  facet normal -1.033365e-01 -9.945346e-01 -1.491559e-02
    outer loop
      vertex   -9.057376e-03 -4.901055e-02 1.227403e-01
      vertex   1.416285e-09 -4.996701e-02 1.237643e-01
      vertex   -4.963738e-03 -4.949971e-02 1.269948e-01
    endloop
  endfacet
  facet normal -4.159357e-01 -7.558911e-01 5.055949e-01
    outer loop
      vertex   -2.530982e-02 -3.892992e-02 1.387161e-01
      vertex   -1.934706e-02 -4.213722e-02 1.388264e-01
      vertex   -2.083373e-02 -3.779771e-02 1.440911e-01
    endloop
  endfacet
  facet normal 1.923879e-01 -2.222007e-01 -9.558314e-01
    outer loop
      vertex   1.626947e-02 -3.654182e-02 9.000000e-02
      vertex   1.917191e-02 -4.124218e-02 9.167688e-02
      vertex   1.446397e-02 -4.211494e-02 9.093217e-02
    endloop
  endfacet
  facet normal 5.236852e-01 -7.462268e-01 -4.109738e-01
    outer loop
      vertex   2.068442e-02 -4.517221e-02 9.647757e-02
      vertex   2.128641e-02 -4.332458e-02 9.388979e-02
      vertex   2.398712e-02 -4.347158e-02 9.759811e-02
    endloop
  endfacet
  facet normal -4.030648e-02 9.910392e-01 1.273450e-01
    outer loop
      vertex   3.416001e-04 4.986387e-02 1.255034e-01
      vertex   -6.001930e-03 4.948986e-02 1.264063e-01
      vertex   -2.474200e-03 4.897831e-02 1.315039e-01
    endloop
  endfacet
  facet normal 8.927038e-01 4.083160e-01 1.906777e-01
    outer loop
      vertex   4.233029e-02 2.443941e-02 1.323004e-01
      vertex   4.657842e-02 1.594778e-02 1.305957e-01
      vertex   4.594161e-02 1.946064e-02 1.260547e-01
    endloop
  endfacet
  facet normal 4.637935e-01 -4.793992e-01 7.450316e-01
    outer loop
      vertex   3.149183e-02 -3.149183e-02 1.651932e-01
      vertex   3.110261e-02 -3.640216e-02 1.622759e-01
      vertex   3.556722e-02 -3.220427e-02 1.621978e-01
    endloop
  endfacet
  facet normal 4.268064e-01 -4.866794e-01 7.622201e-01
    outer loop
      vertex   2.711191e-02 -3.533293e-02 1.651932e-01
      vertex   3.110261e-02 -3.640216e-02 1.622759e-01
      vertex   3.149183e-02 -3.149183e-02 1.651932e-01
    endloop
  endfacet
  facet normal -1.060883e-01 -9.896951e-01 -9.617124e-02
    outer loop
      vertex   -1.174415e-16 -4.941224e-02 1.180552e-01
      vertex   1.416285e-09 -4.996701e-02 1.237643e-01
      vertex   -7.520000e-03 -4.852879e-02 1.172591e-01
    endloop
  endfacet
  facet normal -2.415846e-01 -8.017948e-01 5.465913e-01
    outer loop
      vertex   -9.689944e-03 -4.185662e-02 1.443293e-01
      vertex   -1.535758e-02 -4.018409e-02 1.442777e-01
      vertex   -1.305642e-02 -4.424751e-02 1.393341e-01
    endloop
  endfacet
  facet normal -3.098840e-01 -8.001926e-01 5.134820e-01
    outer loop
      vertex   -1.305642e-02 -4.424751e-02 1.393341e-01
      vertex   -1.535758e-02 -4.018409e-02 1.442777e-01
      vertex   -1.934706e-02 -4.213722e-02 1.388264e-01
    endloop
  endfacet
  facet normal 3.963995e-01 -5.421040e-01 7.409390e-01
    outer loop
      vertex   2.711191e-02 -3.533293e-02 1.651932e-01
      vertex   2.646278e-02 -3.998718e-02 1.621352e-01
      vertex   3.110261e-02 -3.640216e-02 1.622759e-01
    endloop
  endfacet
  facet normal 2.898228e-01 -6.525808e-01 7.001007e-01
    outer loop
      vertex   2.646278e-02 -3.998718e-02 1.621352e-01
      vertex   2.226809e-02 -3.856946e-02 1.651932e-01
      vertex   2.179959e-02 -4.228789e-02 1.619211e-01
    endloop
  endfacet
  facet normal -5.590353e-01 8.274033e-01 -5.369627e-02
    outer loop
      vertex   -3.220840e-02 3.808362e-02 1.234737e-01
      vertex   -2.744277e-02 4.151861e-02 1.267880e-01
      vertex   -2.941366e-02 3.963578e-02 1.182947e-01
    endloop
  endfacet
  facet normal 4.380080e-01 -8.096238e-01 3.907152e-01
    outer loop
      vertex   2.069870e-02 -4.381380e-02 1.337786e-01
      vertex   2.615390e-02 -3.980460e-02 1.359708e-01
      vertex   2.011764e-02 -4.123808e-02 1.397673e-01
    endloop
  endfacet
  facet normal -1.767190e-01 -8.828158e-01 4.352088e-01
    outer loop
      vertex   -9.793144e-03 -4.698423e-02 1.351078e-01
      vertex   -5.577471e-03 -4.553969e-02 1.397498e-01
      vertex   -1.305642e-02 -4.424751e-02 1.393341e-01
    endloop
  endfacet
  facet normal 3.649927e-01 -5.462505e-01 7.539169e-01
    outer loop
      vertex   2.711191e-02 -3.533293e-02 1.651932e-01
      vertex   2.226809e-02 -3.856946e-02 1.651932e-01
      vertex   2.646278e-02 -3.998718e-02 1.621352e-01
    endloop
  endfacet
  facet normal 9.770032e-01 -1.254183e-01 -1.724384e-01
    outer loop
      vertex   4.918778e-02 -7.933891e-03 1.578200e-01
      vertex   4.854858e-02 -1.153591e-02 1.568183e-01
      vertex   4.833729e-02 -9.023391e-03 1.537938e-01
    endloop
  endfacet
  facet normal 1.944468e-01 -7.811710e-01 5.932641e-01
    outer loop
      vertex   8.550738e-03 -4.823906e-02 1.598858e-01
      vertex   9.572678e-03 -4.583483e-02 1.627166e-01
      vertex   5.170108e-03 -4.804962e-02 1.612433e-01
    endloop
  endfacet
  facet normal 7.656869e-01 -3.127085e-01 5.620828e-01
    outer loop
      vertex   4.461916e-02 -1.491326e-02 1.629801e-01
      vertex   4.726365e-02 -1.477642e-02 1.594538e-01
      vertex   4.763813e-02 -1.142060e-02 1.608106e-01
    endloop
  endfacet
  facet normal 4.239548e-02 -6.468321e-01 7.614532e-01
    outer loop
      vertex   -3.635048e-17 -4.453618e-02 1.651932e-01
      vertex   1.214720e-03 -4.754323e-02 1.625711e-01
      vertex   5.813138e-03 -4.415516e-02 1.651932e-01
    endloop
  endfacet
  facet normal -5.491433e-02 -7.611614e-01 6.462335e-01
    outer loop
      vertex   -6.180659e-03 -4.694454e-02 1.622653e-01
      vertex   -2.708518e-03 -4.892334e-02 1.602296e-01
      vertex   -2.697200e-03 -4.636954e-02 1.632386e-01
    endloop
  endfacet
  facet normal 1.056911e-01 -9.801907e-01 1.674980e-01
    outer loop
      vertex   5.927733e-03 -4.918522e-02 1.560040e-01
      vertex   9.547275e-03 -4.873469e-02 1.563566e-01
      vertex   8.550738e-03 -4.823906e-02 1.598858e-01
    endloop
  endfacet
  facet normal -4.573786e-02 -7.203930e-01 6.920563e-01
    outer loop
      vertex   -6.180659e-03 -4.694454e-02 1.622653e-01
      vertex   -5.813138e-03 -4.415516e-02 1.651932e-01
      vertex   -1.002502e-02 -4.604223e-02 1.629505e-01
    endloop
  endfacet
  facet normal 6.281593e-01 3.026131e-01 -7.168271e-01
    outer loop
      vertex   4.137699e-02 2.044860e-02 1.503443e-01
      vertex   4.165176e-02 2.410839e-02 1.521301e-01
      vertex   4.332983e-02 2.174904e-02 1.526046e-01
    endloop
  endfacet
  facet normal -2.082989e-01 -6.136298e-01 7.616233e-01
    outer loop
      vertex   -1.152681e-02 -4.301864e-02 1.651932e-01
      vertex   -1.704326e-02 -4.114606e-02 1.651932e-01
      vertex   -1.543030e-02 -4.501367e-02 1.625182e-01
    endloop
  endfacet
  facet normal 6.285468e-01 -6.608516e-01 4.101268e-01
    outer loop
      vertex   3.110261e-02 -3.640216e-02 1.622759e-01
      vertex   3.402771e-02 -3.648441e-02 1.576604e-01
      vertex   3.556722e-02 -3.220427e-02 1.621978e-01
    endloop
  endfacet
  facet normal 6.107587e-01 -6.837862e-01 3.992621e-01
    outer loop
      vertex   3.110261e-02 -3.640216e-02 1.622759e-01
      vertex   2.939399e-02 -4.014803e-02 1.584743e-01
      vertex   3.402771e-02 -3.648441e-02 1.576604e-01
    endloop
  endfacet
  facet normal 5.344202e-01 -7.096750e-01 4.590822e-01
    outer loop
      vertex   2.646278e-02 -3.998718e-02 1.621352e-01
      vertex   2.939399e-02 -4.014803e-02 1.584743e-01
      vertex   3.110261e-02 -3.640216e-02 1.622759e-01
    endloop
  endfacet
  facet normal 1.323294e-01 -5.723123e-02 -9.895522e-01
    outer loop
      vertex   3.712092e-02 -1.206132e-02 1.490000e-01
      vertex   4.152622e-02 -8.881636e-03 1.494052e-01
      vertex   4.203933e-02 -1.268592e-02 1.496938e-01
    endloop
  endfacet
  facet normal 3.179176e-01 -6.509968e-01 6.892979e-01
    outer loop
      vertex   2.179959e-02 -4.228789e-02 1.619211e-01
      vertex   1.704326e-02 -4.114606e-02 1.651932e-01
      vertex   1.710656e-02 -4.512726e-02 1.614040e-01
    endloop
  endfacet
  facet normal 3.259141e-01 -9.187415e-01 2.229218e-01
    outer loop
      vertex   1.607445e-02 -4.686193e-02 1.557638e-01
      vertex   2.016039e-02 -4.491399e-02 1.578182e-01
      vertex   1.710656e-02 -4.512726e-02 1.614040e-01
    endloop
  endfacet
  facet normal 1.378788e-01 -7.164169e-01 6.839124e-01
    outer loop
      vertex   5.813138e-03 -4.415516e-02 1.651932e-01
      vertex   1.214720e-03 -4.754323e-02 1.625711e-01
      vertex   5.170108e-03 -4.804962e-02 1.612433e-01
    endloop
  endfacet
  facet normal 3.211159e-02 -9.758308e-01 2.161551e-01
    outer loop
      vertex   8.550738e-03 -4.823906e-02 1.598858e-01
      vertex   5.170108e-03 -4.804962e-02 1.612433e-01
      vertex   5.927733e-03 -4.918522e-02 1.560040e-01
    endloop
  endfacet
  facet normal 1.768544e-01 -1.448297e-01 -9.735229e-01
    outer loop
      vertex   3.534225e-02 -3.007046e-02 1.505086e-01
      vertex   3.198783e-02 -3.216167e-02 1.502104e-01
      vertex   3.309321e-02 -2.692733e-02 1.496325e-01
    endloop
  endfacet
  facet normal 4.792570e-01 3.555611e-01 -8.024270e-01
    outer loop
      vertex   4.165176e-02 2.410839e-02 1.521301e-01
      vertex   4.137699e-02 2.044860e-02 1.503443e-01
      vertex   3.831337e-02 2.326549e-02 1.497627e-01
    endloop
  endfacet
  facet normal 4.353173e-01 1.258734e-01 -8.914341e-01
    outer loop
      vertex   4.542311e-02 1.424166e-02 1.515187e-01
      vertex   4.517924e-02 9.814076e-03 1.507744e-01
      vertex   4.146330e-02 1.233091e-02 1.493152e-01
    endloop
  endfacet
  facet normal -2.010801e-01 -8.583320e-01 4.720520e-01
    outer loop
      vertex   -1.002502e-02 -4.604223e-02 1.629505e-01
      vertex   -1.543030e-02 -4.501367e-02 1.625182e-01
      vertex   -1.199541e-02 -4.789319e-02 1.587456e-01
    endloop
  endfacet
  facet normal 6.161868e-01 -7.868715e-01 -3.386838e-02
    outer loop
      vertex   3.402771e-02 -3.648441e-02 1.576604e-01
      vertex   2.939399e-02 -4.014803e-02 1.584743e-01
      vertex   3.046516e-02 -3.916512e-02 1.551264e-01
    endloop
  endfacet
  facet normal -4.442128e-02 -7.560689e-01 -6.529828e-01
    outer loop
      vertex   -6.369966e-03 -4.606884e-02 1.505867e-01
      vertex   -6.043258e-03 -4.875004e-02 1.536690e-01
      vertex   -9.431390e-03 -4.762133e-02 1.525926e-01
    endloop
  endfacet
  facet normal -6.197291e-02 -9.359408e-02 -9.936798e-01
    outer loop
      vertex   -2.900587e-02 -2.611700e-02 1.490000e-01
      vertex   -2.862883e-02 -3.075638e-02 1.494135e-01
      vertex   -3.244972e-02 -2.973189e-02 1.495553e-01
    endloop
  endfacet
  facet normal 1.750441e-01 5.557680e-02 -9.829907e-01
    outer loop
      vertex   4.183181e-02 1.671809e-02 1.501233e-01
      vertex   3.618914e-02 1.462136e-02 1.490000e-01
      vertex   3.791103e-02 1.861012e-02 1.495321e-01
    endloop
  endfacet
  facet normal -3.155722e-01 -6.689060e-01 6.730371e-01
    outer loop
      vertex   -1.434580e-02 -3.489229e-02 2.094333e-01
      vertex   -1.923602e-02 -3.478492e-02 2.072471e-01
      vertex   -1.332891e-02 -3.966406e-02 2.051676e-01
    endloop
  endfacet
  facet normal 1.815598e-01 -9.654647e-01 1.868530e-01
    outer loop
      vertex   8.550738e-03 -4.823906e-02 1.598858e-01
      vertex   9.547275e-03 -4.873469e-02 1.563566e-01
      vertex   1.299200e-02 -4.757136e-02 1.590203e-01
    endloop
  endfacet
  facet normal -5.913671e-02 -9.810028e-01 1.847601e-01
    outer loop
      vertex   -2.755082e-03 -4.972069e-02 1.559811e-01
      vertex   1.808721e-03 -4.956864e-02 1.582492e-01
      vertex   -2.708518e-03 -4.892334e-02 1.602296e-01
    endloop
  endfacet
  facet normal 6.000128e-02 -9.006730e-01 4.303348e-01
    outer loop
      vertex   -2.708518e-03 -4.892334e-02 1.602296e-01
      vertex   1.808721e-03 -4.956864e-02 1.582492e-01
      vertex   1.214720e-03 -4.754323e-02 1.625711e-01
    endloop
  endfacet
  facet normal -3.245300e-02 -9.822584e-01 1.847033e-01
    outer loop
      vertex   -2.755082e-03 -4.972069e-02 1.559811e-01
      vertex   -2.708518e-03 -4.892334e-02 1.602296e-01
      vertex   -7.505295e-03 -4.896576e-02 1.591613e-01
    endloop
  endfacet
  facet normal -3.434082e-01 3.212270e-01 -8.825441e-01
    outer loop
      vertex   -3.025499e-02 3.749290e-02 1.521440e-01
      vertex   -2.439353e-02 3.696561e-02 1.496713e-01
      vertex   -2.795034e-02 3.317433e-02 1.496753e-01
    endloop
  endfacet
  facet normal 2.929960e-01 6.322168e-01 7.172553e-01
    outer loop
      vertex   1.704326e-02 4.114606e-02 1.651932e-01
      vertex   2.044624e-02 4.217309e-02 1.628978e-01
      vertex   1.524471e-02 4.470948e-02 1.627869e-01
    endloop
  endfacet
  facet normal -5.195412e-01 -6.883684e-01 5.061877e-01
    outer loop
      vertex   -3.008503e-02 -3.589908e-02 1.620439e-01
      vertex   -2.952821e-02 -3.941106e-02 1.578395e-01
      vertex   -2.564514e-02 -3.920568e-02 1.621043e-01
    endloop
  endfacet
  facet normal -4.244437e-01 -8.953936e-01 1.346029e-01
    outer loop
      vertex   -1.641124e-02 -4.671631e-02 1.589087e-01
      vertex   -2.058151e-02 -4.463073e-02 1.596321e-01
      vertex   -1.914155e-02 -4.589386e-02 1.557703e-01
    endloop
  endfacet
  facet normal -4.852898e-01 4.255878e-01 7.637858e-01
    outer loop
      vertex   -3.149183e-02 3.149183e-02 1.651932e-01
      vertex   -3.575672e-02 3.037779e-02 1.631041e-01
      vertex   -3.533293e-02 2.711191e-02 1.651932e-01
    endloop
  endfacet
  facet normal -1.194010e-02 4.164011e-02 -9.990613e-01
    outer loop
      vertex   -1.334947e-02 3.667737e-02 1.490000e-01
      vertex   -1.113336e-02 4.001306e-02 1.491125e-01
      vertex   -8.115053e-03 3.817832e-02 1.490000e-01
    endloop
  endfacet
  facet normal 4.866817e-01 -8.601978e-01 -1.523174e-01
    outer loop
      vertex   1.607445e-02 -4.686193e-02 1.557638e-01
      vertex   1.868893e-02 -4.500535e-02 1.536327e-01
      vertex   2.016039e-02 -4.491399e-02 1.578182e-01
    endloop
  endfacet
  facet normal -8.814633e-01 -1.750412e-01 4.386149e-01
    outer loop
      vertex   -4.726384e-02 -1.494365e-02 1.582911e-01
      vertex   -4.536941e-02 -1.798875e-02 1.608830e-01
      vertex   -4.587691e-02 -1.288193e-02 1.619011e-01
    endloop
  endfacet
  facet normal 3.913066e-01 -9.140361e-01 -1.068516e-01
    outer loop
      vertex   9.547275e-03 -4.873469e-02 1.563566e-01
      vertex   1.242383e-02 -4.712377e-02 1.531108e-01
      vertex   1.299200e-02 -4.757136e-02 1.590203e-01
    endloop
  endfacet
  facet normal 6.388209e-02 -9.153078e-01 -3.976565e-01
    outer loop
      vertex   1.242383e-02 -4.712377e-02 1.531108e-01
      vertex   9.547275e-03 -4.873469e-02 1.563566e-01
      vertex   8.630722e-03 -4.692709e-02 1.520487e-01
    endloop
  endfacet
  facet normal 2.171543e-01 -9.470125e-01 2.366671e-01
    outer loop
      vertex   1.808721e-03 -4.956864e-02 1.582492e-01
      vertex   5.927733e-03 -4.918522e-02 1.560040e-01
      vertex   5.170108e-03 -4.804962e-02 1.612433e-01
    endloop
  endfacet
  facet normal 3.490761e-02 -9.937881e-01 -1.056728e-01
    outer loop
      vertex   1.808721e-03 -4.956864e-02 1.582492e-01
      vertex   1.189385e-03 -4.911175e-02 1.537479e-01
      vertex   5.927733e-03 -4.918522e-02 1.560040e-01
    endloop
  endfacet
  facet normal 8.897671e-02 -9.896383e-01 -1.126910e-01
    outer loop
      vertex   -2.755082e-03 -4.972069e-02 1.559811e-01
      vertex   1.189385e-03 -4.911175e-02 1.537479e-01
      vertex   1.808721e-03 -4.956864e-02 1.582492e-01
    endloop
  endfacet
  facet normal -1.052997e-01 -8.964621e-01 -4.304274e-01
    outer loop
      vertex   1.189385e-03 -4.911175e-02 1.537479e-01
      vertex   -2.755082e-03 -4.972069e-02 1.559811e-01
      vertex   -2.318473e-03 -4.778765e-02 1.518483e-01
    endloop
  endfacet
  facet normal -4.245336e-01 -8.417959e-01 -3.333929e-01
    outer loop
      vertex   -2.717839e-02 -4.069346e-02 1.535601e-01
      vertex   -2.215420e-02 -4.269598e-02 1.522187e-01
      vertex   -2.374211e-02 -4.334231e-02 1.558726e-01
    endloop
  endfacet
  facet normal 5.831683e-01 -7.895902e-01 -1.909505e-01
    outer loop
      vertex   2.524447e-02 -4.290647e-02 1.572078e-01
      vertex   2.633271e-02 -4.117175e-02 1.533582e-01
      vertex   2.939399e-02 -4.014803e-02 1.584743e-01
    endloop
  endfacet
  facet normal -2.188488e-01 -9.709857e-01 -9.639502e-02
    outer loop
      vertex   -2.755082e-03 -4.972069e-02 1.559811e-01
      vertex   -7.505295e-03 -4.896576e-02 1.591613e-01
      vertex   -6.043258e-03 -4.875004e-02 1.536690e-01
    endloop
  endfacet
  facet normal -2.745390e-01 -9.614863e-01 -1.313010e-02
    outer loop
      vertex   -1.417066e-02 -4.729450e-02 1.543995e-01
      vertex   -1.641124e-02 -4.671631e-02 1.589087e-01
      vertex   -1.914155e-02 -4.589386e-02 1.557703e-01
    endloop
  endfacet
  facet normal -6.132538e-01 5.513809e-01 5.655960e-01
    outer loop
      vertex   -3.957901e-02 2.697470e-02 1.622773e-01
      vertex   -3.575672e-02 3.037779e-02 1.631041e-01
      vertex   -3.887569e-02 3.075401e-02 1.593556e-01
    endloop
  endfacet
  facet normal 4.172501e-02 5.282651e-01 -8.480536e-01
    outer loop
      vertex   1.327918e-02 4.665972e-02 1.526746e-01
      vertex   1.515179e-02 4.248109e-02 1.501639e-01
      vertex   1.129444e-02 4.208901e-02 1.497298e-01
    endloop
  endfacet
  facet normal 1.395205e-01 -8.979852e-01 -4.173208e-01
    outer loop
      vertex   5.927733e-03 -4.918522e-02 1.560040e-01
      vertex   4.902352e-03 -4.727149e-02 1.515433e-01
      vertex   8.630722e-03 -4.692709e-02 1.520487e-01
    endloop
  endfacet
  facet normal -1.025194e-02 -7.590874e-01 -6.509080e-01
    outer loop
      vertex   4.902352e-03 -4.727149e-02 1.515433e-01
      vertex   1.189385e-03 -4.911175e-02 1.537479e-01
      vertex   1.179091e-03 -4.645959e-02 1.506551e-01
    endloop
  endfacet
  facet normal 1.878594e-01 -8.862519e-01 -4.233986e-01
    outer loop
      vertex   5.927733e-03 -4.918522e-02 1.560040e-01
      vertex   1.189385e-03 -4.911175e-02 1.537479e-01
      vertex   4.902352e-03 -4.727149e-02 1.515433e-01
    endloop
  endfacet
  facet normal -1.197969e-01 -7.553063e-01 -6.443299e-01
    outer loop
      vertex   -6.369966e-03 -4.606884e-02 1.505867e-01
      vertex   -2.318473e-03 -4.778765e-02 1.518483e-01
      vertex   -6.043258e-03 -4.875004e-02 1.536690e-01
    endloop
  endfacet
  facet normal 6.464149e-03 -9.992747e-01 -3.752800e-02
    outer loop
      vertex   -9.395981e-03 -4.884547e-02 1.556325e-01
      vertex   -6.043258e-03 -4.875004e-02 1.536690e-01
      vertex   -7.505295e-03 -4.896576e-02 1.591613e-01
    endloop
  endfacet
  facet normal 5.468570e-01 8.371396e-01 1.203258e-02
    outer loop
      vertex   2.889890e-02 4.000440e-02 1.544469e-01
      vertex   2.842152e-02 4.026068e-02 1.583127e-01
      vertex   3.237924e-02 3.768105e-02 1.579141e-01
    endloop
  endfacet
  facet normal -3.151395e-01 -9.486598e-01 2.704908e-02
    outer loop
      vertex   -1.199541e-02 -4.789319e-02 1.587456e-01
      vertex   -1.417066e-02 -4.729450e-02 1.543995e-01
      vertex   -9.395981e-03 -4.884547e-02 1.556325e-01
    endloop
  endfacet
  facet normal 3.553042e-01 -2.248688e-01 -9.072998e-01
    outer loop
      vertex   4.050155e-02 -2.419199e-02 1.512417e-01
      vertex   3.771909e-02 -2.068503e-02 1.492829e-01
      vertex   4.260633e-02 -2.012523e-02 1.510580e-01
    endloop
  endfacet
  facet normal 2.065530e-01 -7.292625e-01 -6.523129e-01
    outer loop
      vertex   1.868893e-02 -4.500535e-02 1.536327e-01
      vertex   1.549745e-02 -4.416169e-02 1.516789e-01
      vertex   1.892375e-02 -4.252416e-02 1.509331e-01
    endloop
  endfacet
  facet normal -7.865243e-02 -4.541002e-02 -9.958673e-01
    outer loop
      vertex   -3.586495e-02 -2.262936e-02 1.493136e-01
      vertex   -3.508105e-02 -1.711017e-02 1.490000e-01
      vertex   -3.235837e-02 -2.182600e-02 1.490000e-01
    endloop
  endfacet
  facet normal 1.422660e-01 -3.573858e-01 -9.230578e-01
    outer loop
      vertex   4.902352e-03 -4.727149e-02 1.515433e-01
      vertex   1.179091e-03 -4.645959e-02 1.506551e-01
      vertex   3.410260e-03 -4.318721e-02 1.497320e-01
    endloop
  endfacet
  facet normal 6.593652e-02 -7.573500e-01 -6.496717e-01
    outer loop
      vertex   -2.318473e-03 -4.778765e-02 1.518483e-01
      vertex   1.179091e-03 -4.645959e-02 1.506551e-01
      vertex   1.189385e-03 -4.911175e-02 1.537479e-01
    endloop
  endfacet
  facet normal -1.182914e-01 -4.729298e-01 -8.731234e-01
    outer loop
      vertex   1.179091e-03 -4.645959e-02 1.506551e-01
      vertex   -2.318473e-03 -4.778765e-02 1.518483e-01
      vertex   -1.666192e-03 -4.317059e-02 1.492591e-01
    endloop
  endfacet
  facet normal -1.878130e-01 -9.118645e-01 -3.650060e-01
    outer loop
      vertex   -9.395981e-03 -4.884547e-02 1.556325e-01
      vertex   -9.431390e-03 -4.762133e-02 1.525926e-01
      vertex   -6.043258e-03 -4.875004e-02 1.536690e-01
    endloop
  endfacet
  facet normal 3.663518e-01 -2.244116e-03 -9.304737e-01
    outer loop
      vertex   4.610295e-02 -6.179546e-03 1.512007e-01
      vertex   4.528384e-02 -1.057004e-02 1.508887e-01
      vertex   4.152622e-02 -8.881636e-03 1.494052e-01
    endloop
  endfacet
  facet normal -1.139307e-01 -7.766332e-01 -6.195649e-01
    outer loop
      vertex   -1.094852e-02 -4.471958e-02 1.505793e-01
      vertex   -1.417066e-02 -4.729450e-02 1.543995e-01
      vertex   -1.478954e-02 -4.481985e-02 1.514113e-01
    endloop
  endfacet
  facet normal -6.103132e-01 -5.135464e-01 -6.031483e-01
    outer loop
      vertex   -3.803155e-02 -2.849415e-02 1.514812e-01
      vertex   -3.564373e-02 -3.113507e-02 1.513136e-01
      vertex   -3.825778e-02 -3.115549e-02 1.539761e-01
    endloop
  endfacet
  facet normal -9.691487e-02 3.178854e-02 -9.947849e-01
    outer loop
      vertex   -2.439353e-02 3.696561e-02 1.496713e-01
      vertex   -1.909957e-02 3.896894e-02 1.492195e-01
      vertex   -1.832406e-02 3.446254e-02 1.490000e-01
    endloop
  endfacet
  facet normal -9.261448e-01 2.389604e-01 -2.918110e-01
    outer loop
      vertex   -4.847395e-02 1.191138e-02 1.570066e-01
      vertex   -4.701578e-02 1.277129e-02 1.530829e-01
      vertex   -4.835832e-02 8.133590e-03 1.535460e-01
    endloop
  endfacet
  facet normal -3.173751e-01 -9.170068e-01 2.416022e-01
    outer loop
      vertex   -2.655408e-02 -4.185512e-02 1.578234e-01
      vertex   -2.374211e-02 -4.334231e-02 1.558726e-01
      vertex   -2.386084e-02 -4.215432e-02 1.602257e-01
    endloop
  endfacet
  facet normal 6.009828e-02 -4.946915e-01 -8.669882e-01
    outer loop
      vertex   -6.369966e-03 -4.606884e-02 1.505867e-01
      vertex   -1.666192e-03 -4.317059e-02 1.492591e-01
      vertex   -2.318473e-03 -4.778765e-02 1.518483e-01
    endloop
  endfacet
  facet normal -7.924714e-02 -5.507338e-01 -8.309105e-01
    outer loop
      vertex   -1.920151e-02 -4.076970e-02 1.498674e-01
      vertex   -1.469352e-02 -4.136128e-02 1.498296e-01
      vertex   -1.811870e-02 -4.481291e-02 1.524440e-01
    endloop
  endfacet
  facet normal -1.287556e-03 7.163381e-01 6.977522e-01
    outer loop
      vertex   -5.813138e-03 4.415516e-02 1.651932e-01
      vertex   -4.928890e-03 4.729708e-02 1.619692e-01
      vertex   -8.962815e-03 4.654986e-02 1.627289e-01
    endloop
  endfacet
  facet normal 6.627158e-01 1.245355e-01 -7.384434e-01
    outer loop
      vertex   4.492043e-02 1.850919e-02 1.531973e-01
      vertex   4.183181e-02 1.671809e-02 1.501233e-01
      vertex   4.137699e-02 2.044860e-02 1.503443e-01
    endloop
  endfacet
  facet normal 8.667316e-02 -3.247721e-01 -9.418125e-01
    outer loop
      vertex   3.410260e-03 -4.318721e-02 1.497320e-01
      vertex   1.179091e-03 -4.645959e-02 1.506551e-01
      vertex   -1.666192e-03 -4.317059e-02 1.492591e-01
    endloop
  endfacet
  facet normal 3.907421e-01 6.268833e-01 6.740459e-01
    outer loop
      vertex   2.044624e-02 4.217309e-02 1.628978e-01
      vertex   2.226809e-02 3.856946e-02 1.651932e-01
      vertex   2.530751e-02 4.134051e-02 1.608541e-01
    endloop
  endfacet
  facet normal -4.247520e-03 -6.076719e-02 -9.981429e-01
    outer loop
      vertex   -1.666192e-03 -4.317059e-02 1.492591e-01
      vertex   -5.432100e-03 -3.865140e-02 1.490000e-01
      vertex   -5.703170e-17 -3.903125e-02 1.490000e-01
    endloop
  endfacet
  facet normal -5.255457e-01 -5.992699e-01 6.038851e-01
    outer loop
      vertex   -2.711191e-02 -3.533293e-02 1.651932e-01
      vertex   -3.149183e-02 -3.149183e-02 1.651932e-01
      vertex   -3.008503e-02 -3.589908e-02 1.620439e-01
    endloop
  endfacet
  facet normal 4.714275e-02 7.192617e-01 6.931379e-01
    outer loop
      vertex   5.813138e-03 4.415516e-02 1.651932e-01
      vertex   3.650118e-03 4.697490e-02 1.624143e-01
      vertex   8.881784e-18 4.453618e-02 1.651932e-01
    endloop
  endfacet
  facet normal 5.315376e-01 -5.022832e-01 -6.820407e-01
    outer loop
      vertex   3.534225e-02 -3.007046e-02 1.505086e-01
      vertex   3.809646e-02 -3.037942e-02 1.528826e-01
      vertex   3.543203e-02 -3.326806e-02 1.529334e-01
    endloop
  endfacet
  facet normal -6.631209e-01 6.911470e-01 -2.873788e-01
    outer loop
      vertex   -3.458694e-02 3.245161e-02 1.116445e-01
      vertex   -3.444167e-02 3.522748e-02 1.179852e-01
      vertex   -3.053732e-02 3.634826e-02 1.116715e-01
    endloop
  endfacet
  facet normal -5.553598e-01 -4.842665e-01 -6.760632e-01
    outer loop
      vertex   -4.200687e-02 -2.354687e-02 1.520340e-01
      vertex   -3.858980e-02 -2.510263e-02 1.503414e-01
      vertex   -4.092924e-02 -2.745497e-02 1.539482e-01
    endloop
  endfacet
  facet normal -6.776792e-01 -3.320444e-01 -6.561230e-01
    outer loop
      vertex   -4.092924e-02 -2.745497e-02 1.539482e-01
      vertex   -3.858980e-02 -2.510263e-02 1.503414e-01
      vertex   -3.803155e-02 -2.849415e-02 1.514812e-01
    endloop
  endfacet
  facet normal -4.709291e-01 -3.065944e-01 -8.271794e-01
    outer loop
      vertex   -4.322015e-02 -1.871387e-02 1.509334e-01
      vertex   -3.915331e-02 -2.130471e-02 1.495784e-01
      vertex   -4.200687e-02 -2.354687e-02 1.520340e-01
    endloop
  endfacet
  facet normal -5.168361e-01 -2.416863e-01 -8.212601e-01
    outer loop
      vertex   -3.858980e-02 -2.510263e-02 1.503414e-01
      vertex   -4.200687e-02 -2.354687e-02 1.520340e-01
      vertex   -3.915331e-02 -2.130471e-02 1.495784e-01
    endloop
  endfacet
  facet normal -9.726030e-02 -4.268054e-02 -9.943434e-01
    outer loop
      vertex   -3.586495e-02 -2.262936e-02 1.493136e-01
      vertex   -3.915331e-02 -2.130471e-02 1.495784e-01
      vertex   -3.508105e-02 -1.711017e-02 1.490000e-01
    endloop
  endfacet
  facet normal -3.525493e-01 -1.607716e-01 -9.218793e-01
    outer loop
      vertex   -4.322015e-02 -1.871387e-02 1.509334e-01
      vertex   -4.113696e-02 -1.377073e-02 1.492747e-01
      vertex   -3.911747e-02 -1.738345e-02 1.491324e-01
    endloop
  endfacet
  facet normal -9.571988e-01 2.839097e-01 5.626539e-02
    outer loop
      vertex   -4.930407e-02 3.451807e-03 1.542982e-01
      vertex   -4.986362e-02 1.027305e-03 1.570127e-01
      vertex   -4.898769e-02 3.280343e-03 1.605455e-01
    endloop
  endfacet
  facet normal 1.329769e-01 8.969202e-02 -9.870524e-01
    outer loop
      vertex   3.380205e-02 1.951562e-02 1.490000e-01
      vertex   3.075704e-02 2.403003e-02 1.490000e-01
      vertex   3.541417e-02 2.626652e-02 1.498306e-01
    endloop
  endfacet
  facet normal -4.852373e-01 -8.568002e-02 -8.701745e-01
    outer loop
      vertex   -4.324687e-02 -3.134567e-03 1.491851e-01
      vertex   -4.736931e-02 -5.010077e-03 1.516685e-01
      vertex   -4.708443e-02 -3.515504e-04 1.510510e-01
    endloop
  endfacet
  facet normal -7.452540e-01 -6.430287e-01 1.763819e-01
    outer loop
      vertex   -3.474303e-02 -3.494600e-02 1.546305e-01
      vertex   -3.209651e-02 -3.695338e-02 1.584945e-01
      vertex   -3.405289e-02 -3.412980e-02 1.605221e-01
    endloop
  endfacet
  facet normal -6.703498e-01 -6.489632e-01 3.598304e-01
    outer loop
      vertex   -3.672910e-02 -3.056484e-02 1.616035e-01
      vertex   -3.949135e-02 -3.019755e-02 1.571200e-01
      vertex   -3.674655e-02 -3.290501e-02 1.573505e-01
    endloop
  endfacet
  facet normal -8.025409e-01 -5.804072e-01 -1.380420e-01
    outer loop
      vertex   -4.092924e-02 -2.745497e-02 1.539482e-01
      vertex   -3.825778e-02 -3.115549e-02 1.539761e-01
      vertex   -3.949135e-02 -3.019755e-02 1.571200e-01
    endloop
  endfacet
  facet normal -9.194082e-01 -1.517780e-01 3.628388e-01
    outer loop
      vertex   -4.604290e-02 -1.250696e-02 1.357324e-01
      vertex   -4.644865e-02 -4.660707e-03 1.379864e-01
      vertex   -4.844027e-02 -6.814024e-03 1.320391e-01
    endloop
  endfacet
  facet normal -4.901723e-02 1.939621e-01 -9.797837e-01
    outer loop
      vertex   -8.316467e-03 3.912591e-02 9.000000e-02
      vertex   -1.194231e-02 4.161724e-02 9.067459e-02
      vertex   -6.278682e-03 4.259718e-02 9.058524e-02
    endloop
  endfacet
  facet normal -5.955080e-02 1.897597e-01 -9.800229e-01
    outer loop
      vertex   -1.781210e-02 4.034434e-02 9.078480e-02
      vertex   -1.194231e-02 4.161724e-02 9.067459e-02
      vertex   -1.368081e-02 3.758770e-02 9.000000e-02
    endloop
  endfacet
  facet normal 1.643623e-01 -3.618992e-01 -9.176132e-01
    outer loop
      vertex   1.005318e-02 -4.202181e-02 9.061371e-02
      vertex   1.186013e-02 -4.524608e-02 9.220900e-02
      vertex   6.740264e-03 -4.383115e-02 9.073389e-02
    endloop
  endfacet
  facet normal 8.024321e-01 5.170937e-01 -2.978538e-01
    outer loop
      vertex   4.098601e-02 2.366328e-02 1.110955e-01
      vertex   3.833698e-02 2.887912e-02 1.130140e-01
      vertex   4.267469e-02 2.464205e-02 1.173441e-01
    endloop
  endfacet
  facet normal 7.888210e-01 5.682812e-01 -2.341322e-01
    outer loop
      vertex   4.267469e-02 2.464205e-02 1.173441e-01
      vertex   3.833698e-02 2.887912e-02 1.130140e-01
      vertex   3.996096e-02 2.953135e-02 1.200684e-01
    endloop
  endfacet
  facet normal 8.537553e-01 5.153291e-01 -7.441674e-02
    outer loop
      vertex   4.267469e-02 2.464205e-02 1.173441e-01
      vertex   3.996096e-02 2.953135e-02 1.200684e-01
      vertex   4.322891e-02 2.496179e-02 1.259166e-01
    endloop
  endfacet
  facet normal 8.263411e-01 5.627380e-01 -2.205382e-02
    outer loop
      vertex   4.322891e-02 2.496179e-02 1.259166e-01
      vertex   3.996096e-02 2.953135e-02 1.200684e-01
      vertex   4.001555e-02 2.971554e-02 1.268138e-01
    endloop
  endfacet
  facet normal 8.315252e-01 5.317751e-01 1.605647e-01
    outer loop
      vertex   4.322891e-02 2.496179e-02 1.259166e-01
      vertex   4.001555e-02 2.971554e-02 1.268138e-01
      vertex   4.233029e-02 2.443941e-02 1.323004e-01
    endloop
  endfacet
  facet normal 7.687424e-01 6.171451e-01 1.678304e-01
    outer loop
      vertex   3.883812e-02 2.982052e-02 1.318209e-01
      vertex   4.001555e-02 2.971554e-02 1.268138e-01
      vertex   3.630883e-02 3.383923e-02 1.286287e-01
    endloop
  endfacet
  facet normal -9.897146e-01 -1.324478e-01 -5.406125e-02
    outer loop
      vertex   -4.894029e-02 -7.838107e-03 1.195959e-01
      vertex   -4.928550e-02 -7.841358e-03 1.259237e-01
      vertex   -4.990020e-02 -2.093332e-03 1.230948e-01
    endloop
  endfacet
  facet normal 9.573061e-01 8.488075e-02 -2.763337e-01
    outer loop
      vertex   4.713964e-02 3.538210e-03 1.110986e-01
      vertex   4.820624e-02 8.730772e-03 1.163887e-01
      vertex   4.910198e-02 1.017125e-03 1.171224e-01
    endloop
  endfacet
  facet normal -8.418787e-02 -9.593505e-01 -2.693678e-01
    outer loop
      vertex   -1.174415e-16 -4.941224e-02 1.180552e-01
      vertex   -7.520000e-03 -4.852879e-02 1.172591e-01
      vertex   -1.145707e-16 -4.784347e-02 1.124680e-01
    endloop
  endfacet
  facet normal -7.837168e-01 -3.182176e-01 -5.334094e-01
    outer loop
      vertex   -4.200687e-02 -2.354687e-02 1.520340e-01
      vertex   -4.470491e-02 -2.111669e-02 1.545483e-01
      vertex   -4.322015e-02 -1.871387e-02 1.509334e-01
    endloop
  endfacet
  facet normal 2.087196e-01 8.909656e-01 4.032573e-01
    outer loop
      vertex   1.309040e-02 4.605317e-02 1.352831e-01
      vertex   7.732641e-03 4.719922e-02 1.355241e-01
      vertex   1.122555e-02 4.431199e-02 1.400954e-01
    endloop
  endfacet
  facet normal 9.018896e-01 -4.061536e-01 1.470865e-01
    outer loop
      vertex   4.602898e-02 -1.735880e-02 1.308523e-01
      vertex   4.328823e-02 -2.378632e-02 1.299092e-01
      vertex   4.542971e-02 -2.060344e-02 1.255673e-01
    endloop
  endfacet
  facet normal -3.039951e-01 9.381510e-01 -1.657096e-01
    outer loop
      vertex   -1.436747e-02 4.772635e-02 1.223475e-01
      vertex   -1.402193e-02 4.671065e-02 1.159633e-01
      vertex   -1.912147e-02 4.563320e-02 1.192185e-01
    endloop
  endfacet
  facet normal 6.974767e-01 5.406064e-01 4.703946e-01
    outer loop
      vertex   3.567815e-02 2.658556e-02 1.421244e-01
      vertex   3.815093e-02 2.816903e-02 1.366381e-01
      vertex   3.390435e-02 3.105646e-02 1.396163e-01
    endloop
  endfacet
  facet normal 8.175825e-01 5.466927e-01 1.807924e-01
    outer loop
      vertex   3.883812e-02 2.982052e-02 1.318209e-01
      vertex   4.233029e-02 2.443941e-02 1.323004e-01
      vertex   4.001555e-02 2.971554e-02 1.268138e-01
    endloop
  endfacet
  facet normal 7.251696e-01 4.571743e-01 5.148988e-01
    outer loop
      vertex   3.567815e-02 2.658556e-02 1.421244e-01
      vertex   3.732212e-02 2.154794e-02 1.442819e-01
      vertex   4.034017e-02 2.329352e-02 1.384815e-01
    endloop
  endfacet
  facet normal -6.220810e-02 -2.500753e-01 -9.662259e-01
    outer loop
      vertex   -2.571151e-02 -3.064178e-02 9.000000e-02
      vertex   -2.443192e-02 -3.636016e-02 9.139763e-02
      vertex   -2.981113e-02 -3.411113e-02 9.116187e-02
    endloop
  endfacet
  facet normal -2.583822e-01 -5.957677e-01 -7.604600e-01
    outer loop
      vertex   -1.283351e-02 -4.530039e-02 9.258900e-02
      vertex   -1.886580e-02 -4.476164e-02 9.421652e-02
      vertex   -1.566072e-02 -4.144560e-02 9.052964e-02
    endloop
  endfacet
  facet normal -8.231165e-01 -4.591273e-01 3.341875e-01
    outer loop
      vertex   -4.077943e-02 -2.663940e-02 1.325368e-01
      vertex   -4.056443e-02 -2.263514e-02 1.385677e-01
      vertex   -4.411306e-02 -1.976823e-02 1.337660e-01
    endloop
  endfacet
  facet normal 9.940674e-01 4.104126e-02 -1.007252e-01
    outer loop
      vertex   4.910198e-02 1.017125e-03 1.171224e-01
      vertex   4.951589e-02 6.008296e-03 1.232410e-01
      vertex   4.981580e-02 -1.549603e-03 1.231214e-01
    endloop
  endfacet
  facet normal -7.288468e-01 4.511894e-01 5.149859e-01
    outer loop
      vertex   -3.732212e-02 2.154794e-02 1.442819e-01
      vertex   -3.655301e-02 2.690492e-02 1.406771e-01
      vertex   -4.034286e-02 2.328886e-02 1.384815e-01
    endloop
  endfacet
  facet normal 6.765268e-01 -6.680080e-01 -3.099624e-01
    outer loop
      vertex   3.079896e-02 -3.787565e-02 1.155543e-01
      vertex   3.130794e-02 -3.528875e-02 1.110901e-01
      vertex   3.506605e-02 -3.451326e-02 1.176213e-01
    endloop
  endfacet
  facet normal 6.926275e-01 -7.065142e-01 1.452749e-01
    outer loop
      vertex   3.557406e-02 -3.356736e-02 1.319475e-01
      vertex   3.128030e-02 -3.827482e-02 1.295252e-01
      vertex   3.583947e-02 -3.472089e-02 1.250722e-01
    endloop
  endfacet
  facet normal 1.971184e-02 9.984047e-01 -5.291075e-02
    outer loop
      vertex   -2.304137e-03 4.963247e-02 1.201513e-01
      vertex   3.416001e-04 4.986387e-02 1.255034e-01
      vertex   4.247220e-03 4.950778e-02 1.202390e-01
    endloop
  endfacet
  facet normal 8.536798e-02 4.815979e-01 -8.722246e-01
    outer loop
      vertex   7.516704e-05 4.824095e-02 9.325841e-02
      vertex   -7.208183e-04 4.392067e-02 9.079507e-02
      vertex   -4.439849e-03 4.644581e-02 9.182532e-02
    endloop
  endfacet
  facet normal -8.319838e-01 -5.307339e-01 1.616308e-01
    outer loop
      vertex   -4.077943e-02 -2.663940e-02 1.325368e-01
      vertex   -4.403037e-02 -2.314755e-02 1.272687e-01
      vertex   -4.017638e-02 -2.953579e-02 1.261303e-01
    endloop
  endfacet
  facet normal -3.266398e-01 8.879122e-01 3.239111e-01
    outer loop
      vertex   -1.016091e-02 4.870867e-02 9.952658e-02
      vertex   -1.433447e-02 4.779483e-02 9.782290e-02
      vertex   -1.233941e-02 4.669530e-02 1.028488e-01
    endloop
  endfacet
  facet normal 9.757157e-01 -1.404259e-01 -1.681054e-01
    outer loop
      vertex   4.918778e-02 -7.933891e-03 1.578200e-01
      vertex   4.833729e-02 -9.023391e-03 1.537938e-01
      vertex   4.895306e-02 -4.673588e-03 1.537342e-01
    endloop
  endfacet
  facet normal -2.487494e-01 -9.365556e-01 2.469563e-01
    outer loop
      vertex   -9.793144e-03 -4.698423e-02 1.351078e-01
      vertex   -1.654027e-02 -4.583519e-02 1.326693e-01
      vertex   -1.024248e-02 -4.847141e-02 1.290152e-01
    endloop
  endfacet
  facet normal -8.773313e-01 -4.796845e-01 -1.388097e-02
    outer loop
      vertex   -4.209165e-02 -2.651944e-02 1.212560e-01
      vertex   -4.403037e-02 -2.314755e-02 1.272687e-01
      vertex   -4.573764e-02 -1.987704e-02 1.221557e-01
    endloop
  endfacet
  facet normal -6.071648e-02 9.980686e-01 -1.313813e-02
    outer loop
      vertex   3.416001e-04 4.986387e-02 1.255034e-01
      vertex   -2.304137e-03 4.963247e-02 1.201513e-01
      vertex   -6.001930e-03 4.948986e-02 1.264063e-01
    endloop
  endfacet
  facet normal -1.031681e-01 9.939252e-01 -3.832857e-02
    outer loop
      vertex   -9.033002e-03 4.897345e-02 1.211736e-01
      vertex   -6.001930e-03 4.948986e-02 1.264063e-01
      vertex   -2.304137e-03 4.963247e-02 1.201513e-01
    endloop
  endfacet
  facet normal -3.120567e-01 9.342933e-01 1.723854e-01
    outer loop
      vertex   -1.596953e-02 4.599172e-02 1.326775e-01
      vertex   -1.214188e-02 4.826930e-02 1.272624e-01
      vertex   -1.804478e-02 4.647642e-02 1.262939e-01
    endloop
  endfacet
  facet normal -7.785139e-02 -2.576618e-01 -9.630937e-01
    outer loop
      vertex   -7.289023e-03 -4.187966e-02 1.495237e-01
      vertex   -1.094852e-02 -4.471958e-02 1.505793e-01
      vertex   -1.087559e-02 -4.126379e-02 1.496488e-01
    endloop
  endfacet
  facet normal -2.560042e-01 9.423710e-01 2.154038e-01
    outer loop
      vertex   -9.085151e-03 4.785326e-02 1.327154e-01
      vertex   -1.214188e-02 4.826930e-02 1.272624e-01
      vertex   -1.596953e-02 4.599172e-02 1.326775e-01
    endloop
  endfacet
  facet normal -1.605104e-01 1.607053e-02 -9.869033e-01
    outer loop
      vertex   -3.978088e-02 4.181139e-03 9.000000e-02
      vertex   -4.474823e-02 2.734704e-03 9.078434e-02
      vertex   -4.333508e-02 7.064515e-03 9.062501e-02
    endloop
  endfacet
  facet normal 6.179704e-01 -6.426443e-01 4.529027e-01
    outer loop
      vertex   3.135049e-02 -3.587039e-02 1.358389e-01
      vertex   3.520560e-02 -2.922221e-02 1.400122e-01
      vertex   2.956372e-02 -3.344529e-02 1.417180e-01
    endloop
  endfacet
  facet normal -6.373925e-01 6.669063e-01 3.859623e-01
    outer loop
      vertex   -2.952806e-02 3.657855e-02 1.374251e-01
      vertex   -3.475638e-02 3.371609e-02 1.337369e-01
      vertex   -3.331481e-02 3.171122e-02 1.395818e-01
    endloop
  endfacet
  facet normal -6.967585e-01 5.689750e-01 4.368010e-01
    outer loop
      vertex   -3.655301e-02 2.690492e-02 1.406771e-01
      vertex   -3.331481e-02 3.171122e-02 1.395818e-01
      vertex   -3.803105e-02 2.873791e-02 1.359318e-01
    endloop
  endfacet
  facet normal 9.068518e-01 2.958279e-02 4.204101e-01
    outer loop
      vertex   4.487430e-02 1.512733e-03 1.414301e-01
      vertex   4.814204e-02 -1.001056e-03 1.345583e-01
      vertex   4.743518e-02 5.708143e-03 1.356109e-01
    endloop
  endfacet
  facet normal 2.272150e-01 3.723848e-01 -8.998349e-01
    outer loop
      vertex   3.375170e-02 3.366861e-02 9.255033e-02
      vertex   2.902743e-02 3.273242e-02 9.096999e-02
      vertex   3.045015e-02 3.744000e-02 9.327741e-02
    endloop
  endfacet
  facet normal 1.577953e-01 1.880532e-01 -9.694001e-01
    outer loop
      vertex   2.902743e-02 3.273242e-02 9.096999e-02
      vertex   2.778634e-02 2.877359e-02 9.000000e-02
      vertex   2.351141e-02 3.236068e-02 9.000000e-02
    endloop
  endfacet
  facet normal 9.603617e-01 -2.757245e-01 -4.100399e-02
    outer loop
      vertex   4.659930e-02 -1.757111e-02 1.211651e-01
      vertex   4.873258e-02 -1.047258e-02 1.233960e-01
      vertex   4.744912e-02 -1.537829e-02 1.263236e-01
    endloop
  endfacet
  facet normal -6.172430e-01 1.742802e-01 7.672272e-01
    outer loop
      vertex   -3.055298e-02 1.140984e-02 2.136070e-01
      vertex   -3.518005e-02 1.339018e-02 2.094346e-01
      vertex   -3.325561e-02 5.861940e-03 2.126929e-01
    endloop
  endfacet
  facet normal -7.854165e-01 5.563218e-01 2.713430e-01
    outer loop
      vertex   -3.933752e-02 2.979583e-02 1.299811e-01
      vertex   -4.233029e-02 2.443941e-02 1.323004e-01
      vertex   -3.803105e-02 2.873791e-02 1.359318e-01
    endloop
  endfacet
  facet normal -8.013549e-01 5.952644e-01 5.908190e-02
    outer loop
      vertex   -3.962326e-02 3.017251e-02 1.223105e-01
      vertex   -4.323200e-02 2.495644e-02 1.259166e-01
      vertex   -3.933752e-02 2.979583e-02 1.299811e-01
    endloop
  endfacet
  facet normal -8.304399e-01 5.334860e-01 1.605065e-01
    outer loop
      vertex   -3.933752e-02 2.979583e-02 1.299811e-01
      vertex   -4.323200e-02 2.495644e-02 1.259166e-01
      vertex   -4.233029e-02 2.443941e-02 1.323004e-01
    endloop
  endfacet
  facet normal -6.816014e-01 2.659506e-01 6.816817e-01
    outer loop
      vertex   -4.114606e-02 1.704326e-02 1.058182e-01
      vertex   -4.703690e-02 1.490660e-02 1.007616e-01
      vertex   -4.565141e-02 1.020557e-02 1.039810e-01
    endloop
  endfacet
  facet normal 2.019724e-01 -2.779912e-01 -9.391102e-01
    outer loop
      vertex   2.571151e-02 -3.064178e-02 9.000000e-02
      vertex   2.550351e-02 -3.556446e-02 9.141246e-02
      vertex   2.119677e-02 -3.392192e-02 9.000000e-02
    endloop
  endfacet
  facet normal -5.672563e-01 7.719415e-01 -2.869263e-01
    outer loop
      vertex   -2.569232e-02 3.993482e-02 1.117421e-01
      vertex   -3.053732e-02 3.634826e-02 1.116715e-01
      vertex   -2.941366e-02 3.963578e-02 1.182947e-01
    endloop
  endfacet
  facet normal 8.394820e-01 -5.074249e-01 1.943961e-01
    outer loop
      vertex   4.116400e-02 -2.515423e-02 1.933210e-01
      vertex   4.134593e-02 -2.736271e-02 1.867706e-01
      vertex   4.481569e-02 -2.085163e-02 1.887824e-01
    endloop
  endfacet
  facet normal -9.940799e-02 -9.216419e-01 3.750923e-01
    outer loop
      vertex   2.832570e-06 -4.775977e-02 1.357738e-01
      vertex   -5.577471e-03 -4.553969e-02 1.397498e-01
      vertex   -5.080779e-03 -4.856209e-02 1.324551e-01
    endloop
  endfacet
  facet normal -7.298531e-01 6.811814e-01 -5.750089e-02
    outer loop
      vertex   -3.220840e-02 3.808362e-02 1.234737e-01
      vertex   -3.444167e-02 3.522748e-02 1.179852e-01
      vertex   -3.557904e-02 3.476004e-02 1.268843e-01
    endloop
  endfacet
  facet normal -7.163409e-01 1.025914e-01 -6.901672e-01
    outer loop
      vertex   -4.474823e-02 2.734704e-03 9.078434e-02
      vertex   -4.570168e-02 -1.656931e-03 9.112114e-02
      vertex   -4.944158e-02 1.158915e-03 9.542144e-02
    endloop
  endfacet
  facet normal 9.620194e-01 -5.715469e-02 -2.669309e-01
    outer loop
      vertex   4.874009e-02 -6.724229e-03 1.174757e-01
      vertex   4.723712e-02 -3.347004e-03 1.113359e-01
      vertex   4.910198e-02 1.017125e-03 1.171224e-01
    endloop
  endfacet
  facet normal 9.079184e-01 -2.650152e-01 -3.247324e-01
    outer loop
      vertex   4.456186e-02 -1.556669e-02 1.111073e-01
      vertex   4.635683e-02 -9.702383e-03 1.113400e-01
      vertex   4.718372e-02 -1.353343e-02 1.167784e-01
    endloop
  endfacet
  facet normal -2.690460e-01 8.818176e-01 -3.873138e-01
    outer loop
      vertex   -1.812023e-02 4.648815e-02 9.747767e-02
      vertex   -1.433447e-02 4.779483e-02 9.782290e-02
      vertex   -1.518213e-02 4.545079e-02 9.307491e-02
    endloop
  endfacet
  facet normal 6.601611e-01 6.489347e-01 3.782473e-01
    outer loop
      vertex   3.801276e-02 2.982008e-02 1.027578e-01
      vertex   3.732185e-02 3.286939e-02 9.873220e-02
      vertex   3.417230e-02 3.356724e-02 1.030319e-01
    endloop
  endfacet
  facet normal -8.434108e-01 5.320965e-01 -7.437473e-02
    outer loop
      vertex   -3.962326e-02 3.017251e-02 1.223105e-01
      vertex   -4.267799e-02 2.463634e-02 1.173441e-01
      vertex   -4.323200e-02 2.495644e-02 1.259166e-01
    endloop
  endfacet
  facet normal -9.173842e-02 -9.893860e-01 -1.126912e-01
    outer loop
      vertex   -9.057376e-03 -4.901055e-02 1.227403e-01
      vertex   -7.520000e-03 -4.852879e-02 1.172591e-01
      vertex   1.416285e-09 -4.996701e-02 1.237643e-01
    endloop
  endfacet
  facet normal -7.933511e-01 4.994507e-01 3.480561e-01
    outer loop
      vertex   -4.034286e-02 2.328886e-02 1.384815e-01
      vertex   -3.803105e-02 2.873791e-02 1.359318e-01
      vertex   -4.233029e-02 2.443941e-02 1.323004e-01
    endloop
  endfacet
  facet normal -7.445885e-01 6.096553e-01 2.718609e-01
    outer loop
      vertex   -3.933752e-02 2.979583e-02 1.299811e-01
      vertex   -3.803105e-02 2.873791e-02 1.359318e-01
      vertex   -3.475638e-02 3.371609e-02 1.337369e-01
    endloop
  endfacet
  facet normal -7.230224e-01 6.647327e-01 1.880665e-01
    outer loop
      vertex   -3.933752e-02 2.979583e-02 1.299811e-01
      vertex   -3.475638e-02 3.371609e-02 1.337369e-01
      vertex   -3.557904e-02 3.476004e-02 1.268843e-01
    endloop
  endfacet
  facet normal -9.057252e-01 4.014452e-01 -1.360277e-01
    outer loop
      vertex   -4.567015e-02 1.810485e-02 1.768029e-01
      vertex   -4.553268e-02 2.033617e-02 1.824727e-01
      vertex   -4.296392e-02 2.480524e-02 1.785580e-01
    endloop
  endfacet
  facet normal -6.926975e-01 6.959735e-01 1.891853e-01
    outer loop
      vertex   -3.557904e-02 3.476004e-02 1.268843e-01
      vertex   -3.475638e-02 3.371609e-02 1.337369e-01
      vertex   -3.125955e-02 3.801788e-02 1.307151e-01
    endloop
  endfacet
  facet normal 1.563416e-01 -8.171430e-01 5.548285e-01
    outer loop
      vertex   6.281456e-03 -4.508966e-02 1.403618e-01
      vertex   1.148378e-02 -4.147899e-02 1.442136e-01
      vertex   5.109656e-03 -4.266656e-02 1.442607e-01
    endloop
  endfacet
  facet normal 2.161816e-02 9.724798e-01 -2.319821e-01
    outer loop
      vertex   4.247220e-03 4.950778e-02 1.202390e-01
      vertex   1.846148e-03 4.788371e-02 1.132071e-01
      vertex   -2.304137e-03 4.963247e-02 1.201513e-01
    endloop
  endfacet
  facet normal -3.923426e-01 9.184724e-01 -4.975661e-02
    outer loop
      vertex   -1.804478e-02 4.647642e-02 1.262939e-01
      vertex   -1.912147e-02 4.563320e-02 1.192185e-01
      vertex   -2.345458e-02 4.400477e-02 1.233265e-01
    endloop
  endfacet
  facet normal 0.000000e+00 1.941078e-01 -9.809802e-01
    outer loop
      vertex   -2.790259e-03 3.990256e-02 9.000000e-02
      vertex   -7.208183e-04 4.392067e-02 9.079507e-02
      vertex   2.790259e-03 3.990256e-02 9.000000e-02
    endloop
  endfacet
  facet normal 1.390981e-01 -4.726068e-03 -9.902673e-01
    outer loop
      vertex   3.712092e-02 -1.206132e-02 1.490000e-01
      vertex   4.203933e-02 -1.268592e-02 1.496938e-01
      vertex   3.987388e-02 -1.693926e-02 1.494100e-01
    endloop
  endfacet
  facet normal -1.177754e-01 -1.052880e-01 -9.874429e-01
    outer loop
      vertex   -4.324687e-02 -3.134567e-03 1.491851e-01
      vertex   -3.843827e-02 -6.777705e-03 1.490000e-01
      vertex   -4.152973e-02 -8.554088e-03 1.495581e-01
    endloop
  endfacet
  facet normal -4.178249e-02 -4.391518e-03 -9.991171e-01
    outer loop
      vertex   -3.900747e-02 -1.362171e-03 1.490000e-01
      vertex   -3.843827e-02 -6.777705e-03 1.490000e-01
      vertex   -4.324687e-02 -3.134567e-03 1.491851e-01
    endloop
  endfacet
  facet normal -9.155510e-01 -3.955098e-01 7.306398e-02
    outer loop
      vertex   -3.949135e-02 -3.019755e-02 1.571200e-01
      vertex   -4.050546e-02 -2.746167e-02 1.592222e-01
      vertex   -4.092924e-02 -2.745497e-02 1.539482e-01
    endloop
  endfacet
  facet normal -7.477836e-01 -6.612939e-01 5.924606e-02
    outer loop
      vertex   -4.313345e-02 -2.472603e-02 1.565873e-01
      vertex   -4.092924e-02 -2.745497e-02 1.539482e-01
      vertex   -4.050546e-02 -2.746167e-02 1.592222e-01
    endloop
  endfacet
  facet normal -4.454396e-01 -7.703162e-01 -4.562856e-01
    outer loop
      vertex   -1.886580e-02 -4.476164e-02 9.421652e-02
      vertex   -2.384137e-02 -4.357531e-02 9.707101e-02
      vertex   -2.384056e-02 -4.124398e-02 9.313440e-02
    endloop
  endfacet
  facet normal -8.638731e-01 -3.927075e-01 -3.154427e-01
    outer loop
      vertex   -4.092924e-02 -2.745497e-02 1.539482e-01
      vertex   -4.313345e-02 -2.472603e-02 1.565873e-01
      vertex   -4.200687e-02 -2.354687e-02 1.520340e-01
    endloop
  endfacet
  facet normal -7.828070e-01 -5.273890e-01 -3.302636e-01
    outer loop
      vertex   -4.470491e-02 -2.111669e-02 1.545483e-01
      vertex   -4.200687e-02 -2.354687e-02 1.520340e-01
      vertex   -4.313345e-02 -2.472603e-02 1.565873e-01
    endloop
  endfacet
  facet normal -7.480668e-01 -2.542305e-01 -6.129951e-01
    outer loop
      vertex   -4.322015e-02 -1.871387e-02 1.509334e-01
      vertex   -4.642826e-02 -1.633792e-02 1.538630e-01
      vertex   -4.428978e-02 -1.458085e-02 1.505246e-01
    endloop
  endfacet
  facet normal -7.276349e-01 -2.929282e-01 -6.202745e-01
    outer loop
      vertex   -4.667267e-02 -1.233070e-02 1.522573e-01
      vertex   -4.428978e-02 -1.458085e-02 1.505246e-01
      vertex   -4.642826e-02 -1.633792e-02 1.538630e-01
    endloop
  endfacet
  facet normal -9.040042e-01 -3.838903e-01 1.881612e-01
    outer loop
      vertex   -4.713502e-02 -1.504047e-02 1.288930e-01
      vertex   -4.403037e-02 -2.314755e-02 1.272687e-01
      vertex   -4.411306e-02 -1.976823e-02 1.337660e-01
    endloop
  endfacet
  facet normal 6.838381e-01 -6.288306e-01 3.700507e-01
    outer loop
      vertex   3.520560e-02 -2.922221e-02 1.400122e-01
      vertex   3.135049e-02 -3.587039e-02 1.358389e-01
      vertex   3.557406e-02 -3.356736e-02 1.319475e-01
    endloop
  endfacet
  facet normal -5.897875e-01 -2.736846e-03 -8.075538e-01
    outer loop
      vertex   -4.428978e-02 -1.458085e-02 1.505246e-01
      vertex   -4.667267e-02 -1.233070e-02 1.522573e-01
      vertex   -4.351060e-02 -1.134047e-02 1.499446e-01
    endloop
  endfacet
  facet normal 2.472952e-01 -3.828933e-01 -8.900774e-01
    outer loop
      vertex   2.550351e-02 -3.556446e-02 9.141246e-02
      vertex   2.985126e-02 -3.803798e-02 9.368447e-02
      vertex   2.451490e-02 -4.075031e-02 9.336864e-02
    endloop
  endfacet
  facet normal -1.223966e-01 -9.196534e-01 3.731711e-01
    outer loop
      vertex   -8.394942e-03 -4.712020e-02 1.030818e-01
      vertex   -1.281436e-02 -4.713386e-02 1.015986e-01
      vertex   -8.909338e-03 -4.897211e-02 9.834919e-02
    endloop
  endfacet
  facet normal -8.528032e-01 -2.894872e-01 -4.346537e-01
    outer loop
      vertex   -4.114606e-02 -1.704326e-02 1.058182e-01
      vertex   -4.321774e-02 -1.906498e-02 1.112294e-01
      vertex   -4.301864e-02 -1.152681e-02 1.058182e-01
    endloop
  endfacet
  facet normal -8.261905e-01 3.632674e-01 -4.306345e-01
    outer loop
      vertex   -4.422312e-02 1.888697e-02 1.132769e-01
      vertex   -4.098601e-02 2.366328e-02 1.110955e-01
      vertex   -4.114606e-02 1.704326e-02 1.058182e-01
    endloop
  endfacet
  facet normal -7.932329e-01 3.911795e-01 -4.666477e-01
    outer loop
      vertex   -3.856946e-02 2.226809e-02 1.058182e-01
      vertex   -4.114606e-02 1.704326e-02 1.058182e-01
      vertex   -4.098601e-02 2.366328e-02 1.110955e-01
    endloop
  endfacet
  facet normal 7.801153e-01 5.805255e-01 -2.332601e-01
    outer loop
      vertex   3.996096e-02 2.953135e-02 1.200684e-01
      vertex   3.833698e-02 2.887912e-02 1.130140e-01
      vertex   3.631988e-02 3.309704e-02 1.167653e-01
    endloop
  endfacet
  facet normal 6.977061e-01 6.326220e-01 -3.361482e-01
    outer loop
      vertex   3.631988e-02 3.309704e-02 1.167653e-01
      vertex   3.833698e-02 2.887912e-02 1.130140e-01
      vertex   3.298677e-02 3.388371e-02 1.113276e-01
    endloop
  endfacet
  facet normal 6.491019e-01 7.005253e-01 -2.965317e-01
    outer loop
      vertex   3.254027e-02 3.715707e-02 1.180832e-01
      vertex   3.631988e-02 3.309704e-02 1.167653e-01
      vertex   3.298677e-02 3.388371e-02 1.113276e-01
    endloop
  endfacet
  facet normal -2.321872e-01 3.023519e-02 -9.722011e-01
    outer loop
      vertex   -4.534517e-02 -8.279034e-03 1.504779e-01
      vertex   -4.152973e-02 -8.554088e-03 1.495581e-01
      vertex   -4.351060e-02 -1.134047e-02 1.499446e-01
    endloop
  endfacet
  facet normal 6.178186e-01 7.228783e-01 -3.094303e-01
    outer loop
      vertex   3.254027e-02 3.715707e-02 1.180832e-01
      vertex   3.298677e-02 3.388371e-02 1.113276e-01
      vertex   2.707161e-02 3.954833e-02 1.127507e-01
    endloop
  endfacet
  facet normal 4.598516e-01 8.324260e-01 -3.091982e-01
    outer loop
      vertex   2.249905e-02 4.381164e-02 1.174279e-01
      vertex   2.707161e-02 3.954833e-02 1.127507e-01
      vertex   2.061855e-02 4.256200e-02 1.112668e-01
    endloop
  endfacet
  facet normal 3.694168e-01 8.822907e-01 -2.917094e-01
    outer loop
      vertex   2.249905e-02 4.381164e-02 1.174279e-01
      vertex   2.061855e-02 4.256200e-02 1.112668e-01
      vertex   1.554225e-02 4.631688e-02 1.161951e-01
    endloop
  endfacet
  facet normal 5.690659e-01 7.896142e-01 -2.295070e-01
    outer loop
      vertex   2.804901e-02 4.110585e-02 1.205327e-01
      vertex   3.254027e-02 3.715707e-02 1.180832e-01
      vertex   2.707161e-02 3.954833e-02 1.127507e-01
    endloop
  endfacet
  facet normal 5.273959e-01 8.179135e-01 -2.299373e-01
    outer loop
      vertex   2.804901e-02 4.110585e-02 1.205327e-01
      vertex   2.707161e-02 3.954833e-02 1.127507e-01
      vertex   2.249905e-02 4.381164e-02 1.174279e-01
    endloop
  endfacet
  facet normal 3.626475e-01 9.114615e-01 -1.942284e-01
    outer loop
      vertex   1.784006e-02 4.645195e-02 1.211193e-01
      vertex   2.249905e-02 4.381164e-02 1.174279e-01
      vertex   1.554225e-02 4.631688e-02 1.161951e-01
    endloop
  endfacet
  facet normal 7.507796e-01 6.480196e-01 -1.280649e-01
    outer loop
      vertex   3.653641e-02 3.397611e-02 1.224829e-01
      vertex   3.996096e-02 2.953135e-02 1.200684e-01
      vertex   3.631988e-02 3.309704e-02 1.167653e-01
    endloop
  endfacet
  facet normal -8.991384e-01 5.893245e-02 -4.336786e-01
    outer loop
      vertex   -4.415516e-02 5.813138e-03 1.058182e-01
      vertex   -4.453618e-02 1.165600e-16 1.058182e-01
      vertex   -4.760873e-02 4.661475e-03 1.128219e-01
    endloop
  endfacet
  facet normal 6.747226e-01 7.334391e-01 -8.256164e-02
    outer loop
      vertex   3.254027e-02 3.715707e-02 1.180832e-01
      vertex   3.261945e-02 3.783290e-02 1.247341e-01
      vertex   3.653641e-02 3.397611e-02 1.224829e-01
    endloop
  endfacet
  facet normal 6.310362e-01 7.709876e-01 -8.585696e-02
    outer loop
      vertex   3.261945e-02 3.783290e-02 1.247341e-01
      vertex   3.254027e-02 3.715707e-02 1.180832e-01
      vertex   2.804901e-02 4.110585e-02 1.205327e-01
    endloop
  endfacet
  facet normal 4.856371e-01 8.668750e-01 -1.126245e-01
    outer loop
      vertex   2.804901e-02 4.110585e-02 1.205327e-01
      vertex   2.249905e-02 4.381164e-02 1.174279e-01
      vertex   2.318342e-02 4.422146e-02 1.235333e-01
    endloop
  endfacet
  facet normal 4.396898e-01 8.940706e-01 8.550210e-02
    outer loop
      vertex   2.303677e-02 4.370704e-02 1.296666e-01
      vertex   2.318342e-02 4.422146e-02 1.235333e-01
      vertex   1.779409e-02 4.655084e-02 1.268900e-01
    endloop
  endfacet
  facet normal 2.726924e-01 9.498089e-01 -1.533035e-01
    outer loop
      vertex   1.142923e-02 4.843544e-02 1.220047e-01
      vertex   1.784006e-02 4.645195e-02 1.211193e-01
      vertex   1.554225e-02 4.631688e-02 1.161951e-01
    endloop
  endfacet
  facet normal -6.874109e-02 2.400499e-03 -9.976316e-01
    outer loop
      vertex   -3.881743e-02 4.079876e-03 1.490000e-01
      vertex   -3.900747e-02 -1.362171e-03 1.490000e-01
      vertex   -4.268091e-02 2.462183e-03 1.492623e-01
    endloop
  endfacet
  facet normal 7.857935e-01 6.180524e-01 -2.323600e-02
    outer loop
      vertex   4.001555e-02 2.971554e-02 1.268138e-01
      vertex   3.996096e-02 2.953135e-02 1.200684e-01
      vertex   3.653641e-02 3.397611e-02 1.224829e-01
    endloop
  endfacet
  facet normal 5.883944e-01 8.085093e-01 -1.023818e-02
    outer loop
      vertex   2.809647e-02 4.115490e-02 1.271346e-01
      vertex   3.261945e-02 3.783290e-02 1.247341e-01
      vertex   2.804901e-02 4.110585e-02 1.205327e-01
    endloop
  endfacet
  facet normal 4.821907e-01 8.719656e-01 8.466429e-02
    outer loop
      vertex   2.303677e-02 4.370704e-02 1.296666e-01
      vertex   2.809647e-02 4.115490e-02 1.271346e-01
      vertex   2.318342e-02 4.422146e-02 1.235333e-01
    endloop
  endfacet
  facet normal 3.900558e-01 9.207040e-01 -1.267001e-02
    outer loop
      vertex   1.784006e-02 4.645195e-02 1.211193e-01
      vertex   1.779409e-02 4.655084e-02 1.268900e-01
      vertex   2.318342e-02 4.422146e-02 1.235333e-01
    endloop
  endfacet
  facet normal 8.342663e-02 9.484737e-01 3.056756e-01
    outer loop
      vertex   7.732641e-03 4.719922e-02 1.355241e-01
      vertex   4.195958e-03 4.903708e-02 1.307867e-01
      vertex   1.408221e-03 4.748086e-02 1.363763e-01
    endloop
  endfacet
  facet normal 1.924120e-01 9.609123e-01 -1.990609e-01
    outer loop
      vertex   9.213833e-03 4.712351e-02 1.135304e-01
      vertex   4.247220e-03 4.950778e-02 1.202390e-01
      vertex   1.142923e-02 4.843544e-02 1.220047e-01
    endloop
  endfacet
  facet normal 7.522620e-01 6.574920e-01 4.249957e-02
    outer loop
      vertex   3.630883e-02 3.383923e-02 1.286287e-01
      vertex   4.001555e-02 2.971554e-02 1.268138e-01
      vertex   3.653641e-02 3.397611e-02 1.224829e-01
    endloop
  endfacet
  facet normal 7.131440e-01 6.997587e-01 4.199239e-02
    outer loop
      vertex   3.630883e-02 3.383923e-02 1.286287e-01
      vertex   3.653641e-02 3.397611e-02 1.224829e-01
      vertex   3.261945e-02 3.783290e-02 1.247341e-01
    endloop
  endfacet
  facet normal 9.663265e-01 2.236608e-01 -1.272360e-01
    outer loop
      vertex   4.686856e-02 1.515850e-02 1.175282e-01
      vertex   4.814367e-02 1.303344e-02 1.234769e-01
      vertex   4.820624e-02 8.730772e-03 1.163887e-01
    endloop
  endfacet
  facet normal 4.436768e-01 -8.731435e-01 2.019190e-01
    outer loop
      vertex   2.134284e-02 -4.499508e-02 1.272551e-01
      vertex   2.541387e-02 -4.218688e-02 1.304531e-01
      vertex   2.069870e-02 -4.381380e-02 1.337786e-01
    endloop
  endfacet
  facet normal 6.045800e-02 9.919654e-01 1.111278e-01
    outer loop
      vertex   6.278675e-03 4.947729e-02 1.257242e-01
      vertex   3.416001e-04 4.986387e-02 1.255034e-01
      vertex   4.195958e-03 4.903708e-02 1.307867e-01
    endloop
  endfacet
  facet normal -8.851963e-01 -5.801864e-02 -4.615857e-01
    outer loop
      vertex   -4.725121e-02 -1.613575e-03 1.112277e-01
      vertex   -4.453618e-02 1.165600e-16 1.058182e-01
      vertex   -4.415516e-02 -5.813138e-03 1.058182e-01
    endloop
  endfacet
  facet normal 7.303014e-01 6.429598e-01 2.307870e-01
    outer loop
      vertex   3.539604e-02 3.282352e-02 1.343469e-01
      vertex   3.883812e-02 2.982052e-02 1.318209e-01
      vertex   3.630883e-02 3.383923e-02 1.286287e-01
    endloop
  endfacet
  facet normal 6.936833e-01 6.819398e-01 2.318657e-01
    outer loop
      vertex   3.539604e-02 3.282352e-02 1.343469e-01
      vertex   3.630883e-02 3.383923e-02 1.286287e-01
      vertex   3.216255e-02 3.723378e-02 1.310496e-01
    endloop
  endfacet
  facet normal 6.901145e-01 6.044026e-01 3.980445e-01
    outer loop
      vertex   3.539604e-02 3.282352e-02 1.343469e-01
      vertex   3.390435e-02 3.105646e-02 1.396163e-01
      vertex   3.815093e-02 2.816903e-02 1.366381e-01
    endloop
  endfacet
  facet normal 6.557650e-01 6.401070e-01 4.002940e-01
    outer loop
      vertex   3.390435e-02 3.105646e-02 1.396163e-01
      vertex   3.539604e-02 3.282352e-02 1.343469e-01
      vertex   3.097415e-02 3.552952e-02 1.372637e-01
    endloop
  endfacet
  facet normal 5.389087e-01 7.454772e-01 3.922259e-01
    outer loop
      vertex   2.601725e-02 3.775219e-02 1.398499e-01
      vertex   3.097415e-02 3.552952e-02 1.372637e-01
      vertex   2.742791e-02 4.003610e-02 1.335708e-01
    endloop
  endfacet
  facet normal 5.006224e-01 7.713060e-01 3.930193e-01
    outer loop
      vertex   2.601725e-02 3.775219e-02 1.398499e-01
      vertex   2.742791e-02 4.003610e-02 1.335708e-01
      vertex   2.223219e-02 4.210407e-02 1.361306e-01
    endloop
  endfacet
  facet normal -2.475464e-01 9.086301e-01 3.363214e-01
    outer loop
      vertex   -1.596953e-02 4.599172e-02 1.326775e-01
      vertex   -1.244730e-02 4.481598e-02 1.384465e-01
      vertex   -9.085151e-03 4.785326e-02 1.327154e-01
    endloop
  endfacet
  facet normal -8.862825e-01 -1.762929e-01 -4.282805e-01
    outer loop
      vertex   -4.301864e-02 -1.152681e-02 1.058182e-01
      vertex   -4.727342e-02 -7.194174e-03 1.128396e-01
      vertex   -4.415516e-02 -5.813138e-03 1.058182e-01
    endloop
  endfacet
  facet normal 7.886715e-01 5.382893e-01 2.970554e-01
    outer loop
      vertex   3.883812e-02 2.982052e-02 1.318209e-01
      vertex   3.815093e-02 2.816903e-02 1.366381e-01
      vertex   4.233029e-02 2.443941e-02 1.323004e-01
    endloop
  endfacet
  facet normal -6.217461e-01 -4.294921e-01 6.549567e-01
    outer loop
      vertex   -3.533293e-02 -2.711191e-02 1.651932e-01
      vertex   -3.899837e-02 -2.557595e-02 1.627208e-01
      vertex   -3.672910e-02 -3.056484e-02 1.616035e-01
    endloop
  endfacet
  facet normal 4.490057e-01 7.087763e-01 5.440864e-01
    outer loop
      vertex   2.601725e-02 3.775219e-02 1.398499e-01
      vertex   2.067813e-02 3.949237e-02 1.419891e-01
      vertex   2.354367e-02 3.538050e-02 1.449808e-01
    endloop
  endfacet
  facet normal -7.190329e-01 -5.709705e-01 3.962127e-01
    outer loop
      vertex   -3.949135e-02 -3.019755e-02 1.571200e-01
      vertex   -3.672910e-02 -3.056484e-02 1.616035e-01
      vertex   -4.050546e-02 -2.746167e-02 1.592222e-01
    endloop
  endfacet
  facet normal 3.328127e-01 7.870046e-01 5.194800e-01
    outer loop
      vertex   1.519680e-02 4.035929e-02 1.441874e-01
      vertex   2.067813e-02 3.949237e-02 1.419891e-01
      vertex   1.676853e-02 4.335623e-02 1.386401e-01
    endloop
  endfacet
  facet normal 2.287674e-01 8.016297e-01 5.523180e-01
    outer loop
      vertex   9.672499e-03 4.145783e-02 1.448811e-01
      vertex   1.519680e-02 4.035929e-02 1.441874e-01
      vertex   1.122555e-02 4.431199e-02 1.400954e-01
    endloop
  endfacet
  facet normal 2.753546e-01 8.110155e-01 5.161722e-01
    outer loop
      vertex   1.676853e-02 4.335623e-02 1.386401e-01
      vertex   1.122555e-02 4.431199e-02 1.400954e-01
      vertex   1.519680e-02 4.035929e-02 1.441874e-01
    endloop
  endfacet
  facet normal 1.171222e-01 8.140288e-01 5.688933e-01
    outer loop
      vertex   9.672499e-03 4.145783e-02 1.448811e-01
      vertex   5.356390e-03 4.508708e-02 1.405766e-01
      vertex   3.849888e-03 4.193641e-02 1.453951e-01
    endloop
  endfacet
  facet normal -7.514392e-01 -5.020953e-01 -4.280648e-01
    outer loop
      vertex   -3.856946e-02 -2.226809e-02 1.058182e-01
      vertex   -3.533293e-02 -2.711191e-02 1.058182e-01
      vertex   -3.985018e-02 -2.677917e-02 1.133576e-01
    endloop
  endfacet
  facet normal 4.671005e-01 8.428781e-01 2.671586e-01
    outer loop
      vertex   2.742791e-02 4.003610e-02 1.335708e-01
      vertex   2.303677e-02 4.370704e-02 1.296666e-01
      vertex   2.223219e-02 4.210407e-02 1.361306e-01
    endloop
  endfacet
  facet normal 4.348673e-01 8.598876e-01 2.673646e-01
    outer loop
      vertex   2.223219e-02 4.210407e-02 1.361306e-01
      vertex   2.303677e-02 4.370704e-02 1.296666e-01
      vertex   1.782799e-02 4.535503e-02 1.328384e-01
    endloop
  endfacet
  facet normal 3.630657e-01 8.585336e-01 3.620821e-01
    outer loop
      vertex   2.223219e-02 4.210407e-02 1.361306e-01
      vertex   1.782799e-02 4.535503e-02 1.328384e-01
      vertex   1.676853e-02 4.335623e-02 1.386401e-01
    endloop
  endfacet
  facet normal 3.151977e-01 8.780660e-01 3.600702e-01
    outer loop
      vertex   1.676853e-02 4.335623e-02 1.386401e-01
      vertex   1.782799e-02 4.535503e-02 1.328384e-01
      vertex   1.309040e-02 4.605317e-02 1.352831e-01
    endloop
  endfacet
  facet normal -8.334563e-01 -4.759321e-01 2.807832e-01
    outer loop
      vertex   -4.313345e-02 -2.472603e-02 1.565873e-01
      vertex   -4.206367e-02 -2.429429e-02 1.604945e-01
      vertex   -4.405140e-02 -2.152615e-02 1.592863e-01
    endloop
  endfacet
  facet normal 2.998388e-02 8.802855e-01 4.734960e-01
    outer loop
      vertex   1.408221e-03 4.748086e-02 1.363763e-01
      vertex   -1.050389e-03 4.463128e-02 1.418297e-01
      vertex   5.356390e-03 4.508708e-02 1.405766e-01
    endloop
  endfacet
  facet normal 4.914328e-01 -7.354817e-01 -4.664338e-01
    outer loop
      vertex   2.711191e-02 -3.533293e-02 1.058182e-01
      vertex   2.670678e-02 -3.902206e-02 1.112084e-01
      vertex   2.226809e-02 -3.856946e-02 1.058182e-01
    endloop
  endfacet
  facet normal -8.013807e-01 -5.952285e-01 5.909406e-02
    outer loop
      vertex   -4.603469e-02 -1.905007e-02 1.573313e-01
      vertex   -4.470491e-02 -2.111669e-02 1.545483e-01
      vertex   -4.405140e-02 -2.152615e-02 1.592863e-01
    endloop
  endfacet
  facet normal 6.693953e-01 7.334741e-01 1.180071e-01
    outer loop
      vertex   3.216255e-02 3.723378e-02 1.310496e-01
      vertex   3.630883e-02 3.383923e-02 1.286287e-01
      vertex   3.261945e-02 3.783290e-02 1.247341e-01
    endloop
  endfacet
  facet normal 6.378012e-01 7.029459e-01 3.147644e-01
    outer loop
      vertex   3.097415e-02 3.552952e-02 1.372637e-01
      vertex   3.539604e-02 3.282352e-02 1.343469e-01
      vertex   3.216255e-02 3.723378e-02 1.310496e-01
    endloop
  endfacet
  facet normal 5.740399e-01 6.428088e-01 5.072229e-01
    outer loop
      vertex   2.939095e-02 3.150784e-02 1.441522e-01
      vertex   3.390435e-02 3.105646e-02 1.396163e-01
      vertex   3.097415e-02 3.552952e-02 1.372637e-01
    endloop
  endfacet
  facet normal 8.401384e-01 1.163407e-01 5.297474e-01
    outer loop
      vertex   4.487430e-02 1.512733e-03 1.414301e-01
      vertex   4.423650e-02 8.517070e-03 1.409034e-01
      vertex   4.209857e-02 5.465780e-03 1.449641e-01
    endloop
  endfacet
  facet normal 6.278507e-01 7.692759e-01 1.183978e-01
    outer loop
      vertex   3.216255e-02 3.723378e-02 1.310496e-01
      vertex   3.261945e-02 3.783290e-02 1.247341e-01
      vertex   2.809647e-02 4.115490e-02 1.271346e-01
    endloop
  endfacet
  facet normal 2.583042e-01 9.375900e-01 2.328175e-01
    outer loop
      vertex   1.309040e-02 4.605317e-02 1.352831e-01
      vertex   1.782799e-02 4.535503e-02 1.328384e-01
      vertex   1.155456e-02 4.801462e-02 1.290881e-01
    endloop
  endfacet
  facet normal 2.349552e-01 9.705326e-01 5.350171e-02
    outer loop
      vertex   1.142923e-02 4.843544e-02 1.220047e-01
      vertex   6.278675e-03 4.947729e-02 1.257242e-01
      vertex   1.155456e-02 4.801462e-02 1.290881e-01
    endloop
  endfacet
  facet normal 6.022377e-01 7.330212e-01 3.162115e-01
    outer loop
      vertex   2.742791e-02 4.003610e-02 1.335708e-01
      vertex   3.097415e-02 3.552952e-02 1.372637e-01
      vertex   3.216255e-02 3.723378e-02 1.310496e-01
    endloop
  endfacet
  facet normal 5.591802e-01 6.535551e-01 5.100816e-01
    outer loop
      vertex   2.939095e-02 3.150784e-02 1.441522e-01
      vertex   3.097415e-02 3.552952e-02 1.372637e-01
      vertex   2.601725e-02 3.775219e-02 1.398499e-01
    endloop
  endfacet
  facet normal 9.234327e-01 2.446013e-01 -2.957063e-01
    outer loop
      vertex   4.820624e-02 8.730772e-03 1.163887e-01
      vertex   4.508086e-02 1.402144e-02 1.110050e-01
      vertex   4.686856e-02 1.515850e-02 1.175282e-01
    endloop
  endfacet
  facet normal 5.751256e-01 7.938098e-01 1.977285e-01
    outer loop
      vertex   3.216255e-02 3.723378e-02 1.310496e-01
      vertex   2.809647e-02 4.115490e-02 1.271346e-01
      vertex   2.742791e-02 4.003610e-02 1.335708e-01
    endloop
  endfacet
  facet normal 5.187527e-01 8.315757e-01 1.984376e-01
    outer loop
      vertex   2.742791e-02 4.003610e-02 1.335708e-01
      vertex   2.809647e-02 4.115490e-02 1.271346e-01
      vertex   2.303677e-02 4.370704e-02 1.296666e-01
    endloop
  endfacet
  facet normal -7.598549e-01 -3.523714e-01 -5.463103e-01
    outer loop
      vertex   -4.322015e-02 -1.871387e-02 1.509334e-01
      vertex   -4.470491e-02 -2.111669e-02 1.545483e-01
      vertex   -4.642826e-02 -1.633792e-02 1.538630e-01
    endloop
  endfacet
  facet normal 4.364152e-01 7.730366e-01 4.603870e-01
    outer loop
      vertex   2.067813e-02 3.949237e-02 1.419891e-01
      vertex   2.601725e-02 3.775219e-02 1.398499e-01
      vertex   2.223219e-02 4.210407e-02 1.361306e-01
    endloop
  endfacet
  facet normal -9.180664e-01 -3.560702e-01 -1.742642e-01
    outer loop
      vertex   -4.603469e-02 -1.905007e-02 1.573313e-01
      vertex   -4.642826e-02 -1.633792e-02 1.538630e-01
      vertex   -4.470491e-02 -2.111669e-02 1.545483e-01
    endloop
  endfacet
  facet normal 3.941846e-01 9.014372e-01 1.789681e-01
    outer loop
      vertex   1.782799e-02 4.535503e-02 1.328384e-01
      vertex   2.303677e-02 4.370704e-02 1.296666e-01
      vertex   1.779409e-02 4.655084e-02 1.268900e-01
    endloop
  endfacet
  facet normal -7.686265e-01 -2.881712e-02 -6.390484e-01
    outer loop
      vertex   -4.534517e-02 -8.279034e-03 1.504779e-01
      vertex   -4.667267e-02 -1.233070e-02 1.522573e-01
      vertex   -4.798748e-02 -9.405817e-03 1.537068e-01
    endloop
  endfacet
  facet normal -3.897780e-01 8.713492e-01 2.980331e-01
    outer loop
      vertex   -1.596953e-02 4.599172e-02 1.326775e-01
      vertex   -2.224432e-02 4.398049e-02 1.303513e-01
      vertex   -1.978414e-02 4.269394e-02 1.373302e-01
    endloop
  endfacet
  facet normal -1.311086e-01 9.733008e-01 1.884041e-01
    outer loop
      vertex   -2.474200e-03 4.897831e-02 1.315039e-01
      vertex   -6.001930e-03 4.948986e-02 1.264063e-01
      vertex   -9.085151e-03 4.785326e-02 1.327154e-01
    endloop
  endfacet
  facet normal 3.934987e-01 7.963205e-01 4.593826e-01
    outer loop
      vertex   1.676853e-02 4.335623e-02 1.386401e-01
      vertex   2.067813e-02 3.949237e-02 1.419891e-01
      vertex   2.223219e-02 4.210407e-02 1.361306e-01
    endloop
  endfacet
  facet normal 8.707755e-02 6.469613e-01 7.575346e-01
    outer loop
      vertex   1.152681e-02 4.301864e-02 1.651932e-01
      vertex   1.126359e-02 4.688087e-02 1.619250e-01
      vertex   7.662024e-03 4.645782e-02 1.627003e-01
    endloop
  endfacet
  facet normal 7.218701e-01 -3.876801e-01 5.732431e-01
    outer loop
      vertex   4.280873e-02 -1.983175e-02 1.628374e-01
      vertex   4.466928e-02 -2.159865e-02 1.592996e-01
      vertex   4.563149e-02 -1.801245e-02 1.605132e-01
    endloop
  endfacet
  facet normal 2.864044e-01 9.396308e-01 1.872602e-01
    outer loop
      vertex   1.779409e-02 4.655084e-02 1.268900e-01
      vertex   1.155456e-02 4.801462e-02 1.290881e-01
      vertex   1.782799e-02 4.535503e-02 1.328384e-01
    endloop
  endfacet
  facet normal 2.133083e-01 9.453917e-01 2.464428e-01
    outer loop
      vertex   1.309040e-02 4.605317e-02 1.352831e-01
      vertex   1.155456e-02 4.801462e-02 1.290881e-01
      vertex   7.732641e-03 4.719922e-02 1.355241e-01
    endloop
  endfacet
  facet normal -2.511744e-02 8.906199e-01 4.540543e-01
    outer loop
      vertex   1.408221e-03 4.748086e-02 1.363763e-01
      vertex   -5.209008e-03 4.672430e-02 1.374942e-01
      vertex   -1.050389e-03 4.463128e-02 1.418297e-01
    endloop
  endfacet
  facet normal -1.054901e-01 8.521398e-01 5.125715e-01
    outer loop
      vertex   -1.050389e-03 4.463128e-02 1.418297e-01
      vertex   -5.209008e-03 4.672430e-02 1.374942e-01
      vertex   -7.198623e-03 4.284194e-02 1.435391e-01
    endloop
  endfacet
  facet normal -3.977355e-01 -8.065270e-01 -4.374022e-01
    outer loop
      vertex   -2.263776e-02 -4.228640e-02 1.130080e-01
      vertex   -2.226809e-02 -3.856946e-02 1.058182e-01
      vertex   -1.704326e-02 -4.114606e-02 1.058182e-01
    endloop
  endfacet
  facet normal -5.140482e-01 -5.888805e-03 -8.577411e-01
    outer loop
      vertex   -4.324687e-02 -3.134567e-03 1.491851e-01
      vertex   -4.534517e-02 -8.279034e-03 1.504779e-01
      vertex   -4.736931e-02 -5.010077e-03 1.516685e-01
    endloop
  endfacet
  facet normal 2.594804e-01 8.715965e-01 4.159200e-01
    outer loop
      vertex   1.122555e-02 4.431199e-02 1.400954e-01
      vertex   1.676853e-02 4.335623e-02 1.386401e-01
      vertex   1.309040e-02 4.605317e-02 1.352831e-01
    endloop
  endfacet
  facet normal -1.712595e-01 -8.609781e-01 -4.789435e-01
    outer loop
      vertex   -1.152681e-02 -4.301864e-02 1.058182e-01
      vertex   -5.813138e-03 -4.415516e-02 1.058182e-01
      vertex   -9.512670e-03 -4.574772e-02 1.100039e-01
    endloop
  endfacet
  facet normal -5.153070e-02 1.899066e-02 -9.984908e-01
    outer loop
      vertex   -4.268091e-02 2.462183e-03 1.492623e-01
      vertex   -3.900747e-02 -1.362171e-03 1.490000e-01
      vertex   -4.324687e-02 -3.134567e-03 1.491851e-01
    endloop
  endfacet
  facet normal -7.373930e-02 -1.182229e-01 -9.902454e-01
    outer loop
      vertex   -1.666192e-03 -4.317059e-02 1.492591e-01
      vertex   -7.289023e-03 -4.187966e-02 1.495237e-01
      vertex   -5.432100e-03 -3.865140e-02 1.490000e-01
    endloop
  endfacet
  facet normal -8.643566e-01 -3.320067e-01 3.777025e-01
    outer loop
      vertex   -4.411306e-02 -1.976823e-02 1.337660e-01
      vertex   -4.278527e-02 -1.750966e-02 1.387899e-01
      vertex   -4.604290e-02 -1.250696e-02 1.357324e-01
    endloop
  endfacet
  facet normal 2.143575e-02 9.603250e-01 2.780581e-01
    outer loop
      vertex   -2.474200e-03 4.897831e-02 1.315039e-01
      vertex   1.408221e-03 4.748086e-02 1.363763e-01
      vertex   4.195958e-03 4.903708e-02 1.307867e-01
    endloop
  endfacet
  facet normal -5.609715e-01 8.261389e-01 -5.296666e-02
    outer loop
      vertex   -2.345458e-02 4.400477e-02 1.233265e-01
      vertex   -2.941366e-02 3.963578e-02 1.182947e-01
      vertex   -2.744277e-02 4.151861e-02 1.267880e-01
    endloop
  endfacet
  facet normal -1.694391e-01 9.709325e-01 1.690578e-01
    outer loop
      vertex   -9.085151e-03 4.785326e-02 1.327154e-01
      vertex   -6.001930e-03 4.948986e-02 1.264063e-01
      vertex   -1.214188e-02 4.826930e-02 1.272624e-01
    endloop
  endfacet
  facet normal 1.529626e-01 8.841109e-01 4.415319e-01
    outer loop
      vertex   5.356390e-03 4.508708e-02 1.405766e-01
      vertex   1.122555e-02 4.431199e-02 1.400954e-01
      vertex   7.732641e-03 4.719922e-02 1.355241e-01
    endloop
  endfacet
  facet normal -7.994134e-01 -3.942274e-01 -4.533464e-01
    outer loop
      vertex   -4.114606e-02 -1.704326e-02 1.058182e-01
      vertex   -3.856946e-02 -2.226809e-02 1.058182e-01
      vertex   -4.321774e-02 -1.906498e-02 1.112294e-01
    endloop
  endfacet
  facet normal 1.604146e-01 9.855752e-01 -5.393191e-02
    outer loop
      vertex   6.278675e-03 4.947729e-02 1.257242e-01
      vertex   1.142923e-02 4.843544e-02 1.220047e-01
      vertex   4.247220e-03 4.950778e-02 1.202390e-01
    endloop
  endfacet
  facet normal -8.474785e-01 2.876797e-01 -4.461172e-01
    outer loop
      vertex   -4.301864e-02 1.152681e-02 1.058182e-01
      vertex   -4.565645e-02 1.243348e-02 1.114138e-01
      vertex   -4.114606e-02 1.704326e-02 1.058182e-01
    endloop
  endfacet
  facet normal -8.084219e-03 9.685363e-01 -2.487412e-01
    outer loop
      vertex   1.846148e-03 4.788371e-02 1.132071e-01
      vertex   -5.606034e-03 4.828372e-02 1.150069e-01
      vertex   -2.304137e-03 4.963247e-02 1.201513e-01
    endloop
  endfacet
  facet normal -1.225803e-01 9.764864e-01 -1.773367e-01
    outer loop
      vertex   -2.304137e-03 4.963247e-02 1.201513e-01
      vertex   -5.606034e-03 4.828372e-02 1.150069e-01
      vertex   -9.033002e-03 4.897345e-02 1.211736e-01
    endloop
  endfacet
  facet normal -8.486852e-01 3.118251e-01 -4.271986e-01
    outer loop
      vertex   -4.422312e-02 1.888697e-02 1.132769e-01
      vertex   -4.114606e-02 1.704326e-02 1.058182e-01
      vertex   -4.565645e-02 1.243348e-02 1.114138e-01
    endloop
  endfacet
  facet normal 1.861147e-01 9.548672e-01 2.314949e-01
    outer loop
      vertex   7.732641e-03 4.719922e-02 1.355241e-01
      vertex   1.155456e-02 4.801462e-02 1.290881e-01
      vertex   4.195958e-03 4.903708e-02 1.307867e-01
    endloop
  endfacet
  facet normal -9.732851e-02 7.147736e-02 -9.926823e-01
    outer loop
      vertex   -3.881743e-02 4.079876e-03 1.490000e-01
      vertex   -4.268091e-02 2.462183e-03 1.492623e-01
      vertex   -4.170702e-02 8.049504e-03 1.495691e-01
    endloop
  endfacet
  facet normal -4.762680e-01 8.754117e-01 -8.260212e-02
    outer loop
      vertex   -2.958319e-02 3.997773e-02 1.588146e-01
      vertex   -2.501761e-02 4.247169e-02 1.589212e-01
      vertex   -2.716798e-02 4.079239e-02 1.535227e-01
    endloop
  endfacet
  facet normal 8.356918e-01 -5.380889e-01 1.099071e-01
    outer loop
      vertex   4.267946e-02 -2.583347e-02 1.245155e-01
      vertex   4.328823e-02 -2.378632e-02 1.299092e-01
      vertex   3.963538e-02 -2.984154e-02 1.280386e-01
    endloop
  endfacet
  facet normal 9.227889e-01 -2.724231e-01 2.724817e-01
    outer loop
      vertex   4.583845e-02 -1.276982e-02 1.360855e-01
      vertex   4.602898e-02 -1.735880e-02 1.308523e-01
      vertex   4.813560e-02 -1.112166e-02 1.299537e-01
    endloop
  endfacet
  facet normal -9.036585e-01 -3.333341e-01 2.688674e-01
    outer loop
      vertex   -4.726384e-02 -1.494365e-02 1.582911e-01
      vertex   -4.603469e-02 -1.905007e-02 1.573313e-01
      vertex   -4.536941e-02 -1.798875e-02 1.608830e-01
    endloop
  endfacet
  facet normal 9.327838e-01 -3.604362e-01 -4.509507e-04
    outer loop
      vertex   4.744912e-02 -1.537829e-02 1.263236e-01
      vertex   4.542971e-02 -2.060344e-02 1.255673e-01
      vertex   4.659930e-02 -1.757111e-02 1.211651e-01
    endloop
  endfacet
  facet normal -9.594603e-01 -2.643234e-01 -9.782181e-02
    outer loop
      vertex   -4.726384e-02 -1.494365e-02 1.582911e-01
      vertex   -4.642826e-02 -1.633792e-02 1.538630e-01
      vertex   -4.603469e-02 -1.905007e-02 1.573313e-01
    endloop
  endfacet
  facet normal -8.793565e-01 1.749152e-01 -4.428733e-01
    outer loop
      vertex   -4.565645e-02 1.243348e-02 1.114138e-01
      vertex   -4.301864e-02 1.152681e-02 1.058182e-01
      vertex   -4.415516e-02 5.813138e-03 1.058182e-01
    endloop
  endfacet
  facet normal -2.033142e-01 9.541456e-01 -2.197034e-01
    outer loop
      vertex   -9.033002e-03 4.897345e-02 1.211736e-01
      vertex   -5.606034e-03 4.828372e-02 1.150069e-01
      vertex   -1.402193e-02 4.671065e-02 1.159633e-01
    endloop
  endfacet
  facet normal -6.850841e-01 -5.903685e-01 4.267608e-01
    outer loop
      vertex   -3.628728e-02 -3.116000e-02 1.352559e-01
      vertex   -3.256819e-02 -3.187266e-02 1.402403e-01
      vertex   -3.700948e-02 -2.705308e-02 1.397779e-01
    endloop
  endfacet
  facet normal -2.284928e-01 9.735371e-01 -4.079423e-03
    outer loop
      vertex   -1.214188e-02 4.826930e-02 1.272624e-01
      vertex   -9.033002e-03 4.897345e-02 1.211736e-01
      vertex   -1.436747e-02 4.772635e-02 1.223475e-01
    endloop
  endfacet
  facet normal 8.836719e-01 4.397763e-01 1.603769e-01
    outer loop
      vertex   4.322891e-02 2.496179e-02 1.259166e-01
      vertex   4.233029e-02 2.443941e-02 1.323004e-01
      vertex   4.594161e-02 1.946064e-02 1.260547e-01
    endloop
  endfacet
  facet normal -9.877799e-01 -8.580838e-02 -1.301067e-01
    outer loop
      vertex   -4.894029e-02 -7.838107e-03 1.195959e-01
      vertex   -4.990020e-02 -2.093332e-03 1.230948e-01
      vertex   -4.913440e-02 -1.828159e-03 1.171059e-01
    endloop
  endfacet
  facet normal -1.929483e-01 9.810951e-01 1.494311e-02
    outer loop
      vertex   -9.033002e-03 4.897345e-02 1.211736e-01
      vertex   -1.214188e-02 4.826930e-02 1.272624e-01
      vertex   -6.001930e-03 4.948986e-02 1.264063e-01
    endloop
  endfacet
  facet normal -6.859548e-01 6.195048e-01 3.816803e-01
    outer loop
      vertex   -3.475638e-02 3.371609e-02 1.337369e-01
      vertex   -3.803105e-02 2.873791e-02 1.359318e-01
      vertex   -3.331481e-02 3.171122e-02 1.395818e-01
    endloop
  endfacet
  facet normal -7.410971e-01 5.156270e-01 4.300044e-01
    outer loop
      vertex   -3.655301e-02 2.690492e-02 1.406771e-01
      vertex   -3.803105e-02 2.873791e-02 1.359318e-01
      vertex   -4.034286e-02 2.328886e-02 1.384815e-01
    endloop
  endfacet
  facet normal 9.267292e-01 -8.845287e-02 3.651699e-01
    outer loop
      vertex   4.801368e-02 -6.741390e-03 1.334936e-01
      vertex   4.814204e-02 -1.001056e-03 1.345583e-01
      vertex   4.601498e-02 -5.687617e-03 1.388212e-01
    endloop
  endfacet
  facet normal -5.182946e-02 9.422480e-01 3.308812e-01
    outer loop
      vertex   1.408221e-03 4.748086e-02 1.363763e-01
      vertex   -2.474200e-03 4.897831e-02 1.315039e-01
      vertex   -5.209008e-03 4.672430e-02 1.374942e-01
    endloop
  endfacet
  facet normal -8.350236e-01 3.556165e-01 4.198481e-01
    outer loop
      vertex   -4.034286e-02 2.328886e-02 1.384815e-01
      vertex   -4.476952e-02 1.771153e-02 1.344015e-01
      vertex   -4.211534e-02 1.601956e-02 1.411135e-01
    endloop
  endfacet
  facet normal -1.598578e-01 8.536762e-01 4.956636e-01
    outer loop
      vertex   -7.198623e-03 4.284194e-02 1.435391e-01
      vertex   -5.209008e-03 4.672430e-02 1.374942e-01
      vertex   -1.244730e-02 4.481598e-02 1.384465e-01
    endloop
  endfacet
  facet normal -1.910712e-01 9.092582e-01 3.697856e-01
    outer loop
      vertex   -9.085151e-03 4.785326e-02 1.327154e-01
      vertex   -1.244730e-02 4.481598e-02 1.384465e-01
      vertex   -5.209008e-03 4.672430e-02 1.374942e-01
    endloop
  endfacet
  facet normal -9.078207e-01 -2.025173e-01 -3.672171e-01
    outer loop
      vertex   -4.667267e-02 -1.233070e-02 1.522573e-01
      vertex   -4.642826e-02 -1.633792e-02 1.538630e-01
      vertex   -4.817927e-02 -1.241385e-02 1.560277e-01
    endloop
  endfacet
  facet normal -9.225949e-01 -3.819984e-01 -5.381336e-02
    outer loop
      vertex   -4.726384e-02 -1.494365e-02 1.582911e-01
      vertex   -4.817927e-02 -1.241385e-02 1.560277e-01
      vertex   -4.642826e-02 -1.633792e-02 1.538630e-01
    endloop
  endfacet
  facet normal -8.467759e-01 -1.869107e-02 -5.316213e-01
    outer loop
      vertex   -4.708443e-02 -3.515504e-04 1.510510e-01
      vertex   -4.736931e-02 -5.010077e-03 1.516685e-01
      vertex   -4.949969e-02 -1.646645e-03 1.549436e-01
    endloop
  endfacet
  facet normal -3.098325e-01 8.055601e-01 5.050513e-01
    outer loop
      vertex   -1.244730e-02 4.481598e-02 1.384465e-01
      vertex   -1.978414e-02 4.269394e-02 1.373302e-01
      vertex   -1.458555e-02 4.027291e-02 1.443810e-01
    endloop
  endfacet
  facet normal -3.469612e-01 7.784402e-01 5.231145e-01
    outer loop
      vertex   -1.458555e-02 4.027291e-02 1.443810e-01
      vertex   -1.978414e-02 4.269394e-02 1.373302e-01
      vertex   -2.187367e-02 3.815647e-02 1.426965e-01
    endloop
  endfacet
  facet normal -2.835823e-01 9.027178e-01 -3.235456e-01
    outer loop
      vertex   -9.428713e-03 4.710001e-02 1.727345e-01
      vertex   -1.708817e-02 4.366272e-02 1.698575e-01
      vertex   -1.632006e-02 4.636429e-02 1.767219e-01
    endloop
  endfacet
  facet normal 9.838659e-01 1.001482e-01 -1.482504e-01
    outer loop
      vertex   4.820624e-02 8.730772e-03 1.163887e-01
      vertex   4.951589e-02 6.008296e-03 1.232410e-01
      vertex   4.910198e-02 1.017125e-03 1.171224e-01
    endloop
  endfacet
  facet normal -9.986762e-01 4.848411e-02 -1.717743e-02
    outer loop
      vertex   -4.956626e-02 3.767325e-03 1.202217e-01
      vertex   -4.990020e-02 -2.093332e-03 1.230948e-01
      vertex   -4.969543e-02 3.383075e-03 1.266472e-01
    endloop
  endfacet
  facet normal -6.222381e-01 7.777986e-01 8.859480e-02
    outer loop
      vertex   -3.220840e-02 3.808362e-02 1.234737e-01
      vertex   -3.125955e-02 3.801788e-02 1.307151e-01
      vertex   -2.744277e-02 4.151861e-02 1.267880e-01
    endloop
  endfacet
  facet normal 9.328119e-01 2.416461e-01 2.673372e-01
    outer loop
      vertex   4.591479e-02 1.247320e-02 1.360519e-01
      vertex   4.851090e-02 9.336725e-03 1.298285e-01
      vertex   4.657842e-02 1.594778e-02 1.305957e-01
    endloop
  endfacet
  facet normal -8.684277e-01 -2.737928e-01 -4.133652e-01
    outer loop
      vertex   -4.644575e-02 -1.288141e-02 1.139153e-01
      vertex   -4.301864e-02 -1.152681e-02 1.058182e-01
      vertex   -4.321774e-02 -1.906498e-02 1.112294e-01
    endloop
  endfacet
  facet normal -3.817688e-01 -9.122262e-01 1.486474e-01
    outer loop
      vertex   -1.612126e-02 -4.724131e-02 1.251163e-01
      vertex   -1.654027e-02 -4.583519e-02 1.326693e-01
      vertex   -2.356272e-02 -4.379338e-02 1.271639e-01
    endloop
  endfacet
  facet normal -7.353879e-01 4.913702e-01 -4.666477e-01
    outer loop
      vertex   -4.098601e-02 2.366328e-02 1.110955e-01
      vertex   -3.533293e-02 2.711191e-02 1.058182e-01
      vertex   -3.856946e-02 2.226809e-02 1.058182e-01
    endloop
  endfacet
  facet normal 8.621315e-01 -2.011283e-01 4.650555e-01
    outer loop
      vertex   4.601498e-02 -5.687617e-03 1.388212e-01
      vertex   4.283884e-02 -1.040466e-02 1.426691e-01
      vertex   4.583845e-02 -1.276982e-02 1.360855e-01
    endloop
  endfacet
  facet normal -1.735137e-01 -8.376680e-01 5.178853e-01
    outer loop
      vertex   -9.689944e-03 -4.185662e-02 1.443293e-01
      vertex   -1.305642e-02 -4.424751e-02 1.393341e-01
      vertex   -5.577471e-03 -4.553969e-02 1.397498e-01
    endloop
  endfacet
  facet normal 7.526705e-01 5.705404e-01 3.285891e-01
    outer loop
      vertex   3.862969e-02 2.950217e-02 1.916778e-01
      vertex   3.618387e-02 2.965169e-02 1.970206e-01
      vertex   4.179981e-02 2.413313e-02 1.937387e-01
    endloop
  endfacet
  facet normal -3.725539e-01 9.264545e-01 -5.371927e-02
    outer loop
      vertex   -1.804478e-02 4.647642e-02 1.262939e-01
      vertex   -1.436747e-02 4.772635e-02 1.223475e-01
      vertex   -1.912147e-02 4.563320e-02 1.192185e-01
    endloop
  endfacet
  facet normal -6.680215e-01 -6.701327e-01 3.235265e-01
    outer loop
      vertex   -3.363341e-02 -3.570865e-02 1.313138e-01
      vertex   -3.054770e-02 -3.632856e-02 1.364012e-01
      vertex   -3.628728e-02 -3.116000e-02 1.352559e-01
    endloop
  endfacet
  facet normal -5.433715e-01 8.155827e-01 1.989280e-01
    outer loop
      vertex   -2.744277e-02 4.151861e-02 1.267880e-01
      vertex   -3.125955e-02 3.801788e-02 1.307151e-01
      vertex   -2.595009e-02 4.068829e-02 1.342695e-01
    endloop
  endfacet
  facet normal -2.946977e-01 9.551823e-01 2.792709e-02
    outer loop
      vertex   -1.214188e-02 4.826930e-02 1.272624e-01
      vertex   -1.436747e-02 4.772635e-02 1.223475e-01
      vertex   -1.804478e-02 4.647642e-02 1.262939e-01
    endloop
  endfacet
  facet normal -7.775702e-01 6.259553e-01 5.970302e-02
    outer loop
      vertex   -3.557904e-02 3.476004e-02 1.268843e-01
      vertex   -3.962326e-02 3.017251e-02 1.223105e-01
      vertex   -3.933752e-02 2.979583e-02 1.299811e-01
    endloop
  endfacet
  facet normal -4.097466e-01 -8.229865e-01 -3.934475e-01
    outer loop
      vertex   -1.811870e-02 -4.481291e-02 1.524440e-01
      vertex   -1.914155e-02 -4.589386e-02 1.557703e-01
      vertex   -2.215420e-02 -4.269598e-02 1.522187e-01
    endloop
  endfacet
  facet normal -3.095713e-01 8.768954e-01 3.677229e-01
    outer loop
      vertex   -1.244730e-02 4.481598e-02 1.384465e-01
      vertex   -1.596953e-02 4.599172e-02 1.326775e-01
      vertex   -1.978414e-02 4.269394e-02 1.373302e-01
    endloop
  endfacet
  facet normal -4.715812e-01 7.553382e-01 4.550554e-01
    outer loop
      vertex   -1.978414e-02 4.269394e-02 1.373302e-01
      vertex   -2.595009e-02 4.068829e-02 1.342695e-01
      vertex   -2.187367e-02 3.815647e-02 1.426965e-01
    endloop
  endfacet
  facet normal -5.889735e-01 -6.715954e-01 -4.495218e-01
    outer loop
      vertex   -2.711191e-02 -3.533293e-02 1.058182e-01
      vertex   -3.119638e-02 -3.585682e-02 1.119525e-01
      vertex   -3.149183e-02 -3.149183e-02 1.058182e-01
    endloop
  endfacet
  facet normal -2.247995e-01 -9.383702e-01 -2.625385e-01
    outer loop
      vertex   -1.428371e-02 -4.752158e-02 1.194505e-01
      vertex   -1.571603e-02 -4.564922e-02 1.139847e-01
      vertex   -7.520000e-03 -4.852879e-02 1.172591e-01
    endloop
  endfacet
  facet normal -4.610932e-01 -8.175418e-01 -3.449905e-01
    outer loop
      vertex   -2.374211e-02 -4.334231e-02 1.558726e-01
      vertex   -2.215420e-02 -4.269598e-02 1.522187e-01
      vertex   -1.914155e-02 -4.589386e-02 1.557703e-01
    endloop
  endfacet
  facet normal 6.993826e-01 -4.262216e-01 -5.737587e-01
    outer loop
      vertex   4.078094e-02 -2.770918e-02 1.541951e-01
      vertex   4.050155e-02 -2.419199e-02 1.512417e-01
      vertex   4.390235e-02 -2.292705e-02 1.544475e-01
    endloop
  endfacet
  facet normal -3.519081e-01 -8.426874e-01 -4.074785e-01
    outer loop
      vertex   -2.263776e-02 -4.228640e-02 1.130080e-01
      vertex   -1.704326e-02 -4.114606e-02 1.058182e-01
      vertex   -1.571603e-02 -4.564922e-02 1.139847e-01
    endloop
  endfacet
  facet normal -3.587835e-01 8.947445e-01 -2.659074e-01
    outer loop
      vertex   -1.402193e-02 4.671065e-02 1.159633e-01
      vertex   -1.949905e-02 4.321330e-02 1.115854e-01
      vertex   -1.912147e-02 4.563320e-02 1.192185e-01
    endloop
  endfacet
  facet normal -2.871934e-01 -8.577737e-01 -4.263147e-01
    outer loop
      vertex   -1.571603e-02 -4.564922e-02 1.139847e-01
      vertex   -1.704326e-02 -4.114606e-02 1.058182e-01
      vertex   -9.512670e-03 -4.574772e-02 1.100039e-01
    endloop
  endfacet
  facet normal -7.207017e-01 6.909947e-01 -5.581581e-02
    outer loop
      vertex   -3.962326e-02 3.017251e-02 1.223105e-01
      vertex   -3.557904e-02 3.476004e-02 1.268843e-01
      vertex   -3.444167e-02 3.522748e-02 1.179852e-01
    endloop
  endfacet
  facet normal -1.044554e-01 9.455970e-01 3.081158e-01
    outer loop
      vertex   -2.474200e-03 4.897831e-02 1.315039e-01
      vertex   -9.085151e-03 4.785326e-02 1.327154e-01
      vertex   -5.209008e-03 4.672430e-02 1.374942e-01
    endloop
  endfacet
  facet normal -4.690607e-01 7.572867e-01 4.544216e-01
    outer loop
      vertex   -2.187367e-02 3.815647e-02 1.426965e-01
      vertex   -2.595009e-02 4.068829e-02 1.342695e-01
      vertex   -2.952806e-02 3.657855e-02 1.374251e-01
    endloop
  endfacet
  facet normal -2.917224e-01 -8.593878e-01 -4.199412e-01
    outer loop
      vertex   -1.152681e-02 -4.301864e-02 1.058182e-01
      vertex   -9.512670e-03 -4.574772e-02 1.100039e-01
      vertex   -1.704326e-02 -4.114606e-02 1.058182e-01
    endloop
  endfacet
  facet normal 4.240872e-01 8.991713e-01 -1.078930e-01
    outer loop
      vertex   1.784006e-02 4.645195e-02 1.211193e-01
      vertex   2.318342e-02 4.422146e-02 1.235333e-01
      vertex   2.249905e-02 4.381164e-02 1.174279e-01
    endloop
  endfacet
  facet normal 5.347917e-01 8.449233e-01 -1.012339e-02
    outer loop
      vertex   2.804901e-02 4.110585e-02 1.205327e-01
      vertex   2.318342e-02 4.422146e-02 1.235333e-01
      vertex   2.809647e-02 4.115490e-02 1.271346e-01
    endloop
  endfacet
  facet normal -4.942404e-01 7.068238e-01 5.060895e-01
    outer loop
      vertex   -2.691152e-02 3.351640e-02 1.442571e-01
      vertex   -2.187367e-02 3.815647e-02 1.426965e-01
      vertex   -2.952806e-02 3.657855e-02 1.374251e-01
    endloop
  endfacet
  facet normal 4.613277e-01 7.764572e-01 -4.292912e-01
    outer loop
      vertex   2.061855e-02 4.256200e-02 1.112668e-01
      vertex   2.707161e-02 3.954833e-02 1.127507e-01
      vertex   2.226809e-02 3.856946e-02 1.058182e-01
    endloop
  endfacet
  facet normal -6.279141e-01 7.342933e-01 -2.579482e-01
    outer loop
      vertex   -2.941366e-02 3.963578e-02 1.182947e-01
      vertex   -3.053732e-02 3.634826e-02 1.116715e-01
      vertex   -3.444167e-02 3.522748e-02 1.179852e-01
    endloop
  endfacet
  facet normal 7.285569e-01 5.297432e-01 -4.342544e-01
    outer loop
      vertex   3.833698e-02 2.887912e-02 1.130140e-01
      vertex   4.098601e-02 2.366328e-02 1.110955e-01
      vertex   3.533293e-02 2.711191e-02 1.058182e-01
    endloop
  endfacet
  facet normal 5.872449e-01 -2.406185e-02 -8.090516e-01
    outer loop
      vertex   4.838970e-02 2.462056e-03 1.525155e-01
      vertex   4.702362e-02 -1.436990e-03 1.516399e-01
      vertex   4.579167e-02 2.010528e-03 1.506432e-01
    endloop
  endfacet
  facet normal -7.128349e-01 6.483175e-01 -2.674898e-01
    outer loop
      vertex   -3.444167e-02 3.522748e-02 1.179852e-01
      vertex   -3.458694e-02 3.245161e-02 1.116445e-01
      vertex   -3.882799e-02 2.892269e-02 1.143934e-01
    endloop
  endfacet
  facet normal -7.585588e-01 6.275900e-01 -1.752691e-01
    outer loop
      vertex   -3.444167e-02 3.522748e-02 1.179852e-01
      vertex   -3.882799e-02 2.892269e-02 1.143934e-01
      vertex   -3.962326e-02 3.017251e-02 1.223105e-01
    endloop
  endfacet
  facet normal -7.888637e-01 5.899024e-01 -1.723637e-01
    outer loop
      vertex   -4.267799e-02 2.463634e-02 1.173441e-01
      vertex   -3.962326e-02 3.017251e-02 1.223105e-01
      vertex   -3.882799e-02 2.892269e-02 1.143934e-01
    endloop
  endfacet
  facet normal 3.450491e-01 8.832407e-01 -3.175328e-01
    outer loop
      vertex   2.061855e-02 4.256200e-02 1.112668e-01
      vertex   1.531909e-02 4.431171e-02 1.103751e-01
      vertex   1.554225e-02 4.631688e-02 1.161951e-01
    endloop
  endfacet
  facet normal -5.562422e-01 6.577828e-01 5.078547e-01
    outer loop
      vertex   -3.331481e-02 3.171122e-02 1.395818e-01
      vertex   -2.691152e-02 3.351640e-02 1.442571e-01
      vertex   -2.952806e-02 3.657855e-02 1.374251e-01
    endloop
  endfacet
  facet normal -6.422740e-01 -3.731635e-01 6.695022e-01
    outer loop
      vertex   -4.206367e-02 -2.429429e-02 1.604945e-01
      vertex   -3.899837e-02 -2.557595e-02 1.627208e-01
      vertex   -4.182279e-02 -2.069047e-02 1.627343e-01
    endloop
  endfacet
  facet normal -9.612984e-01 -2.172984e-01 1.693717e-01
    outer loop
      vertex   -4.713502e-02 -1.504047e-02 1.288930e-01
      vertex   -4.844027e-02 -6.814024e-03 1.320391e-01
      vertex   -4.928550e-02 -7.841358e-03 1.259237e-01
    endloop
  endfacet
  facet normal -5.746880e-01 6.015946e-01 5.548133e-01
    outer loop
      vertex   -2.691152e-02 3.351640e-02 1.442571e-01
      vertex   -3.331481e-02 3.171122e-02 1.395818e-01
      vertex   -3.233066e-02 2.789760e-02 1.447364e-01
    endloop
  endfacet
  facet normal -6.412600e-01 5.532160e-01 5.317308e-01
    outer loop
      vertex   -3.233066e-02 2.789760e-02 1.447364e-01
      vertex   -3.331481e-02 3.171122e-02 1.395818e-01
      vertex   -3.655301e-02 2.690492e-02 1.406771e-01
    endloop
  endfacet
  facet normal -8.029986e-01 5.162306e-01 -2.978242e-01
    outer loop
      vertex   -4.267799e-02 2.463634e-02 1.173441e-01
      vertex   -3.882799e-02 2.892269e-02 1.143934e-01
      vertex   -4.098601e-02 2.366328e-02 1.110955e-01
    endloop
  endfacet
  facet normal -6.637988e-01 4.808099e-01 5.728813e-01
    outer loop
      vertex   -3.233066e-02 2.789760e-02 1.447364e-01
      vertex   -3.655301e-02 2.690492e-02 1.406771e-01
      vertex   -3.732212e-02 2.154794e-02 1.442819e-01
    endloop
  endfacet
  facet normal -6.189263e-01 -3.214023e-01 7.166804e-01
    outer loop
      vertex   -4.182279e-02 -2.069047e-02 1.627343e-01
      vertex   -4.379863e-02 -1.549533e-02 1.633578e-01
      vertex   -4.536941e-02 -1.798875e-02 1.608830e-01
    endloop
  endfacet
  facet normal -7.053108e-01 -6.940865e-01 1.441549e-01
    outer loop
      vertex   -3.363341e-02 -3.570865e-02 1.313138e-01
      vertex   -3.775162e-02 -3.174112e-02 1.302677e-01
      vertex   -3.595986e-02 -3.457954e-02 1.253676e-01
    endloop
  endfacet
  facet normal -1.565398e-01 2.760220e-02 -9.872859e-01
    outer loop
      vertex   -3.881743e-02 4.079876e-03 1.490000e-01
      vertex   -4.170702e-02 8.049504e-03 1.495691e-01
      vertex   -3.787185e-02 9.442513e-03 1.490000e-01
    endloop
  endfacet
  facet normal 4.830476e-01 8.673160e-01 -1.201161e-01
    outer loop
      vertex   2.429074e-02 4.336738e-02 1.571428e-01
      vertex   2.553958e-02 4.224918e-02 1.540909e-01
      vertex   2.039031e-02 4.526789e-02 1.551801e-01
    endloop
  endfacet
  facet normal 7.032691e-01 6.981850e-01 -1.339785e-01
    outer loop
      vertex   3.254027e-02 3.715707e-02 1.180832e-01
      vertex   3.653641e-02 3.397611e-02 1.224829e-01
      vertex   3.631988e-02 3.309704e-02 1.167653e-01
    endloop
  endfacet
  facet normal 7.353879e-01 4.913702e-01 -4.666477e-01
    outer loop
      vertex   3.856946e-02 2.226809e-02 1.058182e-01
      vertex   3.533293e-02 2.711191e-02 1.058182e-01
      vertex   4.098601e-02 2.366328e-02 1.110955e-01
    endloop
  endfacet
  facet normal 3.918772e-01 7.946475e-01 -4.636460e-01
    outer loop
      vertex   2.061855e-02 4.256200e-02 1.112668e-01
      vertex   2.226809e-02 3.856946e-02 1.058182e-01
      vertex   1.704326e-02 4.114606e-02 1.058182e-01
    endloop
  endfacet
  facet normal 3.474188e-01 8.265901e-01 -4.427742e-01
    outer loop
      vertex   2.061855e-02 4.256200e-02 1.112668e-01
      vertex   1.704326e-02 4.114606e-02 1.058182e-01
      vertex   1.531909e-02 4.431171e-02 1.103751e-01
    endloop
  endfacet
  facet normal 2.832843e-01 8.345302e-01 -4.725562e-01
    outer loop
      vertex   1.704326e-02 4.114606e-02 1.058182e-01
      vertex   1.152681e-02 4.301864e-02 1.058182e-01
      vertex   1.531909e-02 4.431171e-02 1.103751e-01
    endloop
  endfacet
  facet normal -3.940354e-01 7.990240e-01 -4.541991e-01
    outer loop
      vertex   -1.704326e-02 4.114606e-02 1.058182e-01
      vertex   -2.226809e-02 3.856946e-02 1.058182e-01
      vertex   -1.949905e-02 4.321330e-02 1.115854e-01
    endloop
  endfacet
  facet normal 3.610264e-02 -9.946631e-01 -9.665402e-02
    outer loop
      vertex   -1.174415e-16 -4.941224e-02 1.180552e-01
      vertex   5.332888e-03 -4.954929e-02 1.214575e-01
      vertex   1.416285e-09 -4.996701e-02 1.237643e-01
    endloop
  endfacet
  facet normal 8.450796e-02 -9.963106e-01 1.495324e-02
    outer loop
      vertex   1.416285e-09 -4.996701e-02 1.237643e-01
      vertex   5.332888e-03 -4.954929e-02 1.214575e-01
      vertex   5.420403e-03 -4.944533e-02 1.278900e-01
    endloop
  endfacet
  facet normal 3.342742e-02 -9.960688e-01 8.203376e-02
    outer loop
      vertex   1.416285e-09 -4.996701e-02 1.237643e-01
      vertex   5.420403e-03 -4.944533e-02 1.278900e-01
      vertex   1.033669e-10 -4.949642e-02 1.294783e-01
    endloop
  endfacet
  facet normal -3.683183e-02 4.566242e-01 8.888969e-01
    outer loop
      vertex   -4.899231e-03 2.358659e-02 2.183130e-01
      vertex   1.679211e-03 2.815712e-02 2.162377e-01
      vertex   -6.406312e-03 2.891305e-02 2.155144e-01
    endloop
  endfacet
  facet normal 5.737391e-02 -8.950045e-01 4.423518e-01
    outer loop
      vertex   -1.289843e-16 -4.480107e-02 1.417604e-01
      vertex   2.832570e-06 -4.775977e-02 1.357738e-01
      vertex   6.281456e-03 -4.508966e-02 1.403618e-01
    endloop
  endfacet
  facet normal 4.007904e-02 -9.632237e-01 2.656948e-01
    outer loop
      vertex   5.712004e-03 -4.792447e-02 1.343155e-01
      vertex   2.832570e-06 -4.775977e-02 1.357738e-01
      vertex   1.033669e-10 -4.949642e-02 1.294783e-01
    endloop
  endfacet
  facet normal 7.550271e-02 -9.710982e-01 2.264236e-01
    outer loop
      vertex   5.712004e-03 -4.792447e-02 1.343155e-01
      vertex   1.033669e-10 -4.949642e-02 1.294783e-01
      vertex   5.420403e-03 -4.944533e-02 1.278900e-01
    endloop
  endfacet
  facet normal 1.425306e-01 -9.646085e-01 2.218457e-01
    outer loop
      vertex   5.712004e-03 -4.792447e-02 1.343155e-01
      vertex   5.420403e-03 -4.944533e-02 1.278900e-01
      vertex   1.045362e-02 -4.776521e-02 1.319616e-01
    endloop
  endfacet
  facet normal -9.626050e-01 -2.656636e-01 5.305232e-02
    outer loop
      vertex   -4.713502e-02 -1.504047e-02 1.288930e-01
      vertex   -4.928550e-02 -7.841358e-03 1.259237e-01
      vertex   -4.795229e-02 -1.345997e-02 1.219785e-01
    endloop
  endfacet
  facet normal -1.091870e-01 2.164798e-01 9.701622e-01
    outer loop
      vertex   -5.300844e-03 1.667140e-02 2.208124e-01
      vertex   -1.067521e-02 1.284580e-02 2.210612e-01
      vertex   -5.605028e-03 1.006964e-02 2.222512e-01
    endloop
  endfacet
  facet normal -4.305472e-01 7.926991e-01 -4.315753e-01
    outer loop
      vertex   -1.949905e-02 4.321330e-02 1.115854e-01
      vertex   -2.226809e-02 3.856946e-02 1.058182e-01
      vertex   -2.569232e-02 3.993482e-02 1.117421e-01
    endloop
  endfacet
  facet normal -7.880504e-01 -3.630150e-01 4.971888e-01
    outer loop
      vertex   -4.056443e-02 -2.263514e-02 1.385677e-01
      vertex   -3.974715e-02 -1.733281e-02 1.437345e-01
      vertex   -4.278527e-02 -1.750966e-02 1.387899e-01
    endloop
  endfacet
  facet normal -9.456483e-01 -2.599827e-01 -1.953414e-01
    outer loop
      vertex   -4.644575e-02 -1.288141e-02 1.139153e-01
      vertex   -4.560429e-02 -1.793413e-02 1.165666e-01
      vertex   -4.795229e-02 -1.345997e-02 1.219785e-01
    endloop
  endfacet
  facet normal 5.831197e-01 -7.299755e-01 -3.565209e-01
    outer loop
      vertex   3.079896e-02 -3.787565e-02 1.155543e-01
      vertex   2.670678e-02 -3.902206e-02 1.112084e-01
      vertex   3.130794e-02 -3.528875e-02 1.110901e-01
    endloop
  endfacet
  facet normal 8.366734e-01 -5.413839e-01 -8.295233e-02
    outer loop
      vertex   3.973249e-02 -2.970821e-02 1.200801e-01
      vertex   4.382529e-02 -2.334677e-02 1.198433e-01
      vertex   4.267946e-02 -2.583347e-02 1.245155e-01
    endloop
  endfacet
  facet normal 8.870328e-01 -4.608717e-01 -2.775104e-02
    outer loop
      vertex   4.267946e-02 -2.583347e-02 1.245155e-01
      vertex   4.382529e-02 -2.334677e-02 1.198433e-01
      vertex   4.542971e-02 -2.060344e-02 1.255673e-01
    endloop
  endfacet
  facet normal 9.669431e-01 -6.724301e-02 2.459665e-01
    outer loop
      vertex   4.801368e-02 -6.741390e-03 1.334936e-01
      vertex   4.938063e-02 -4.442474e-03 1.287484e-01
      vertex   4.814204e-02 -1.001056e-03 1.345583e-01
    endloop
  endfacet
  facet normal 8.469032e-01 4.404851e-01 -2.978722e-01
    outer loop
      vertex   4.267469e-02 2.464205e-02 1.173441e-01
      vertex   4.421289e-02 1.945515e-02 1.140473e-01
      vertex   4.098601e-02 2.366328e-02 1.110955e-01
    endloop
  endfacet
  facet normal -6.703026e-01 5.878398e-01 -4.529225e-01
    outer loop
      vertex   -3.458694e-02 3.245161e-02 1.116445e-01
      vertex   -3.149183e-02 3.149183e-02 1.058182e-01
      vertex   -3.533293e-02 2.711191e-02 1.058182e-01
    endloop
  endfacet
  facet normal -4.766315e-01 -8.786319e-01 -2.878325e-02
    outer loop
      vertex   -2.070182e-02 -4.510583e-02 1.198528e-01
      vertex   -2.356272e-02 -4.379338e-02 1.271639e-01
      vertex   -2.686113e-02 -4.177192e-02 1.200766e-01
    endloop
  endfacet
  facet normal -3.552168e-01 -9.322271e-01 -6.909172e-02
    outer loop
      vertex   -1.612126e-02 -4.724131e-02 1.251163e-01
      vertex   -2.070182e-02 -4.510583e-02 1.198528e-01
      vertex   -1.428371e-02 -4.752158e-02 1.194505e-01
    endloop
  endfacet
  facet normal 7.713427e-01 -5.853376e-01 -2.498205e-01
    outer loop
      vertex   3.626449e-02 -3.129767e-02 1.130964e-01
      vertex   4.084495e-02 -2.535707e-02 1.133200e-01
      vertex   3.973249e-02 -2.970821e-02 1.200801e-01
    endloop
  endfacet
  facet normal 8.187816e-01 -5.345772e-01 -2.093416e-01
    outer loop
      vertex   3.973249e-02 -2.970821e-02 1.200801e-01
      vertex   4.084495e-02 -2.535707e-02 1.133200e-01
      vertex   4.382529e-02 -2.334677e-02 1.198433e-01
    endloop
  endfacet
  facet normal 9.047488e-01 -4.228910e-01 -5.091979e-02
    outer loop
      vertex   4.542971e-02 -2.060344e-02 1.255673e-01
      vertex   4.382529e-02 -2.334677e-02 1.198433e-01
      vertex   4.659930e-02 -1.757111e-02 1.211651e-01
    endloop
  endfacet
  facet normal 9.704770e-02 9.012078e-01 4.223817e-01
    outer loop
      vertex   1.408221e-03 4.748086e-02 1.363763e-01
      vertex   5.356390e-03 4.508708e-02 1.405766e-01
      vertex   7.732641e-03 4.719922e-02 1.355241e-01
    endloop
  endfacet
  facet normal -9.300733e-01 -3.633185e-01 -5.443727e-02
    outer loop
      vertex   -4.946172e-02 -6.091103e-03 1.567718e-01
      vertex   -4.798748e-02 -9.405817e-03 1.537068e-01
      vertex   -4.787612e-02 -1.050474e-02 1.591385e-01
    endloop
  endfacet
  facet normal 9.743564e-01 -2.146624e-01 6.745189e-02
    outer loop
      vertex   4.744912e-02 -1.537829e-02 1.263236e-01
      vertex   4.873258e-02 -1.047258e-02 1.233960e-01
      vertex   4.813560e-02 -1.112166e-02 1.299537e-01
    endloop
  endfacet
  facet normal 9.673435e-01 -1.424845e-01 2.096300e-01
    outer loop
      vertex   4.801368e-02 -6.741390e-03 1.334936e-01
      vertex   4.813560e-02 -1.112166e-02 1.299537e-01
      vertex   4.938063e-02 -4.442474e-03 1.287484e-01
    endloop
  endfacet
  facet normal 9.827500e-01 -1.700806e-01 7.262868e-02
    outer loop
      vertex   4.873258e-02 -1.047258e-02 1.233960e-01
      vertex   4.938063e-02 -4.442474e-03 1.287484e-01
      vertex   4.813560e-02 -1.112166e-02 1.299537e-01
    endloop
  endfacet
  facet normal -5.858493e-02 -8.938362e-01 -4.445498e-01
    outer loop
      vertex   -1.116843e-16 -4.453618e-02 1.058182e-01
      vertex   -1.145707e-16 -4.784347e-02 1.124680e-01
      vertex   -5.813138e-03 -4.415516e-02 1.058182e-01
    endloop
  endfacet
  facet normal 9.807550e-02 -9.762750e-01 -1.930499e-01
    outer loop
      vertex   5.332888e-03 -4.954929e-02 1.214575e-01
      vertex   -1.174415e-16 -4.941224e-02 1.180552e-01
      vertex   5.234867e-03 -4.826655e-02 1.149208e-01
    endloop
  endfacet
  facet normal 1.103742e-01 9.594734e-01 -2.592843e-01
    outer loop
      vertex   4.247220e-03 4.950778e-02 1.202390e-01
      vertex   9.213833e-03 4.712351e-02 1.135304e-01
      vertex   1.846148e-03 4.788371e-02 1.132071e-01
    endloop
  endfacet
  facet normal 6.916995e-01 -1.076946e-01 -7.141105e-01
    outer loop
      vertex   4.895306e-02 -4.673588e-03 1.537342e-01
      vertex   4.833729e-02 -9.023391e-03 1.537938e-01
      vertex   4.610295e-02 -6.179546e-03 1.512007e-01
    endloop
  endfacet
  facet normal -2.975004e-01 8.514512e-01 -4.318847e-01
    outer loop
      vertex   -1.949905e-02 4.321330e-02 1.115854e-01
      vertex   -1.094176e-02 4.559142e-02 1.103791e-01
      vertex   -1.704326e-02 4.114606e-02 1.058182e-01
    endloop
  endfacet
  facet normal 2.525704e-01 9.117831e-01 -3.238206e-01
    outer loop
      vertex   1.554225e-02 4.631688e-02 1.161951e-01
      vertex   1.531909e-02 4.431171e-02 1.103751e-01
      vertex   9.213833e-03 4.712351e-02 1.135304e-01
    endloop
  endfacet
  facet normal 2.760808e-01 3.564267e-01 8.926026e-01
    outer loop
      vertex   1.794948e-02 2.333390e-02 2.154614e-01
      vertex   1.238649e-02 2.223353e-02 2.176214e-01
      vertex   1.720037e-02 1.672963e-02 2.183302e-01
    endloop
  endfacet
  facet normal 6.750767e-01 5.920265e-01 -4.402001e-01
    outer loop
      vertex   3.149183e-02 3.149183e-02 1.058182e-01
      vertex   3.298677e-02 3.388371e-02 1.113276e-01
      vertex   3.533293e-02 2.711191e-02 1.058182e-01
    endloop
  endfacet
  facet normal -6.619972e-01 -6.998270e-01 -2.683317e-01
    outer loop
      vertex   -3.283642e-02 -3.700945e-02 1.190047e-01
      vertex   -3.581870e-02 -3.192248e-02 1.130951e-01
      vertex   -3.119638e-02 -3.585682e-02 1.119525e-01
    endloop
  endfacet
  facet normal 6.852463e-01 5.875529e-01 -4.303709e-01
    outer loop
      vertex   3.833698e-02 2.887912e-02 1.130140e-01
      vertex   3.533293e-02 2.711191e-02 1.058182e-01
      vertex   3.298677e-02 3.388371e-02 1.113276e-01
    endloop
  endfacet
  facet normal 8.302292e-01 4.354253e-01 3.480291e-01
    outer loop
      vertex   4.034017e-02 2.329352e-02 1.384815e-01
      vertex   4.392716e-02 1.858901e-02 1.358106e-01
      vertex   4.233029e-02 2.443941e-02 1.323004e-01
    endloop
  endfacet
  facet normal 5.884809e-01 6.710337e-01 -4.510034e-01
    outer loop
      vertex   3.298677e-02 3.388371e-02 1.113276e-01
      vertex   3.149183e-02 3.149183e-02 1.058182e-01
      vertex   2.711191e-02 3.533293e-02 1.058182e-01
    endloop
  endfacet
  facet normal -2.588765e-01 9.516413e-01 -1.654139e-01
    outer loop
      vertex   -9.033002e-03 4.897345e-02 1.211736e-01
      vertex   -1.402193e-02 4.671065e-02 1.159633e-01
      vertex   -1.436747e-02 4.772635e-02 1.223475e-01
    endloop
  endfacet
  facet normal 9.405591e-01 3.374963e-01 -3.800941e-02
    outer loop
      vertex   4.594161e-02 1.946064e-02 1.260547e-01
      vertex   4.814367e-02 1.303344e-02 1.234769e-01
      vertex   4.559925e-02 1.981674e-02 1.207449e-01
    endloop
  endfacet
  facet normal 5.710800e-01 7.028722e-01 -4.240735e-01
    outer loop
      vertex   3.298677e-02 3.388371e-02 1.113276e-01
      vertex   2.711191e-02 3.533293e-02 1.058182e-01
      vertex   2.707161e-02 3.954833e-02 1.127507e-01
    endloop
  endfacet
  facet normal 8.671432e-01 -1.724858e-01 -4.672379e-01
    outer loop
      vertex   4.415516e-02 -5.813138e-03 1.058182e-01
      vertex   4.635683e-02 -9.702383e-03 1.113400e-01
      vertex   4.301864e-02 -1.152681e-02 1.058182e-01
    endloop
  endfacet
  facet normal 4.964475e-01 7.429866e-01 -4.488996e-01
    outer loop
      vertex   2.711191e-02 3.533293e-02 1.058182e-01
      vertex   2.226809e-02 3.856946e-02 1.058182e-01
      vertex   2.707161e-02 3.954833e-02 1.127507e-01
    endloop
  endfacet
  facet normal 5.592098e-01 -7.031289e-01 -4.391973e-01
    outer loop
      vertex   2.711191e-02 -3.533293e-02 1.058182e-01
      vertex   3.130794e-02 -3.528875e-02 1.110901e-01
      vertex   2.670678e-02 -3.902206e-02 1.112084e-01
    endloop
  endfacet
  facet normal 7.989477e-01 4.903844e-01 3.481460e-01
    outer loop
      vertex   4.034017e-02 2.329352e-02 1.384815e-01
      vertex   4.233029e-02 2.443941e-02 1.323004e-01
      vertex   3.815093e-02 2.816903e-02 1.366381e-01
    endloop
  endfacet
  facet normal -8.501293e-01 -1.331928e-01 5.094505e-01
    outer loop
      vertex   -4.289484e-02 -4.037307e-03 1.440797e-01
      vertex   -4.644865e-02 -4.660707e-03 1.379864e-01
      vertex   -4.303814e-02 -1.160483e-02 1.418621e-01
    endloop
  endfacet
  facet normal 8.795581e-01 5.764910e-02 -4.722861e-01
    outer loop
      vertex   4.415516e-02 5.813138e-03 1.058182e-01
      vertex   4.713964e-02 3.538210e-03 1.110986e-01
      vertex   4.453618e-02 -6.605129e-17 1.058182e-01
    endloop
  endfacet
  facet normal 8.752001e-01 4.780039e-01 -7.441103e-02
    outer loop
      vertex   4.559925e-02 1.981674e-02 1.207449e-01
      vertex   4.267469e-02 2.464205e-02 1.173441e-01
      vertex   4.322891e-02 2.496179e-02 1.259166e-01
    endloop
  endfacet
  facet normal -2.883156e-01 8.493520e-01 -4.421259e-01
    outer loop
      vertex   -1.152681e-02 4.301864e-02 1.058182e-01
      vertex   -1.704326e-02 4.114606e-02 1.058182e-01
      vertex   -1.094176e-02 4.559142e-02 1.103791e-01
    endloop
  endfacet
  facet normal 1.535551e-01 8.259559e-01 5.424183e-01
    outer loop
      vertex   1.122555e-02 4.431199e-02 1.400954e-01
      vertex   5.356390e-03 4.508708e-02 1.405766e-01
      vertex   9.672499e-03 4.145783e-02 1.448811e-01
    endloop
  endfacet
  facet normal -1.393521e-01 9.173086e-01 -3.729958e-01
    outer loop
      vertex   -5.606034e-03 4.828372e-02 1.150069e-01
      vertex   -3.299144e-03 4.663400e-02 1.100879e-01
      vertex   -1.094176e-02 4.559142e-02 1.103791e-01
    endloop
  endfacet
  facet normal -7.604067e-01 -5.806671e-01 2.908736e-01
    outer loop
      vertex   -3.775162e-02 -3.174112e-02 1.302677e-01
      vertex   -3.628728e-02 -3.116000e-02 1.352559e-01
      vertex   -4.077943e-02 -2.663940e-02 1.325368e-01
    endloop
  endfacet
  facet normal 9.750001e-01 -2.232836e-02 2.210797e-01
    outer loop
      vertex   4.814204e-02 -1.001056e-03 1.345583e-01
      vertex   4.938063e-02 -4.442474e-03 1.287484e-01
      vertex   4.944520e-02 2.539307e-03 1.291687e-01
    endloop
  endfacet
  facet normal 9.974406e-01 -1.345268e-02 7.022316e-02
    outer loop
      vertex   4.944520e-02 2.539307e-03 1.291687e-01
      vertex   4.938063e-02 -4.442474e-03 1.287484e-01
      vertex   4.981580e-02 -1.549603e-03 1.231214e-01
    endloop
  endfacet
  facet normal 9.926546e-01 -1.200423e-01 1.505468e-02
    outer loop
      vertex   4.981580e-02 -1.549603e-03 1.231214e-01
      vertex   4.938063e-02 -4.442474e-03 1.287484e-01
      vertex   4.873258e-02 -1.047258e-02 1.233960e-01
    endloop
  endfacet
  facet normal 9.895353e-01 -1.224752e-01 -7.628771e-02
    outer loop
      vertex   4.981580e-02 -1.549603e-03 1.231214e-01
      vertex   4.873258e-02 -1.047258e-02 1.233960e-01
      vertex   4.874009e-02 -6.724229e-03 1.174757e-01
    endloop
  endfacet
  facet normal 9.693331e-01 -2.081875e-01 -1.305806e-01
    outer loop
      vertex   4.718372e-02 -1.353343e-02 1.167784e-01
      vertex   4.874009e-02 -6.724229e-03 1.174757e-01
      vertex   4.873258e-02 -1.047258e-02 1.233960e-01
    endloop
  endfacet
  facet normal -8.195952e-01 -4.541542e-01 -3.492960e-01
    outer loop
      vertex   -3.985018e-02 -2.677917e-02 1.133576e-01
      vertex   -4.347395e-02 -2.281590e-02 1.167075e-01
      vertex   -4.321774e-02 -1.906498e-02 1.112294e-01
    endloop
  endfacet
  facet normal -8.986454e-01 -1.184239e-01 -4.223887e-01
    outer loop
      vertex   -4.725121e-02 -1.613575e-03 1.112277e-01
      vertex   -4.415516e-02 -5.813138e-03 1.058182e-01
      vertex   -4.727342e-02 -7.194174e-03 1.128396e-01
    endloop
  endfacet
  facet normal 9.003354e-01 -3.105256e-01 -3.049097e-01
    outer loop
      vertex   4.456186e-02 -1.556669e-02 1.111073e-01
      vertex   4.718372e-02 -1.353343e-02 1.167784e-01
      vertex   4.457928e-02 -1.971158e-02 1.153800e-01
    endloop
  endfacet
  facet normal 8.587429e-01 -3.660299e-01 -3.585844e-01
    outer loop
      vertex   4.456186e-02 -1.556669e-02 1.111073e-01
      vertex   4.457928e-02 -1.971158e-02 1.153800e-01
      vertex   4.207946e-02 -2.064318e-02 1.103443e-01
    endloop
  endfacet
  facet normal -4.943642e-01 7.398688e-01 -4.562874e-01
    outer loop
      vertex   -2.226809e-02 3.856946e-02 1.058182e-01
      vertex   -2.711191e-02 3.533293e-02 1.058182e-01
      vertex   -2.569232e-02 3.993482e-02 1.117421e-01
    endloop
  endfacet
  facet normal -9.202646e-01 -5.050583e-02 -3.880236e-01
    outer loop
      vertex   -4.798748e-02 -9.405817e-03 1.537068e-01
      vertex   -4.946172e-02 -6.091103e-03 1.567718e-01
      vertex   -4.736931e-02 -5.010077e-03 1.516685e-01
    endloop
  endfacet
  facet normal -8.975908e-01 -1.742334e-01 -4.049364e-01
    outer loop
      vertex   -4.949969e-02 -1.646645e-03 1.549436e-01
      vertex   -4.736931e-02 -5.010077e-03 1.516685e-01
      vertex   -4.946172e-02 -6.091103e-03 1.567718e-01
    endloop
  endfacet
  facet normal 5.712562e-01 7.199974e-01 3.940432e-01
    outer loop
      vertex   2.822741e-02 3.796851e-02 1.627823e-01
      vertex   2.842152e-02 4.026068e-02 1.583127e-01
      vertex   2.530751e-02 4.134051e-02 1.608541e-01
    endloop
  endfacet
  facet normal -7.426690e-01 4.265939e-02 -6.682986e-01
    outer loop
      vertex   -4.570892e-02 5.157060e-03 1.504118e-01
      vertex   -4.930407e-02 3.451807e-03 1.542982e-01
      vertex   -4.835832e-02 8.133590e-03 1.535460e-01
    endloop
  endfacet
  facet normal -8.819944e-02 -8.306222e-01 5.498069e-01
    outer loop
      vertex   -1.289843e-16 -4.480107e-02 1.417604e-01
      vertex   -4.172855e-03 -4.220243e-02 1.450169e-01
      vertex   -5.577471e-03 -4.553969e-02 1.397498e-01
    endloop
  endfacet
  facet normal 8.848896e-01 3.922548e-01 2.512103e-01
    outer loop
      vertex   4.233029e-02 2.443941e-02 1.323004e-01
      vertex   4.392716e-02 1.858901e-02 1.358106e-01
      vertex   4.657842e-02 1.594778e-02 1.305957e-01
    endloop
  endfacet
  facet normal -4.229284e-02 -1.692954e-01 -9.846575e-01
    outer loop
      vertex   -1.469352e-02 -4.136128e-02 1.498296e-01
      vertex   -1.075847e-02 -3.751924e-02 1.490000e-01
      vertex   -1.087559e-02 -4.126379e-02 1.496488e-01
    endloop
  endfacet
  facet normal 8.604926e-01 2.710374e-01 -4.313829e-01
    outer loop
      vertex   4.542311e-02 1.424166e-02 1.515187e-01
      vertex   4.492043e-02 1.850919e-02 1.531973e-01
      vertex   4.759568e-02 1.447176e-02 1.559970e-01
    endloop
  endfacet
  facet normal -6.656878e-01 -3.282812e-01 6.701427e-01
    outer loop
      vertex   -3.856946e-02 -2.226809e-02 1.651932e-01
      vertex   -4.114606e-02 -1.704326e-02 1.651932e-01
      vertex   -4.182279e-02 -2.069047e-02 1.627343e-01
    endloop
  endfacet
  facet normal -8.456431e-01 -4.468456e-01 2.919191e-01
    outer loop
      vertex   -4.405140e-02 -2.152615e-02 1.592863e-01
      vertex   -4.536941e-02 -1.798875e-02 1.608830e-01
      vertex   -4.603469e-02 -1.905007e-02 1.573313e-01
    endloop
  endfacet
  facet normal -5.665309e-01 -7.987626e-01 2.025367e-01
    outer loop
      vertex   -2.058151e-02 -4.463073e-02 1.596321e-01
      vertex   -2.386084e-02 -4.215432e-02 1.602257e-01
      vertex   -2.374211e-02 -4.334231e-02 1.558726e-01
    endloop
  endfacet
  facet normal -5.311105e-01 7.260619e-01 -4.367559e-01
    outer loop
      vertex   -2.569232e-02 3.993482e-02 1.117421e-01
      vertex   -2.711191e-02 3.533293e-02 1.058182e-01
      vertex   -3.053732e-02 3.634826e-02 1.116715e-01
    endloop
  endfacet
  facet normal 1.951014e-01 8.888507e-01 -4.145841e-01
    outer loop
      vertex   9.213833e-03 4.712351e-02 1.135304e-01
      vertex   1.531909e-02 4.431171e-02 1.103751e-01
      vertex   1.152681e-02 4.301864e-02 1.058182e-01
    endloop
  endfacet
  facet normal -5.858742e-01 6.680614e-01 -4.587432e-01
    outer loop
      vertex   -3.053732e-02 3.634826e-02 1.116715e-01
      vertex   -2.711191e-02 3.533293e-02 1.058182e-01
      vertex   -3.149183e-02 3.149183e-02 1.058182e-01
    endloop
  endfacet
  facet normal -6.219996e-01 6.494516e-01 -4.374118e-01
    outer loop
      vertex   -3.149183e-02 3.149183e-02 1.058182e-01
      vertex   -3.458694e-02 3.245161e-02 1.116445e-01
      vertex   -3.053732e-02 3.634826e-02 1.116715e-01
    endloop
  endfacet
  facet normal 9.880812e-01 1.274283e-01 8.635728e-02
    outer loop
      vertex   4.944520e-02 2.539307e-03 1.291687e-01
      vertex   4.951589e-02 6.008296e-03 1.232410e-01
      vertex   4.851090e-02 9.336725e-03 1.298285e-01
    endloop
  endfacet
  facet normal 9.364020e-01 1.912689e-01 2.942236e-01
    outer loop
      vertex   4.743518e-02 5.708143e-03 1.356109e-01
      vertex   4.851090e-02 9.336725e-03 1.298285e-01
      vertex   4.591479e-02 1.247320e-02 1.360519e-01
    endloop
  endfacet
  facet normal 2.280261e-01 -9.349547e-01 -2.717791e-01
    outer loop
      vertex   1.060322e-02 -4.839060e-02 1.189777e-01
      vertex   1.024163e-02 -4.649991e-02 1.121700e-01
      vertex   1.599325e-02 -4.638662e-02 1.166060e-01
    endloop
  endfacet
  facet normal 2.677037e-01 -9.074169e-01 -3.239278e-01
    outer loop
      vertex   1.599325e-02 -4.638662e-02 1.166060e-01
      vertex   1.024163e-02 -4.649991e-02 1.121700e-01
      vertex   1.555207e-02 -4.437892e-02 1.106172e-01
    endloop
  endfacet
  facet normal 3.413636e-01 -8.833193e-01 -3.212755e-01
    outer loop
      vertex   1.599325e-02 -4.638662e-02 1.166060e-01
      vertex   1.555207e-02 -4.437892e-02 1.106172e-01
      vertex   2.119503e-02 -4.301479e-02 1.128625e-01
    endloop
  endfacet
  facet normal 4.972412e-01 -8.124866e-01 -3.043299e-01
    outer loop
      vertex   2.673974e-02 -4.141081e-02 1.176397e-01
      vertex   2.119503e-02 -4.301479e-02 1.128625e-01
      vertex   2.670678e-02 -3.902206e-02 1.112084e-01
    endloop
  endfacet
  facet normal 5.361297e-01 -7.904133e-01 -2.963305e-01
    outer loop
      vertex   2.673974e-02 -4.141081e-02 1.176397e-01
      vertex   2.670678e-02 -3.902206e-02 1.112084e-01
      vertex   3.079896e-02 -3.787565e-02 1.155543e-01
    endloop
  endfacet
  facet normal 4.073802e-01 -8.838230e-01 -2.299964e-01
    outer loop
      vertex   2.156877e-02 -4.482459e-02 1.204791e-01
      vertex   1.599325e-02 -4.638662e-02 1.166060e-01
      vertex   2.119503e-02 -4.301479e-02 1.128625e-01
    endloop
  endfacet
  facet normal 4.463938e-01 -8.654240e-01 -2.275389e-01
    outer loop
      vertex   2.156877e-02 -4.482459e-02 1.204791e-01
      vertex   2.119503e-02 -4.301479e-02 1.128625e-01
      vertex   2.673974e-02 -4.141081e-02 1.176397e-01
    endloop
  endfacet
  facet normal 6.000423e-01 -7.836950e-01 -1.605347e-01
    outer loop
      vertex   3.205645e-02 -3.810757e-02 1.213867e-01
      vertex   2.673974e-02 -4.141081e-02 1.176397e-01
      vertex   3.079896e-02 -3.787565e-02 1.155543e-01
    endloop
  endfacet
  facet normal 1.890872e-01 -9.803507e-01 -5.620036e-02
    outer loop
      vertex   1.083599e-02 -4.873401e-02 1.257512e-01
      vertex   5.332888e-03 -4.954929e-02 1.214575e-01
      vertex   1.060322e-02 -4.839060e-02 1.189777e-01
    endloop
  endfacet
  facet normal 2.501905e-01 -9.664819e-01 -5.759703e-02
    outer loop
      vertex   1.083599e-02 -4.873401e-02 1.257512e-01
      vertex   1.060322e-02 -4.839060e-02 1.189777e-01
      vertex   1.624351e-02 -4.719664e-02 1.234432e-01
    endloop
  endfacet
  facet normal 2.978177e-01 -9.466586e-01 -1.230534e-01
    outer loop
      vertex   1.624351e-02 -4.719664e-02 1.234432e-01
      vertex   1.060322e-02 -4.839060e-02 1.189777e-01
      vertex   1.599325e-02 -4.638662e-02 1.166060e-01
    endloop
  endfacet
  facet normal 3.459449e-01 -9.301758e-01 -1.228622e-01
    outer loop
      vertex   1.624351e-02 -4.719664e-02 1.234432e-01
      vertex   1.599325e-02 -4.638662e-02 1.166060e-01
      vertex   2.156877e-02 -4.482459e-02 1.204791e-01
    endloop
  endfacet
  facet normal 5.125204e-01 -8.536311e-01 -9.293478e-02
    outer loop
      vertex   2.667337e-02 -4.220914e-02 1.246066e-01
      vertex   2.156877e-02 -4.482459e-02 1.204791e-01
      vertex   2.673974e-02 -4.141081e-02 1.176397e-01
    endloop
  endfacet
  facet normal 5.697838e-01 -8.170481e-01 -8.819728e-02
    outer loop
      vertex   2.667337e-02 -4.220914e-02 1.246066e-01
      vertex   2.673974e-02 -4.141081e-02 1.176397e-01
      vertex   3.205645e-02 -3.810757e-02 1.213867e-01
    endloop
  endfacet
  facet normal 6.596344e-01 -7.318005e-01 -1.713195e-01
    outer loop
      vertex   3.205645e-02 -3.810757e-02 1.213867e-01
      vertex   3.079896e-02 -3.787565e-02 1.155543e-01
      vertex   3.506605e-02 -3.451326e-02 1.176213e-01
    endloop
  endfacet
  facet normal 7.380310e-01 -6.680138e-01 -9.522474e-02
    outer loop
      vertex   3.973249e-02 -2.970821e-02 1.200801e-01
      vertex   3.583947e-02 -3.472089e-02 1.250722e-01
      vertex   3.506605e-02 -3.451326e-02 1.176213e-01
    endloop
  endfacet
  facet normal 1.357120e-01 -9.906471e-01 1.416506e-02
    outer loop
      vertex   5.420403e-03 -4.944533e-02 1.278900e-01
      vertex   5.332888e-03 -4.954929e-02 1.214575e-01
      vertex   1.083599e-02 -4.873401e-02 1.257512e-01
    endloop
  endfacet
  facet normal 4.024033e-01 -9.154120e-01 -9.616136e-03
    outer loop
      vertex   2.134284e-02 -4.499508e-02 1.272551e-01
      vertex   1.624351e-02 -4.719664e-02 1.234432e-01
      vertex   2.156877e-02 -4.482459e-02 1.204791e-01
    endloop
  endfacet
  facet normal 4.604537e-01 -8.876563e-01 -6.982143e-03
    outer loop
      vertex   2.134284e-02 -4.499508e-02 1.272551e-01
      vertex   2.156877e-02 -4.482459e-02 1.204791e-01
      vertex   2.667337e-02 -4.220914e-02 1.246066e-01
    endloop
  endfacet
  facet normal 6.217221e-01 -7.820444e-01 4.322201e-02
    outer loop
      vertex   3.128030e-02 -3.827482e-02 1.295252e-01
      vertex   2.667337e-02 -4.220914e-02 1.246066e-01
      vertex   3.205645e-02 -3.810757e-02 1.213867e-01
    endloop
  endfacet
  facet normal 6.413806e-01 -7.658767e-01 4.542904e-02
    outer loop
      vertex   3.128030e-02 -3.827482e-02 1.295252e-01
      vertex   3.205645e-02 -3.810757e-02 1.213867e-01
      vertex   3.583947e-02 -3.472089e-02 1.250722e-01
    endloop
  endfacet
  facet normal 7.894760e-01 -6.137810e-01 -6.496313e-04
    outer loop
      vertex   3.963538e-02 -2.984154e-02 1.280386e-01
      vertex   3.583947e-02 -3.472089e-02 1.250722e-01
      vertex   3.973249e-02 -2.970821e-02 1.200801e-01
    endloop
  endfacet
  facet normal 7.961801e-01 -6.050595e-01 -4.217201e-04
    outer loop
      vertex   3.963538e-02 -2.984154e-02 1.280386e-01
      vertex   3.973249e-02 -2.970821e-02 1.200801e-01
      vertex   4.267946e-02 -2.583347e-02 1.245155e-01
    endloop
  endfacet
  facet normal 8.072324e-01 -5.517390e-01 2.096662e-01
    outer loop
      vertex   3.966635e-02 -2.748678e-02 1.341159e-01
      vertex   3.963538e-02 -2.984154e-02 1.280386e-01
      vertex   4.328823e-02 -2.378632e-02 1.299092e-01
    endloop
  endfacet
  facet normal -5.041635e-01 -7.899532e-01 -3.489887e-01
    outer loop
      vertex   -2.263776e-02 -4.228640e-02 1.130080e-01
      vertex   -2.835633e-02 -3.944029e-02 1.148270e-01
      vertex   -2.612498e-02 -3.883173e-02 1.102260e-01
    endloop
  endfacet
  facet normal -5.211216e-01 8.454366e-01 -1.169154e-01
    outer loop
      vertex   -2.941366e-02 3.963578e-02 1.182947e-01
      vertex   -2.345458e-02 4.400477e-02 1.233265e-01
      vertex   -2.381706e-02 4.292109e-02 1.171059e-01
    endloop
  endfacet
  facet normal 3.044669e-01 -9.490574e-01 8.117797e-02
    outer loop
      vertex   1.586184e-02 -4.673969e-02 1.302170e-01
      vertex   1.083599e-02 -4.873401e-02 1.257512e-01
      vertex   1.624351e-02 -4.719664e-02 1.234432e-01
    endloop
  endfacet
  facet normal 3.424473e-01 -9.359139e-01 8.243131e-02
    outer loop
      vertex   1.586184e-02 -4.673969e-02 1.302170e-01
      vertex   1.624351e-02 -4.719664e-02 1.234432e-01
      vertex   2.134284e-02 -4.499508e-02 1.272551e-01
    endloop
  endfacet
  facet normal 5.834222e-01 -7.611308e-01 2.833697e-01
    outer loop
      vertex   3.135049e-02 -3.587039e-02 1.358389e-01
      vertex   2.615390e-02 -3.980460e-02 1.359708e-01
      vertex   3.128030e-02 -3.827482e-02 1.295252e-01
    endloop
  endfacet
  facet normal 8.751905e-01 -4.767493e-01 8.216817e-02
    outer loop
      vertex   4.267946e-02 -2.583347e-02 1.245155e-01
      vertex   4.542971e-02 -2.060344e-02 1.255673e-01
      vertex   4.328823e-02 -2.378632e-02 1.299092e-01
    endloop
  endfacet
  facet normal 1.782026e-01 -8.972773e-01 4.039025e-01
    outer loop
      vertex   5.712004e-03 -4.792447e-02 1.343155e-01
      vertex   1.315820e-02 -4.466331e-02 1.382749e-01
      vertex   6.281456e-03 -4.508966e-02 1.403618e-01
    endloop
  endfacet
  facet normal 2.082842e-01 -9.102034e-01 3.579769e-01
    outer loop
      vertex   1.315820e-02 -4.466331e-02 1.382749e-01
      vertex   5.712004e-03 -4.792447e-02 1.343155e-01
      vertex   1.045362e-02 -4.776521e-02 1.319616e-01
    endloop
  endfacet
  facet normal -9.997588e-01 -1.510245e-02 -1.594833e-02
    outer loop
      vertex   -4.949969e-02 -1.646645e-03 1.549436e-01
      vertex   -4.946172e-02 -6.091103e-03 1.567718e-01
      vertex   -4.956895e-02 -1.596879e-03 1.592379e-01
    endloop
  endfacet
  facet normal 3.344094e-01 -8.535392e-01 3.995512e-01
    outer loop
      vertex   2.011764e-02 -4.123808e-02 1.397673e-01
      vertex   1.315820e-02 -4.466331e-02 1.382749e-01
      vertex   2.069870e-02 -4.381380e-02 1.337786e-01
    endloop
  endfacet
  facet normal 4.772515e-01 -7.353329e-01 4.811616e-01
    outer loop
      vertex   2.480760e-02 -3.589521e-02 1.432806e-01
      vertex   2.011764e-02 -4.123808e-02 1.397673e-01
      vertex   2.615390e-02 -3.980460e-02 1.359708e-01
    endloop
  endfacet
  facet normal 8.511301e-01 2.937853e-01 4.350491e-01
    outer loop
      vertex   4.591479e-02 1.247320e-02 1.360519e-01
      vertex   4.392716e-02 1.858901e-02 1.358106e-01
      vertex   4.194294e-02 1.582435e-02 1.415595e-01
    endloop
  endfacet
  facet normal -6.309411e-01 -7.670187e-01 -1.166002e-01
    outer loop
      vertex   -2.655408e-02 -4.185512e-02 1.578234e-01
      vertex   -2.952821e-02 -3.941106e-02 1.578395e-01
      vertex   -2.717839e-02 -4.069346e-02 1.535601e-01
    endloop
  endfacet
  facet normal -5.269747e-01 -5.831415e-01 6.182586e-01
    outer loop
      vertex   -3.672910e-02 -3.056484e-02 1.616035e-01
      vertex   -3.405289e-02 -3.412980e-02 1.605221e-01
      vertex   -3.149183e-02 -3.149183e-02 1.651932e-01
    endloop
  endfacet
  facet normal -4.689254e-01 -8.501773e-01 2.393900e-01
    outer loop
      vertex   -2.269331e-02 -4.409618e-02 1.877081e-01
      vertex   -1.982950e-02 -4.422298e-02 1.928675e-01
      vertex   -2.719998e-02 -4.072780e-02 1.908428e-01
    endloop
  endfacet
  facet normal 3.412954e-01 -7.683836e-01 5.413909e-01
    outer loop
      vertex   2.011764e-02 -4.123808e-02 1.397673e-01
      vertex   1.912817e-02 -3.825957e-02 1.446184e-01
      vertex   1.615076e-02 -4.174297e-02 1.415514e-01
    endloop
  endfacet
  facet normal -3.170371e-01 6.428870e-01 6.972688e-01
    outer loop
      vertex   -2.112572e-02 4.249932e-02 1.620892e-01
      vertex   -2.226809e-02 3.856946e-02 1.651932e-01
      vertex   -1.704326e-02 4.114606e-02 1.651932e-01
    endloop
  endfacet
  facet normal 7.076152e-01 -4.771519e-01 5.211590e-01
    outer loop
      vertex   3.648300e-02 -2.241356e-02 1.445115e-01
      vertex   3.520560e-02 -2.922221e-02 1.400122e-01
      vertex   3.959260e-02 -2.396721e-02 1.388669e-01
    endloop
  endfacet
  facet normal 6.837600e-02 9.975355e-01 1.573944e-02
    outer loop
      vertex   5.703612e-03 4.913587e-02 1.548378e-01
      vertex   6.553142e-04 4.948199e-02 1.548320e-01
      vertex   2.119117e-03 4.932179e-02 1.586259e-01
    endloop
  endfacet
  facet normal 5.902573e-01 -3.040265e-01 7.477728e-01
    outer loop
      vertex   3.856946e-02 -2.226809e-02 1.651932e-01
      vertex   4.221260e-02 -2.405625e-02 1.615904e-01
      vertex   4.280873e-02 -1.983175e-02 1.628374e-01
    endloop
  endfacet
  facet normal 1.914179e-01 -9.679167e-01 1.627775e-01
    outer loop
      vertex   5.420403e-03 -4.944533e-02 1.278900e-01
      vertex   1.083599e-02 -4.873401e-02 1.257512e-01
      vertex   1.045362e-02 -4.776521e-02 1.319616e-01
    endloop
  endfacet
  facet normal 2.345697e-01 -9.581799e-01 1.639154e-01
    outer loop
      vertex   1.045362e-02 -4.776521e-02 1.319616e-01
      vertex   1.083599e-02 -4.873401e-02 1.257512e-01
      vertex   1.586184e-02 -4.673969e-02 1.302170e-01
    endloop
  endfacet
  facet normal 1.421487e-01 -4.747898e-02 -9.887060e-01
    outer loop
      vertex   4.175474e-02 8.285854e-03 1.492203e-01
      vertex   4.332244e-02 4.941571e-03 1.496063e-01
      vertex   3.881743e-02 4.079876e-03 1.490000e-01
    endloop
  endfacet
  facet normal 7.432110e-01 -5.320362e-01 4.056783e-01
    outer loop
      vertex   3.520560e-02 -2.922221e-02 1.400122e-01
      vertex   3.966635e-02 -2.748678e-02 1.341159e-01
      vertex   3.959260e-02 -2.396721e-02 1.388669e-01
    endloop
  endfacet
  facet normal 9.023829e-01 3.052766e-01 3.041567e-01
    outer loop
      vertex   4.591479e-02 1.247320e-02 1.360519e-01
      vertex   4.657842e-02 1.594778e-02 1.305957e-01
      vertex   4.392716e-02 1.858901e-02 1.358106e-01
    endloop
  endfacet
  facet normal 7.468431e-01 -4.093223e-01 5.240999e-01
    outer loop
      vertex   3.648300e-02 -2.241356e-02 1.445115e-01
      vertex   3.959260e-02 -2.396721e-02 1.388669e-01
      vertex   4.132299e-02 -1.735423e-02 1.415658e-01
    endloop
  endfacet
  facet normal 2.765232e-01 -9.041132e-01 3.257519e-01
    outer loop
      vertex   1.315820e-02 -4.466331e-02 1.382749e-01
      vertex   1.045362e-02 -4.776521e-02 1.319616e-01
      vertex   1.586184e-02 -4.673969e-02 1.302170e-01
    endloop
  endfacet
  facet normal 9.429220e-01 -1.873286e-01 -2.753289e-01
    outer loop
      vertex   4.635683e-02 -9.702383e-03 1.113400e-01
      vertex   4.874009e-02 -6.724229e-03 1.174757e-01
      vertex   4.718372e-02 -1.353343e-02 1.167784e-01
    endloop
  endfacet
  facet normal 3.942035e-01 -8.967060e-01 2.013008e-01
    outer loop
      vertex   2.069870e-02 -4.381380e-02 1.337786e-01
      vertex   1.586184e-02 -4.673969e-02 1.302170e-01
      vertex   2.134284e-02 -4.499508e-02 1.272551e-01
    endloop
  endfacet
  facet normal 5.033176e-01 -8.568526e-01 1.116916e-01
    outer loop
      vertex   2.134284e-02 -4.499508e-02 1.272551e-01
      vertex   2.667337e-02 -4.220914e-02 1.246066e-01
      vertex   2.541387e-02 -4.218688e-02 1.304531e-01
    endloop
  endfacet
  facet normal 7.388283e-01 -6.593711e-01 1.391489e-01
    outer loop
      vertex   3.557406e-02 -3.356736e-02 1.319475e-01
      vertex   3.583947e-02 -3.472089e-02 1.250722e-01
      vertex   3.963538e-02 -2.984154e-02 1.280386e-01
    endloop
  endfacet
  facet normal 8.286357e-01 -4.758339e-01 2.948644e-01
    outer loop
      vertex   3.966635e-02 -2.748678e-02 1.341159e-01
      vertex   4.328823e-02 -2.378632e-02 1.299092e-01
      vertex   4.323947e-02 -2.045217e-02 1.354267e-01
    endloop
  endfacet
  facet normal -6.805729e-02 4.000352e-02 -9.968791e-01
    outer loop
      vertex   -3.955048e-02 1.274349e-02 1.491541e-01
      vertex   -3.996221e-02 1.742089e-02 1.493699e-01
      vertex   -3.618914e-02 1.462136e-02 1.490000e-01
    endloop
  endfacet
  facet normal 2.980978e-01 -8.954020e-01 3.307460e-01
    outer loop
      vertex   2.069870e-02 -4.381380e-02 1.337786e-01
      vertex   1.315820e-02 -4.466331e-02 1.382749e-01
      vertex   1.586184e-02 -4.673969e-02 1.302170e-01
    endloop
  endfacet
  facet normal -3.620438e-01 9.132045e-01 1.870344e-01
    outer loop
      vertex   -1.596953e-02 4.599172e-02 1.326775e-01
      vertex   -1.804478e-02 4.647642e-02 1.262939e-01
      vertex   -2.224432e-02 4.398049e-02 1.303513e-01
    endloop
  endfacet
  facet normal 8.450437e-01 -3.224598e-01 4.265217e-01
    outer loop
      vertex   4.583845e-02 -1.276982e-02 1.360855e-01
      vertex   4.132299e-02 -1.735423e-02 1.415658e-01
      vertex   4.323947e-02 -2.045217e-02 1.354267e-01
    endloop
  endfacet
  facet normal 4.879081e-02 -9.616218e-01 -2.700056e-01
    outer loop
      vertex   -1.145707e-16 -4.784347e-02 1.124680e-01
      vertex   5.234867e-03 -4.826655e-02 1.149208e-01
      vertex   -1.174415e-16 -4.941224e-02 1.180552e-01
    endloop
  endfacet
  facet normal 4.884164e-01 -8.230636e-01 2.898547e-01
    outer loop
      vertex   2.069870e-02 -4.381380e-02 1.337786e-01
      vertex   2.541387e-02 -4.218688e-02 1.304531e-01
      vertex   2.615390e-02 -3.980460e-02 1.359708e-01
    endloop
  endfacet
  facet normal -7.156099e-01 -1.423439e-01 6.838426e-01
    outer loop
      vertex   -4.301864e-02 -1.152681e-02 1.651932e-01
      vertex   -4.415516e-02 -5.813138e-03 1.651932e-01
      vertex   -4.580626e-02 -9.090446e-03 1.627832e-01
    endloop
  endfacet
  facet normal 5.640536e-01 -8.162800e-01 1.246214e-01
    outer loop
      vertex   2.541387e-02 -4.218688e-02 1.304531e-01
      vertex   2.667337e-02 -4.220914e-02 1.246066e-01
      vertex   3.128030e-02 -3.827482e-02 1.295252e-01
    endloop
  endfacet
  facet normal 9.439239e-01 -1.309409e-01 -3.030877e-01
    outer loop
      vertex   4.874009e-02 -6.724229e-03 1.174757e-01
      vertex   4.635683e-02 -9.702383e-03 1.113400e-01
      vertex   4.723712e-02 -3.347004e-03 1.113359e-01
    endloop
  endfacet
  facet normal -5.083501e-01 -7.903573e-01 3.419291e-01
    outer loop
      vertex   -2.321982e-02 -4.243774e-02 1.337151e-01
      vertex   -2.530982e-02 -3.892992e-02 1.387161e-01
      vertex   -2.830088e-02 -3.991816e-02 1.319850e-01
    endloop
  endfacet
  facet normal 9.192307e-01 -3.733549e-01 1.249839e-01
    outer loop
      vertex   4.744912e-02 -1.537829e-02 1.263236e-01
      vertex   4.602898e-02 -1.735880e-02 1.308523e-01
      vertex   4.542971e-02 -2.060344e-02 1.255673e-01
    endloop
  endfacet
  facet normal -9.387120e-01 -1.793935e-01 2.943429e-01
    outer loop
      vertex   -4.787612e-02 -1.050474e-02 1.591385e-01
      vertex   -4.800467e-02 -5.780640e-03 1.616077e-01
      vertex   -4.946172e-02 -6.091103e-03 1.567718e-01
    endloop
  endfacet
  facet normal -9.378302e-01 -1.839089e-01 2.943671e-01
    outer loop
      vertex   -4.956895e-02 -1.596879e-03 1.592379e-01
      vertex   -4.946172e-02 -6.091103e-03 1.567718e-01
      vertex   -4.800467e-02 -5.780640e-03 1.616077e-01
    endloop
  endfacet
  facet normal 5.637502e-01 -7.831199e-01 2.625051e-01
    outer loop
      vertex   2.615390e-02 -3.980460e-02 1.359708e-01
      vertex   2.541387e-02 -4.218688e-02 1.304531e-01
      vertex   3.128030e-02 -3.827482e-02 1.295252e-01
    endloop
  endfacet
  facet normal 6.394371e-01 -7.208432e-01 2.674045e-01
    outer loop
      vertex   3.557406e-02 -3.356736e-02 1.319475e-01
      vertex   3.135049e-02 -3.587039e-02 1.358389e-01
      vertex   3.128030e-02 -3.827482e-02 1.295252e-01
    endloop
  endfacet
  facet normal 7.100473e-01 -6.058459e-01 3.588642e-01
    outer loop
      vertex   3.520560e-02 -2.922221e-02 1.400122e-01
      vertex   3.557406e-02 -3.356736e-02 1.319475e-01
      vertex   3.966635e-02 -2.748678e-02 1.341159e-01
    endloop
  endfacet
  facet normal 8.024304e-01 -3.931788e-01 4.489053e-01
    outer loop
      vertex   3.959260e-02 -2.396721e-02 1.388669e-01
      vertex   4.323947e-02 -2.045217e-02 1.354267e-01
      vertex   4.132299e-02 -1.735423e-02 1.415658e-01
    endloop
  endfacet
  facet normal -3.794517e-01 8.682502e-01 -3.196216e-01
    outer loop
      vertex   -1.327531e-02 4.767836e-02 1.547334e-01
      vertex   -1.587236e-02 4.564658e-02 1.522972e-01
      vertex   -1.703282e-02 4.692415e-02 1.571455e-01
    endloop
  endfacet
  facet normal 5.212644e-01 -7.088972e-01 4.751297e-01
    outer loop
      vertex   2.480760e-02 -3.589521e-02 1.432806e-01
      vertex   2.615390e-02 -3.980460e-02 1.359708e-01
      vertex   2.956372e-02 -3.344529e-02 1.417180e-01
    endloop
  endfacet
  facet normal 3.536640e-01 -1.722653e-01 -9.193729e-01
    outer loop
      vertex   3.987388e-02 -1.693926e-02 1.494100e-01
      vertex   4.260633e-02 -2.012523e-02 1.510580e-01
      vertex   3.771909e-02 -2.068503e-02 1.492829e-01
    endloop
  endfacet
  facet normal -4.706079e-01 -8.547397e-01 -2.189708e-01
    outer loop
      vertex   -2.263776e-02 -4.228640e-02 1.130080e-01
      vertex   -2.070182e-02 -4.510583e-02 1.198528e-01
      vertex   -2.686113e-02 -4.177192e-02 1.200766e-01
    endloop
  endfacet
  facet normal -8.549569e-01 -5.184795e-01 1.508914e-02
    outer loop
      vertex   -4.209165e-02 -2.651944e-02 1.212560e-01
      vertex   -4.017638e-02 -2.953579e-02 1.261303e-01
      vertex   -4.403037e-02 -2.314755e-02 1.272687e-01
    endloop
  endfacet
  facet normal 9.412031e-01 -2.938924e-01 1.666254e-01
    outer loop
      vertex   4.744912e-02 -1.537829e-02 1.263236e-01
      vertex   4.813560e-02 -1.112166e-02 1.299537e-01
      vertex   4.602898e-02 -1.735880e-02 1.308523e-01
    endloop
  endfacet
  facet normal -7.174967e-01 1.395487e-01 -6.824402e-01
    outer loop
      vertex   -4.572096e-02 9.442905e-03 1.510409e-01
      vertex   -4.835832e-02 8.133590e-03 1.535460e-01
      vertex   -4.701578e-02 1.277129e-02 1.530829e-01
    endloop
  endfacet
  facet normal 5.853441e-01 -6.674569e-01 -4.602972e-01
    outer loop
      vertex   2.711191e-02 -3.533293e-02 1.058182e-01
      vertex   3.149183e-02 -3.149183e-02 1.058182e-01
      vertex   3.130794e-02 -3.528875e-02 1.110901e-01
    endloop
  endfacet
  facet normal 8.475729e-01 -4.724755e-01 -2.416340e-01
    outer loop
      vertex   4.084495e-02 -2.535707e-02 1.133200e-01
      vertex   4.457928e-02 -1.971158e-02 1.153800e-01
      vertex   4.382529e-02 -2.334677e-02 1.198433e-01
    endloop
  endfacet
  facet normal 9.029810e-01 -3.949821e-01 -1.691579e-01
    outer loop
      vertex   4.382529e-02 -2.334677e-02 1.198433e-01
      vertex   4.457928e-02 -1.971158e-02 1.153800e-01
      vertex   4.659930e-02 -1.757111e-02 1.211651e-01
    endloop
  endfacet
  facet normal 8.823622e-01 -5.783289e-02 -4.670035e-01
    outer loop
      vertex   4.415516e-02 -5.813138e-03 1.058182e-01
      vertex   4.453618e-02 -6.605129e-17 1.058182e-01
      vertex   4.723712e-02 -3.347004e-03 1.113359e-01
    endloop
  endfacet
  facet normal 8.225472e-01 -5.559606e-01 -1.196827e-01
    outer loop
      vertex   3.865201e-02 -3.153726e-02 1.573460e-01
      vertex   4.078094e-02 -2.770918e-02 1.541951e-01
      vertex   4.219253e-02 -2.644991e-02 1.580469e-01
    endloop
  endfacet
  facet normal 7.681979e-01 -5.982767e-01 2.278968e-01
    outer loop
      vertex   3.963538e-02 -2.984154e-02 1.280386e-01
      vertex   3.966635e-02 -2.748678e-02 1.341159e-01
      vertex   3.557406e-02 -3.356736e-02 1.319475e-01
    endloop
  endfacet
  facet normal 8.405013e-01 -2.588947e-01 4.759529e-01
    outer loop
      vertex   4.132299e-02 -1.735423e-02 1.415658e-01
      vertex   4.583845e-02 -1.276982e-02 1.360855e-01
      vertex   4.283884e-02 -1.040466e-02 1.426691e-01
    endloop
  endfacet
  facet normal -7.703995e-01 -5.181469e-01 3.714948e-01
    outer loop
      vertex   -4.056443e-02 -2.263514e-02 1.385677e-01
      vertex   -4.077943e-02 -2.663940e-02 1.325368e-01
      vertex   -3.700948e-02 -2.705308e-02 1.397779e-01
    endloop
  endfacet
  facet normal -4.893066e-01 -8.485836e-01 2.012085e-01
    outer loop
      vertex   -2.830088e-02 -3.991816e-02 1.319850e-01
      vertex   -2.356272e-02 -4.379338e-02 1.271639e-01
      vertex   -2.321982e-02 -4.243774e-02 1.337151e-01
    endloop
  endfacet
  facet normal 9.326831e-01 -2.106553e-01 2.927909e-01
    outer loop
      vertex   4.583845e-02 -1.276982e-02 1.360855e-01
      vertex   4.813560e-02 -1.112166e-02 1.299537e-01
      vertex   4.801368e-02 -6.741390e-03 1.334936e-01
    endloop
  endfacet
  facet normal -5.363322e-01 -7.675521e-01 3.510151e-01
    outer loop
      vertex   -3.054770e-02 -3.632856e-02 1.364012e-01
      vertex   -2.830088e-02 -3.991816e-02 1.319850e-01
      vertex   -2.530982e-02 -3.892992e-02 1.387161e-01
    endloop
  endfacet
  facet normal -4.426770e-01 2.237063e-01 -8.683274e-01
    outer loop
      vertex   -3.820145e-02 2.208744e-02 1.496745e-01
      vertex   -3.996221e-02 1.742089e-02 1.493699e-01
      vertex   -4.158476e-02 2.224849e-02 1.514408e-01
    endloop
  endfacet
  facet normal -7.688177e-01 -3.125260e-01 5.578949e-01
    outer loop
      vertex   -4.800467e-02 -5.780640e-03 1.616077e-01
      vertex   -4.787612e-02 -1.050474e-02 1.591385e-01
      vertex   -4.580626e-02 -9.090446e-03 1.627832e-01
    endloop
  endfacet
  facet normal -1.725034e-01 8.672317e-01 -4.670672e-01
    outer loop
      vertex   -1.094176e-02 4.559142e-02 1.103791e-01
      vertex   -5.813138e-03 4.415516e-02 1.058182e-01
      vertex   -1.152681e-02 4.301864e-02 1.058182e-01
    endloop
  endfacet
  facet normal 9.189369e-01 -3.435239e-01 -1.937688e-01
    outer loop
      vertex   4.659930e-02 -1.757111e-02 1.211651e-01
      vertex   4.457928e-02 -1.971158e-02 1.153800e-01
      vertex   4.718372e-02 -1.353343e-02 1.167784e-01
    endloop
  endfacet
  facet normal 9.609626e-01 -2.552030e-01 -1.068753e-01
    outer loop
      vertex   4.659930e-02 -1.757111e-02 1.211651e-01
      vertex   4.718372e-02 -1.353343e-02 1.167784e-01
      vertex   4.873258e-02 -1.047258e-02 1.233960e-01
    endloop
  endfacet
  facet normal 9.608160e-01 5.872648e-02 2.708944e-01
    outer loop
      vertex   4.743518e-02 5.708143e-03 1.356109e-01
      vertex   4.814204e-02 -1.001056e-03 1.345583e-01
      vertex   4.944520e-02 2.539307e-03 1.291687e-01
    endloop
  endfacet
  facet normal -8.596216e-01 -4.576827e-01 2.271065e-01
    outer loop
      vertex   -4.077943e-02 -2.663940e-02 1.325368e-01
      vertex   -4.411306e-02 -1.976823e-02 1.337660e-01
      vertex   -4.403037e-02 -2.314755e-02 1.272687e-01
    endloop
  endfacet
  facet normal 7.438514e-01 5.924965e-01 3.092458e-01
    outer loop
      vertex   3.539604e-02 3.282352e-02 1.343469e-01
      vertex   3.815093e-02 2.816903e-02 1.366381e-01
      vertex   3.883812e-02 2.982052e-02 1.318209e-01
    endloop
  endfacet
  facet normal 8.136050e-01 3.620578e-01 4.549298e-01
    outer loop
      vertex   4.034017e-02 2.329352e-02 1.384815e-01
      vertex   4.194294e-02 1.582435e-02 1.415595e-01
      vertex   4.392716e-02 1.858901e-02 1.358106e-01
    endloop
  endfacet
  facet normal 8.261186e-02 1.022447e-01 -9.913230e-01
    outer loop
      vertex   3.380205e-02 1.951562e-02 1.490000e-01
      vertex   3.541417e-02 2.626652e-02 1.498306e-01
      vertex   3.831337e-02 2.326549e-02 1.497627e-01
    endloop
  endfacet
  facet normal 8.751158e-01 -4.107046e-01 2.559180e-01
    outer loop
      vertex   4.602898e-02 -1.735880e-02 1.308523e-01
      vertex   4.323947e-02 -2.045217e-02 1.354267e-01
      vertex   4.328823e-02 -2.378632e-02 1.299092e-01
    endloop
  endfacet
  facet normal 8.011983e-01 -4.748143e-01 3.641876e-01
    outer loop
      vertex   3.966635e-02 -2.748678e-02 1.341159e-01
      vertex   4.323947e-02 -2.045217e-02 1.354267e-01
      vertex   3.959260e-02 -2.396721e-02 1.388669e-01
    endloop
  endfacet
  facet normal 9.116646e-01 -1.676474e-01 3.751826e-01
    outer loop
      vertex   4.601498e-02 -5.687617e-03 1.388212e-01
      vertex   4.583845e-02 -1.276982e-02 1.360855e-01
      vertex   4.801368e-02 -6.741390e-03 1.334936e-01
    endloop
  endfacet
  facet normal -9.816485e-01 1.358558e-02 -1.902148e-01
    outer loop
      vertex   -4.930407e-02 3.451807e-03 1.542982e-01
      vertex   -4.949969e-02 -1.646645e-03 1.549436e-01
      vertex   -4.986362e-02 1.027305e-03 1.570127e-01
    endloop
  endfacet
  facet normal 7.880842e-01 -2.739332e-01 5.512566e-01
    outer loop
      vertex   4.466928e-02 -2.159865e-02 1.592996e-01
      vertex   4.280873e-02 -1.983175e-02 1.628374e-01
      vertex   4.221260e-02 -2.405625e-02 1.615904e-01
    endloop
  endfacet
  facet normal 8.887548e-01 -3.281193e-01 3.200821e-01
    outer loop
      vertex   4.323947e-02 -2.045217e-02 1.354267e-01
      vertex   4.602898e-02 -1.735880e-02 1.308523e-01
      vertex   4.583845e-02 -1.276982e-02 1.360855e-01
    endloop
  endfacet
  facet normal -9.987007e-01 -7.785653e-03 5.036128e-02
    outer loop
      vertex   -4.898769e-02 3.280343e-03 1.605455e-01
      vertex   -4.911070e-02 7.767702e-03 1.587999e-01
      vertex   -4.930407e-02 3.451807e-03 1.542982e-01
    endloop
  endfacet
  facet normal -6.377894e-01 -2.164999e-01 7.391566e-01
    outer loop
      vertex   -4.301864e-02 -1.152681e-02 1.651932e-01
      vertex   -4.379863e-02 -1.549533e-02 1.633578e-01
      vertex   -4.114606e-02 -1.704326e-02 1.651932e-01
    endloop
  endfacet
  facet normal 9.751356e-01 -1.424945e-01 -1.697227e-01
    outer loop
      vertex   4.895306e-02 -4.673588e-03 1.537342e-01
      vertex   4.971272e-02 -3.828647e-03 1.573894e-01
      vertex   4.918778e-02 -7.933891e-03 1.578200e-01
    endloop
  endfacet
  facet normal -8.033733e-01 -5.573451e-01 -2.096613e-01
    outer loop
      vertex   -4.347395e-02 -2.281590e-02 1.167075e-01
      vertex   -3.985018e-02 -2.677917e-02 1.133576e-01
      vertex   -4.209165e-02 -2.651944e-02 1.212560e-01
    endloop
  endfacet
  facet normal 1.770007e-01 8.898410e-01 -4.205398e-01
    outer loop
      vertex   5.813138e-03 4.415516e-02 1.058182e-01
      vertex   9.213833e-03 4.712351e-02 1.135304e-01
      vertex   1.152681e-02 4.301864e-02 1.058182e-01
    endloop
  endfacet
  facet normal 8.975666e-01 -2.484213e-03 -4.408720e-01
    outer loop
      vertex   4.453618e-02 -6.605129e-17 1.058182e-01
      vertex   4.713964e-02 3.538210e-03 1.110986e-01
      vertex   4.723712e-02 -3.347004e-03 1.113359e-01
    endloop
  endfacet
  facet normal 9.887293e-01 -5.261776e-02 -1.401630e-01
    outer loop
      vertex   4.910198e-02 1.017125e-03 1.171224e-01
      vertex   4.981580e-02 -1.549603e-03 1.231214e-01
      vertex   4.874009e-02 -6.724229e-03 1.174757e-01
    endloop
  endfacet
  facet normal 8.392949e-01 -1.356408e-01 5.264842e-01
    outer loop
      vertex   4.283884e-02 -1.040466e-02 1.426691e-01
      vertex   4.601498e-02 -5.687617e-03 1.388212e-01
      vertex   4.273118e-02 -4.467760e-03 1.443703e-01
    endloop
  endfacet
  facet normal 9.580349e-01 2.683475e-01 1.007910e-01
    outer loop
      vertex   4.814367e-02 1.303344e-02 1.234769e-01
      vertex   4.657842e-02 1.594778e-02 1.305957e-01
      vertex   4.851090e-02 9.336725e-03 1.298285e-01
    endloop
  endfacet
  facet normal -8.099681e-01 -5.592541e-01 1.765973e-01
    outer loop
      vertex   -4.077943e-02 -2.663940e-02 1.325368e-01
      vertex   -4.017638e-02 -2.953579e-02 1.261303e-01
      vertex   -3.775162e-02 -3.174112e-02 1.302677e-01
    endloop
  endfacet
  facet normal 1.746292e-01 -8.779186e-01 -4.458290e-01
    outer loop
      vertex   1.024163e-02 -4.649991e-02 1.121700e-01
      vertex   5.813138e-03 -4.415516e-02 1.058182e-01
      vertex   1.152681e-02 -4.301864e-02 1.058182e-01
    endloop
  endfacet
  facet normal -2.072970e-01 -9.311449e-01 -2.999951e-01
    outer loop
      vertex   -9.512670e-03 -4.574772e-02 1.100039e-01
      vertex   -7.520000e-03 -4.852879e-02 1.172591e-01
      vertex   -1.571603e-02 -4.564922e-02 1.139847e-01
    endloop
  endfacet
  facet normal -7.815373e-01 5.734225e-01 2.457356e-01
    outer loop
      vertex   -3.761719e-02 2.930469e-02 1.949733e-01
      vertex   -3.974060e-02 2.840781e-02 1.903128e-01
      vertex   -4.179981e-02 2.413313e-02 1.937387e-01
    endloop
  endfacet
  facet normal -6.717404e-01 5.163174e-01 5.312072e-01
    outer loop
      vertex   -3.950604e-02 2.280883e-02 1.997512e-01
      vertex   -3.274274e-02 2.650419e-02 2.047120e-01
      vertex   -3.317677e-02 3.077156e-02 2.000153e-01
    endloop
  endfacet
  facet normal -3.924426e-01 8.821864e-01 -2.602612e-01
    outer loop
      vertex   -2.381706e-02 4.292109e-02 1.171059e-01
      vertex   -1.912147e-02 4.563320e-02 1.192185e-01
      vertex   -1.949905e-02 4.321330e-02 1.115854e-01
    endloop
  endfacet
  facet normal 8.543890e-01 -5.198711e-02 5.170269e-01
    outer loop
      vertex   4.273118e-02 -4.467760e-03 1.443703e-01
      vertex   4.601498e-02 -5.687617e-03 1.388212e-01
      vertex   4.487430e-02 1.512733e-03 1.414301e-01
    endloop
  endfacet
  facet normal 5.135419e-01 6.574010e-01 5.514514e-01
    outer loop
      vertex   2.939095e-02 3.150784e-02 1.441522e-01
      vertex   2.601725e-02 3.775219e-02 1.398499e-01
      vertex   2.354367e-02 3.538050e-02 1.449808e-01
    endloop
  endfacet
  facet normal -1.061362e-01 7.841960e-02 -9.912545e-01
    outer loop
      vertex   -3.380205e-02 1.951562e-02 1.490000e-01
      vertex   -3.820145e-02 2.208744e-02 1.496745e-01
      vertex   -3.529832e-02 2.485287e-02 1.495824e-01
    endloop
  endfacet
  facet normal -7.561396e-01 -6.469874e-01 9.828626e-02
    outer loop
      vertex   -3.595986e-02 -3.457954e-02 1.253676e-01
      vertex   -3.775162e-02 -3.174112e-02 1.302677e-01
      vertex   -4.017638e-02 -2.953579e-02 1.261303e-01
    endloop
  endfacet
  facet normal -6.734512e-01 -1.604983e-01 7.215980e-01
    outer loop
      vertex   -4.760114e-02 -1.538395e-03 1.629279e-01
      vertex   -4.800467e-02 -5.780640e-03 1.616077e-01
      vertex   -4.415516e-02 -5.813138e-03 1.651932e-01
    endloop
  endfacet
  facet normal 2.219703e-01 -8.732838e-01 -4.337102e-01
    outer loop
      vertex   1.024163e-02 -4.649991e-02 1.121700e-01
      vertex   1.152681e-02 -4.301864e-02 1.058182e-01
      vertex   1.555207e-02 -4.437892e-02 1.106172e-01
    endloop
  endfacet
  facet normal -5.851429e-01 7.486786e-01 3.115897e-01
    outer loop
      vertex   -2.952806e-02 3.657855e-02 1.374251e-01
      vertex   -2.595009e-02 4.068829e-02 1.342695e-01
      vertex   -3.125955e-02 3.801788e-02 1.307151e-01
    endloop
  endfacet
  facet normal 2.830704e-01 -8.338999e-01 -4.737953e-01
    outer loop
      vertex   1.555207e-02 -4.437892e-02 1.106172e-01
      vertex   1.152681e-02 -4.301864e-02 1.058182e-01
      vertex   1.704326e-02 -4.114606e-02 1.058182e-01
    endloop
  endfacet
  facet normal -5.317643e-01 -8.468716e-01 5.933927e-03
    outer loop
      vertex   -3.074591e-02 -3.929159e-02 1.259299e-01
      vertex   -2.686113e-02 -4.177192e-02 1.200766e-01
      vertex   -2.356272e-02 -4.379338e-02 1.271639e-01
    endloop
  endfacet
  facet normal 3.958165e-01 -8.026357e-01 -4.462121e-01
    outer loop
      vertex   2.226809e-02 -3.856946e-02 1.058182e-01
      vertex   2.119503e-02 -4.301479e-02 1.128625e-01
      vertex   1.704326e-02 -4.114606e-02 1.058182e-01
    endloop
  endfacet
  facet normal 9.511641e-01 2.830456e-03 -3.086728e-01
    outer loop
      vertex   4.910198e-02 1.017125e-03 1.171224e-01
      vertex   4.723712e-02 -3.347004e-03 1.113359e-01
      vertex   4.713964e-02 3.538210e-03 1.110986e-01
    endloop
  endfacet
  facet normal 9.009436e-01 -1.441812e-02 4.336965e-01
    outer loop
      vertex   4.487430e-02 1.512733e-03 1.414301e-01
      vertex   4.601498e-02 -5.687617e-03 1.388212e-01
      vertex   4.814204e-02 -1.001056e-03 1.345583e-01
    endloop
  endfacet
  facet normal -4.504853e-01 8.891303e-01 8.068582e-02
    outer loop
      vertex   -2.224432e-02 4.398049e-02 1.303513e-01
      vertex   -1.804478e-02 4.647642e-02 1.262939e-01
      vertex   -2.345458e-02 4.400477e-02 1.233265e-01
    endloop
  endfacet
  facet normal -8.802243e-01 -6.265860e-02 4.704031e-01
    outer loop
      vertex   -4.800467e-02 -5.780640e-03 1.616077e-01
      vertex   -4.760114e-02 -1.538395e-03 1.629279e-01
      vertex   -4.956895e-02 -1.596879e-03 1.592379e-01
    endloop
  endfacet
  facet normal -9.772718e-01 6.212913e-02 2.026813e-01
    outer loop
      vertex   -4.986362e-02 1.027305e-03 1.570127e-01
      vertex   -4.956895e-02 -1.596879e-03 1.592379e-01
      vertex   -4.898769e-02 3.280343e-03 1.605455e-01
    endloop
  endfacet
  facet normal -7.176115e-02 3.500218e-02 -9.968075e-01
    outer loop
      vertex   -3.380205e-02 1.951562e-02 1.490000e-01
      vertex   -3.618914e-02 1.462136e-02 1.490000e-01
      vertex   -3.996221e-02 1.742089e-02 1.493699e-01
    endloop
  endfacet
  facet normal -8.773846e-01 -4.662850e-01 -1.130243e-01
    outer loop
      vertex   -4.573764e-02 -1.987704e-02 1.221557e-01
      vertex   -4.347395e-02 -2.281590e-02 1.167075e-01
      vertex   -4.209165e-02 -2.651944e-02 1.212560e-01
    endloop
  endfacet
  facet normal 9.986308e-01 3.907687e-02 3.477843e-02
    outer loop
      vertex   4.944520e-02 2.539307e-03 1.291687e-01
      vertex   4.981580e-02 -1.549603e-03 1.231214e-01
      vertex   4.951589e-02 6.008296e-03 1.232410e-01
    endloop
  endfacet
  facet normal 7.702213e-01 3.772029e-01 5.142733e-01
    outer loop
      vertex   4.194294e-02 1.582435e-02 1.415595e-01
      vertex   4.034017e-02 2.329352e-02 1.384815e-01
      vertex   3.732212e-02 2.154794e-02 1.442819e-01
    endloop
  endfacet
  facet normal 8.968076e-01 4.415203e-01 -2.821196e-02
    outer loop
      vertex   4.322891e-02 2.496179e-02 1.259166e-01
      vertex   4.594161e-02 1.946064e-02 1.260547e-01
      vertex   4.559925e-02 1.981674e-02 1.207449e-01
    endloop
  endfacet
  facet normal 9.438245e-01 3.183517e-01 -8.858590e-02
    outer loop
      vertex   4.686856e-02 1.515850e-02 1.175282e-01
      vertex   4.559925e-02 1.981674e-02 1.207449e-01
      vertex   4.814367e-02 1.303344e-02 1.234769e-01
    endloop
  endfacet
  facet normal -9.370223e-01 3.485113e-01 -2.300178e-02
    outer loop
      vertex   -4.847395e-02 1.191138e-02 1.570066e-01
      vertex   -4.732096e-02 1.514090e-02 1.589692e-01
      vertex   -4.677929e-02 1.636165e-02 1.553997e-01
    endloop
  endfacet
  facet normal -8.937369e-02 -9.020822e-01 -4.222086e-01
    outer loop
      vertex   -5.813138e-03 -4.415516e-02 1.058182e-01
      vertex   -1.145707e-16 -4.784347e-02 1.124680e-01
      vertex   -9.512670e-03 -4.574772e-02 1.100039e-01
    endloop
  endfacet
  facet normal 8.759966e-01 1.149929e-01 4.684087e-01
    outer loop
      vertex   4.487430e-02 1.512733e-03 1.414301e-01
      vertex   4.743518e-02 5.708143e-03 1.356109e-01
      vertex   4.423650e-02 8.517070e-03 1.409034e-01
    endloop
  endfacet
  facet normal 8.632531e-01 -2.467566e-01 -4.403468e-01
    outer loop
      vertex   4.456186e-02 -1.556669e-02 1.111073e-01
      vertex   4.301864e-02 -1.152681e-02 1.058182e-01
      vertex   4.635683e-02 -9.702383e-03 1.113400e-01
    endloop
  endfacet
  facet normal 8.395116e-01 -2.849753e-01 -4.626114e-01
    outer loop
      vertex   4.301864e-02 -1.152681e-02 1.058182e-01
      vertex   4.456186e-02 -1.556669e-02 1.111073e-01
      vertex   4.114606e-02 -1.704326e-02 1.058182e-01
    endloop
  endfacet
  facet normal 9.008053e-01 3.126197e-01 -3.013615e-01
    outer loop
      vertex   4.686856e-02 1.515850e-02 1.175282e-01
      vertex   4.508086e-02 1.402144e-02 1.110050e-01
      vertex   4.421289e-02 1.945515e-02 1.140473e-01
    endloop
  endfacet
  facet normal 8.983042e-01 3.876274e-01 -2.068684e-01
    outer loop
      vertex   4.686856e-02 1.515850e-02 1.175282e-01
      vertex   4.421289e-02 1.945515e-02 1.140473e-01
      vertex   4.559925e-02 1.981674e-02 1.207449e-01
    endloop
  endfacet
  facet normal 8.944728e-01 3.965508e-01 -2.065571e-01
    outer loop
      vertex   4.267469e-02 2.464205e-02 1.173441e-01
      vertex   4.559925e-02 1.981674e-02 1.207449e-01
      vertex   4.421289e-02 1.945515e-02 1.140473e-01
    endloop
  endfacet
  facet normal 7.348660e-03 9.887540e-01 1.493707e-01
    outer loop
      vertex   -2.474200e-03 4.897831e-02 1.315039e-01
      vertex   4.195958e-03 4.903708e-02 1.307867e-01
      vertex   3.416001e-04 4.986387e-02 1.255034e-01
    endloop
  endfacet
  facet normal -7.538545e-02 -4.585516e-01 8.854645e-01
    outer loop
      vertex   -5.842737e-03 -2.325246e-02 2.183882e-01
      vertex   -2.277316e-17 -2.979278e-02 2.154987e-01
      vertex   -2.192792e-17 -2.443786e-02 2.182718e-01
    endloop
  endfacet
  facet normal -7.601117e-01 -3.895936e-01 5.200452e-01
    outer loop
      vertex   -3.974715e-02 -1.733281e-02 1.437345e-01
      vertex   -4.056443e-02 -2.263514e-02 1.385677e-01
      vertex   -3.687040e-02 -2.205747e-02 1.443997e-01
    endloop
  endfacet
  facet normal 2.292131e-01 4.191338e-01 -8.785148e-01
    outer loop
      vertex   2.313048e-02 3.700500e-02 1.493062e-01
      vertex   2.267136e-02 4.185045e-02 1.514982e-01
      vertex   2.706827e-02 3.892130e-02 1.512479e-01
    endloop
  endfacet
  facet normal -2.791815e-02 -1.495208e-01 -9.883644e-01
    outer loop
      vertex   -1.587544e-02 -3.565682e-02 1.490000e-01
      vertex   -1.469352e-02 -4.136128e-02 1.498296e-01
      vertex   -1.920151e-02 -4.076970e-02 1.498674e-01
    endloop
  endfacet
  facet normal -7.398043e-01 3.690968e-01 -5.625453e-01
    outer loop
      vertex   -4.352498e-02 2.378830e-02 1.550027e-01
      vertex   -4.000751e-02 2.558227e-02 1.515539e-01
      vertex   -4.158476e-02 2.224849e-02 1.514408e-01
    endloop
  endfacet
  facet normal -5.903213e-01 1.424156e-01 -7.945052e-01
    outer loop
      vertex   -4.420587e-02 1.976905e-02 1.529439e-01
      vertex   -4.158476e-02 2.224849e-02 1.514408e-01
      vertex   -3.996221e-02 1.742089e-02 1.493699e-01
    endloop
  endfacet
  facet normal -3.351052e-01 2.734726e-01 -9.016192e-01
    outer loop
      vertex   -3.529832e-02 2.485287e-02 1.495824e-01
      vertex   -4.000751e-02 2.558227e-02 1.515539e-01
      vertex   -3.719999e-02 2.940073e-02 1.516687e-01
    endloop
  endfacet
  facet normal -1.811844e-01 9.333957e-01 -3.097493e-01
    outer loop
      vertex   -8.940634e-03 4.796658e-02 1.530664e-01
      vertex   -1.327531e-02 4.767836e-02 1.547334e-01
      vertex   -8.558486e-03 4.914465e-02 1.563928e-01
    endloop
  endfacet
  facet normal -2.400779e-01 4.392126e-01 -8.657106e-01
    outer loop
      vertex   -2.439353e-02 3.696561e-02 1.496713e-01
      vertex   -2.254878e-02 4.203046e-02 1.517293e-01
      vertex   -1.909957e-02 3.896894e-02 1.492195e-01
    endloop
  endfacet
  facet normal 3.443157e-02 5.510203e-02 -9.978869e-01
    outer loop
      vertex   2.294199e-02 3.157694e-02 1.490000e-01
      vertex   1.832406e-02 3.446254e-02 1.490000e-01
      vertex   2.313048e-02 3.700500e-02 1.493062e-01
    endloop
  endfacet
  facet normal -6.986887e-01 -7.131640e-01 -5.684316e-02
    outer loop
      vertex   -3.825778e-02 -3.115549e-02 1.539761e-01
      vertex   -3.674655e-02 -3.290501e-02 1.573505e-01
      vertex   -3.949135e-02 -3.019755e-02 1.571200e-01
    endloop
  endfacet
  facet normal 6.125002e-02 7.299495e-02 -9.954497e-01
    outer loop
      vertex   2.711338e-02 2.807673e-02 1.490000e-01
      vertex   2.294199e-02 3.157694e-02 1.490000e-01
      vertex   2.731573e-02 3.454403e-02 1.494867e-01
    endloop
  endfacet
  facet normal 2.852830e-02 2.568698e-02 -9.992629e-01
    outer loop
      vertex   3.154203e-02 2.833470e-02 1.491331e-01
      vertex   3.075704e-02 2.403003e-02 1.490000e-01
      vertex   2.711338e-02 2.807673e-02 1.490000e-01
    endloop
  endfacet
  facet normal -3.553713e-01 -3.718219e-02 -9.339854e-01
    outer loop
      vertex   -4.319611e-02 1.277385e-02 1.499476e-01
      vertex   -4.170702e-02 8.049504e-03 1.495691e-01
      vertex   -4.572096e-02 9.442905e-03 1.510409e-01
    endloop
  endfacet
  facet normal 1.432459e-01 6.986759e-02 -9.872179e-01
    outer loop
      vertex   3.618914e-02 1.462136e-02 1.490000e-01
      vertex   3.380205e-02 1.951562e-02 1.490000e-01
      vertex   3.791103e-02 1.861012e-02 1.495321e-01
    endloop
  endfacet
  facet normal -5.269879e-02 -7.536085e-01 6.552076e-01
    outer loop
      vertex   -5.432100e-03 -3.865140e-02 1.490000e-01
      vertex   -4.172855e-03 -4.220243e-02 1.450169e-01
      vertex   -5.703170e-17 -3.903125e-02 1.490000e-01
    endloop
  endfacet
  facet normal -8.683415e-01 -2.059098e-01 4.512030e-01
    outer loop
      vertex   -4.587691e-02 -1.288193e-02 1.619011e-01
      vertex   -4.787612e-02 -1.050474e-02 1.591385e-01
      vertex   -4.726384e-02 -1.494365e-02 1.582911e-01
    endloop
  endfacet
  facet normal -3.104077e-01 -6.460890e-01 -6.972920e-01
    outer loop
      vertex   -1.417066e-02 -4.729450e-02 1.543995e-01
      vertex   -1.094852e-02 -4.471958e-02 1.505793e-01
      vertex   -9.431390e-03 -4.762133e-02 1.525926e-01
    endloop
  endfacet
  facet normal 6.939573e-02 2.254805e-02 -9.973344e-01
    outer loop
      vertex   3.787185e-02 9.442513e-03 1.490000e-01
      vertex   3.618914e-02 1.462136e-02 1.490000e-01
      vertex   4.146330e-02 1.233091e-02 1.493152e-01
    endloop
  endfacet
  facet normal -3.145218e-01 7.064274e-01 6.340634e-01
    outer loop
      vertex   -1.334947e-02 3.667737e-02 1.490000e-01
      vertex   -1.458555e-02 4.027291e-02 1.443810e-01
      vertex   -1.832406e-02 3.446254e-02 1.490000e-01
    endloop
  endfacet
  facet normal 5.993278e-01 -9.476160e-02 7.948751e-01
    outer loop
      vertex   4.742589e-02 9.365075e-04 1.631260e-01
      vertex   4.453618e-02 5.660705e-17 1.651932e-01
      vertex   4.635238e-02 -2.856508e-03 1.634832e-01
    endloop
  endfacet
  facet normal 5.733182e-01 3.757714e-02 8.184707e-01
    outer loop
      vertex   4.742589e-02 9.365075e-04 1.631260e-01
      vertex   4.415516e-02 5.813138e-03 1.651932e-01
      vertex   4.453618e-02 5.660705e-17 1.651932e-01
    endloop
  endfacet
  facet normal 6.034456e-01 1.200330e-01 7.883181e-01
    outer loop
      vertex   4.630148e-02 1.064597e-02 1.628143e-01
      vertex   4.301864e-02 1.152681e-02 1.651932e-01
      vertex   4.415516e-02 5.813138e-03 1.651932e-01
    endloop
  endfacet
  facet normal -1.834971e-01 -4.046205e-01 -8.958856e-01
    outer loop
      vertex   -1.478954e-02 -4.481985e-02 1.514113e-01
      vertex   -1.469352e-02 -4.136128e-02 1.498296e-01
      vertex   -1.094852e-02 -4.471958e-02 1.505793e-01
    endloop
  endfacet
  facet normal -2.538112e-01 -5.672462e-01 -7.834613e-01
    outer loop
      vertex   -1.920151e-02 -4.076970e-02 1.498674e-01
      vertex   -1.811870e-02 -4.481291e-02 1.524440e-01
      vertex   -2.215420e-02 -4.269598e-02 1.522187e-01
    endloop
  endfacet
  facet normal 6.487085e-01 -4.585055e-01 -6.074125e-01
    outer loop
      vertex   4.078094e-02 -2.770918e-02 1.541951e-01
      vertex   3.798804e-02 -2.723809e-02 1.508567e-01
      vertex   4.050155e-02 -2.419199e-02 1.512417e-01
    endloop
  endfacet
  facet normal 7.593096e-01 1.676967e-01 -6.287502e-01
    outer loop
      vertex   4.789753e-02 9.929146e-03 1.540878e-01
      vertex   4.731718e-02 6.071491e-03 1.523581e-01
      vertex   4.517924e-02 9.814076e-03 1.507744e-01
    endloop
  endfacet
  facet normal 6.827073e-01 -1.453187e-01 7.160958e-01
    outer loop
      vertex   4.763813e-02 -1.142060e-02 1.608106e-01
      vertex   4.301864e-02 -1.152681e-02 1.651932e-01
      vertex   4.461916e-02 -1.491326e-02 1.629801e-01
    endloop
  endfacet
  facet normal 6.788342e-01 -1.830958e-01 7.110978e-01
    outer loop
      vertex   4.301864e-02 -1.152681e-02 1.651932e-01
      vertex   4.763813e-02 -1.142060e-02 1.608106e-01
      vertex   4.649252e-02 -7.581961e-03 1.628926e-01
    endloop
  endfacet
  facet normal 6.713163e-01 -7.228149e-02 7.376380e-01
    outer loop
      vertex   4.415516e-02 -5.813138e-03 1.651932e-01
      vertex   4.649252e-02 -7.581961e-03 1.628926e-01
      vertex   4.635238e-02 -2.856508e-03 1.634832e-01
    endloop
  endfacet
  facet normal 6.804713e-01 -7.097160e-02 7.293297e-01
    outer loop
      vertex   4.875688e-02 -3.763074e-03 1.611516e-01
      vertex   4.635238e-02 -2.856508e-03 1.634832e-01
      vertex   4.649252e-02 -7.581961e-03 1.628926e-01
    endloop
  endfacet
  facet normal 8.636377e-01 2.102733e-02 5.036742e-01
    outer loop
      vertex   4.838302e-02 5.339146e-03 1.613010e-01
      vertex   4.742589e-02 9.365075e-04 1.631260e-01
      vertex   4.960986e-02 5.011305e-04 1.593994e-01
    endloop
  endfacet
  facet normal 6.796665e-01 5.807652e-02 7.312186e-01
    outer loop
      vertex   4.630148e-02 1.064597e-02 1.628143e-01
      vertex   4.415516e-02 5.813138e-03 1.651932e-01
      vertex   4.838302e-02 5.339146e-03 1.613010e-01
    endloop
  endfacet
  facet normal 6.786611e-01 1.504467e-01 7.188775e-01
    outer loop
      vertex   4.742589e-02 9.365075e-04 1.631260e-01
      vertex   4.838302e-02 5.339146e-03 1.613010e-01
      vertex   4.415516e-02 5.813138e-03 1.651932e-01
    endloop
  endfacet
  facet normal 8.849483e-01 1.177768e-01 4.505499e-01
    outer loop
      vertex   4.713672e-02 1.420178e-02 1.602443e-01
      vertex   4.630148e-02 1.064597e-02 1.628143e-01
      vertex   4.864087e-02 9.792343e-03 1.584426e-01
    endloop
  endfacet
  facet normal 7.165046e-01 2.901933e-01 6.343572e-01
    outer loop
      vertex   4.713672e-02 1.420178e-02 1.602443e-01
      vertex   4.435569e-02 1.570651e-02 1.626971e-01
      vertex   4.630148e-02 1.064597e-02 1.628143e-01
    endloop
  endfacet
  facet normal 8.571933e-01 5.015932e-01 -1.167214e-01
    outer loop
      vertex   3.886712e-02 3.103171e-02 1.576561e-01
      vertex   4.164981e-02 2.648574e-02 1.585563e-01
      vertex   4.030963e-02 2.752607e-02 1.531849e-01
    endloop
  endfacet
  facet normal 5.866035e-01 -2.892811e-01 7.564475e-01
    outer loop
      vertex   3.856946e-02 -2.226809e-02 1.651932e-01
      vertex   4.280873e-02 -1.983175e-02 1.628374e-01
      vertex   4.114606e-02 -1.704326e-02 1.651932e-01
    endloop
  endfacet
  facet normal 1.329156e-03 9.991303e-01 4.167526e-02
    outer loop
      vertex   6.553142e-04 4.948199e-02 1.548320e-01
      vertex   -2.937216e-03 4.934965e-02 1.581194e-01
      vertex   2.119117e-03 4.932179e-02 1.586259e-01
    endloop
  endfacet
  facet normal 4.846645e-01 5.526539e-01 6.779926e-01
    outer loop
      vertex   3.149183e-02 3.149183e-02 1.651932e-01
      vertex   3.310412e-02 3.439823e-02 1.616715e-01
      vertex   2.711191e-02 3.533293e-02 1.651932e-01
    endloop
  endfacet
  facet normal 6.010254e-01 5.111585e-01 6.143985e-01
    outer loop
      vertex   3.644204e-02 3.205483e-02 1.608424e-01
      vertex   3.494633e-02 3.055421e-02 1.635541e-01
      vertex   3.835491e-02 2.845529e-02 1.619659e-01
    endloop
  endfacet
  facet normal 4.518759e-01 4.202994e-01 -7.868651e-01
    outer loop
      vertex   4.030963e-02 2.752607e-02 1.531849e-01
      vertex   4.165176e-02 2.410839e-02 1.521301e-01
      vertex   3.831337e-02 2.326549e-02 1.497627e-01
    endloop
  endfacet
  facet normal -1.254083e-01 -6.304692e-01 7.660165e-01
    outer loop
      vertex   -1.152681e-02 -4.301864e-02 1.651932e-01
      vertex   -1.002502e-02 -4.604223e-02 1.629505e-01
      vertex   -5.813138e-03 -4.415516e-02 1.651932e-01
    endloop
  endfacet
  facet normal -2.121688e-01 -8.603308e-01 4.634817e-01
    outer loop
      vertex   -1.641124e-02 -4.671631e-02 1.589087e-01
      vertex   -1.199541e-02 -4.789319e-02 1.587456e-01
      vertex   -1.543030e-02 -4.501367e-02 1.625182e-01
    endloop
  endfacet
  facet normal 9.473591e-01 -2.300461e-01 2.226869e-01
    outer loop
      vertex   4.854858e-02 -1.153591e-02 1.568183e-01
      vertex   4.918778e-02 -7.933891e-03 1.578200e-01
      vertex   4.763813e-02 -1.142060e-02 1.608106e-01
    endloop
  endfacet
  facet normal 8.833157e-01 9.411856e-03 4.686841e-01
    outer loop
      vertex   4.763813e-02 -1.142060e-02 1.608106e-01
      vertex   4.918778e-02 -7.933891e-03 1.578200e-01
      vertex   4.649252e-02 -7.581961e-03 1.628926e-01
    endloop
  endfacet
  facet normal 9.641927e-01 -9.741526e-02 2.466633e-01
    outer loop
      vertex   4.971272e-02 -3.828647e-03 1.573894e-01
      vertex   4.875688e-02 -3.763074e-03 1.611516e-01
      vertex   4.918778e-02 -7.933891e-03 1.578200e-01
    endloop
  endfacet
  facet normal 8.639795e-01 3.361957e-02 5.024034e-01
    outer loop
      vertex   4.875688e-02 -3.763074e-03 1.611516e-01
      vertex   4.960986e-02 5.011305e-04 1.593994e-01
      vertex   4.742589e-02 9.365075e-04 1.631260e-01
    endloop
  endfacet
  facet normal 9.647513e-01 -9.160812e-02 2.467040e-01
    outer loop
      vertex   4.971272e-02 -3.828647e-03 1.573894e-01
      vertex   4.960986e-02 5.011305e-04 1.593994e-01
      vertex   4.875688e-02 -3.763074e-03 1.611516e-01
    endloop
  endfacet
  facet normal 9.715376e-01 8.554004e-02 2.209016e-01
    outer loop
      vertex   4.864087e-02 9.792343e-03 1.584426e-01
      vertex   4.838302e-02 5.339146e-03 1.613010e-01
      vertex   4.956397e-02 4.614143e-03 1.563879e-01
    endloop
  endfacet
  facet normal 8.770004e-01 2.225607e-01 4.258370e-01
    outer loop
      vertex   4.838302e-02 5.339146e-03 1.613010e-01
      vertex   4.864087e-02 9.792343e-03 1.584426e-01
      vertex   4.630148e-02 1.064597e-02 1.628143e-01
    endloop
  endfacet
  facet normal 7.502701e-01 5.243786e-01 4.026437e-01
    outer loop
      vertex   3.644204e-02 3.205483e-02 1.608424e-01
      vertex   3.835491e-02 2.845529e-02 1.619659e-01
      vertex   3.886712e-02 3.103171e-02 1.576561e-01
    endloop
  endfacet
  facet normal 1.628155e-01 -1.198514e-01 -9.793502e-01
    outer loop
      vertex   2.520277e-02 -3.318486e-02 1.491516e-01
      vertex   2.887603e-02 -3.011715e-02 1.493868e-01
      vertex   2.862758e-02 -3.423114e-02 1.498490e-01
    endloop
  endfacet
  facet normal -4.609490e-01 8.767443e-01 1.372784e-01
    outer loop
      vertex   -2.333189e-02 4.384170e-02 1.558318e-01
      vertex   -2.501761e-02 4.247169e-02 1.589212e-01
      vertex   -2.014484e-02 4.501288e-02 1.590533e-01
    endloop
  endfacet
  facet normal 5.961127e-01 7.338341e-01 3.257870e-01
    outer loop
      vertex   3.310412e-02 3.439823e-02 1.616715e-01
      vertex   3.644204e-02 3.205483e-02 1.608424e-01
      vertex   3.562413e-02 3.488160e-02 1.559717e-01
    endloop
  endfacet
  facet normal 6.357957e-01 4.248249e-01 6.444282e-01
    outer loop
      vertex   3.856946e-02 2.226809e-02 1.651932e-01
      vertex   3.977465e-02 2.473173e-02 1.623800e-01
      vertex   3.533293e-02 2.711191e-02 1.651932e-01
    endloop
  endfacet
  facet normal 5.274090e-01 7.464793e-01 4.057196e-01
    outer loop
      vertex   2.822741e-02 3.796851e-02 1.627823e-01
      vertex   3.237924e-02 3.768105e-02 1.579141e-01
      vertex   2.842152e-02 4.026068e-02 1.583127e-01
    endloop
  endfacet
  facet normal 5.310325e-01 1.525085e-01 -8.335140e-01
    outer loop
      vertex   4.332244e-02 4.941571e-03 1.496063e-01
      vertex   4.731718e-02 6.071491e-03 1.523581e-01
      vertex   4.579167e-02 2.010528e-03 1.506432e-01
    endloop
  endfacet
  facet normal 1.201929e-01 9.906131e-01 6.511046e-02
    outer loop
      vertex   5.703612e-03 4.913587e-02 1.548378e-01
      vertex   2.119117e-03 4.932179e-02 1.586259e-01
      vertex   6.773125e-03 4.869191e-02 1.596180e-01
    endloop
  endfacet
  facet normal -1.202165e-01 9.704522e-01 2.092142e-01
    outer loop
      vertex   -7.427819e-03 4.851521e-02 1.599622e-01
      vertex   -8.558486e-03 4.914465e-02 1.563928e-01
      vertex   -1.226722e-02 4.813696e-02 1.589360e-01
    endloop
  endfacet
  facet normal 9.738611e-01 -2.221887e-01 -4.718856e-02
    outer loop
      vertex   4.630063e-02 -1.847257e-02 1.569828e-01
      vertex   4.723626e-02 -1.370383e-02 1.538382e-01
      vertex   4.726365e-02 -1.477642e-02 1.594538e-01
    endloop
  endfacet
  facet normal -1.644895e-01 3.441351e-01 -9.243994e-01
    outer loop
      vertex   -1.909957e-02 3.896894e-02 1.492195e-01
      vertex   -1.830939e-02 4.285495e-02 1.505256e-01
      vertex   -1.505831e-02 4.086572e-02 1.492066e-01
    endloop
  endfacet
  facet normal 5.643191e-01 1.321486e-01 -8.149115e-01
    outer loop
      vertex   4.838970e-02 2.462056e-03 1.525155e-01
      vertex   4.579167e-02 2.010528e-03 1.506432e-01
      vertex   4.731718e-02 6.071491e-03 1.523581e-01
    endloop
  endfacet
  facet normal 9.995867e-01 2.755294e-02 -8.200008e-03
    outer loop
      vertex   4.960986e-02 5.011305e-04 1.593994e-01
      vertex   4.971272e-02 -3.828647e-03 1.573894e-01
      vertex   4.959754e-02 -3.395573e-04 1.550737e-01
    endloop
  endfacet
  facet normal 9.999588e-01 7.941801e-03 -4.389643e-03
    outer loop
      vertex   4.956397e-02 4.614143e-03 1.563879e-01
      vertex   4.960986e-02 5.011305e-04 1.593994e-01
      vertex   4.959754e-02 -3.395573e-04 1.550737e-01
    endloop
  endfacet
  facet normal 9.645114e-01 1.629065e-01 2.077962e-01
    outer loop
      vertex   4.960986e-02 5.011305e-04 1.593994e-01
      vertex   4.956397e-02 4.614143e-03 1.563879e-01
      vertex   4.838302e-02 5.339146e-03 1.613010e-01
    endloop
  endfacet
  facet normal -3.490420e-01 8.745614e-01 3.366187e-01
    outer loop
      vertex   -1.703282e-02 4.692415e-02 1.571455e-01
      vertex   -1.638130e-02 4.545510e-02 1.616377e-01
      vertex   -1.226722e-02 4.813696e-02 1.589360e-01
    endloop
  endfacet
  facet normal 9.535611e-01 2.760078e-01 1.205859e-01
    outer loop
      vertex   4.713672e-02 1.420178e-02 1.602443e-01
      vertex   4.864087e-02 9.792343e-03 1.584426e-01
      vertex   4.759568e-02 1.447176e-02 1.559970e-01
    endloop
  endfacet
  facet normal 2.129494e-01 2.996697e-02 -9.766036e-01
    outer loop
      vertex   4.137699e-02 2.044860e-02 1.503443e-01
      vertex   3.791103e-02 1.861012e-02 1.495321e-01
      vertex   3.831337e-02 2.326549e-02 1.497627e-01
    endloop
  endfacet
  facet normal 5.437521e-01 3.618899e-01 -7.572116e-01
    outer loop
      vertex   4.492043e-02 1.850919e-02 1.531973e-01
      vertex   4.542311e-02 1.424166e-02 1.515187e-01
      vertex   4.183181e-02 1.671809e-02 1.501233e-01
    endloop
  endfacet
  facet normal 8.054126e-01 4.875458e-01 3.370602e-01
    outer loop
      vertex   4.376713e-02 2.364260e-02 1.558102e-01
      vertex   4.286571e-02 2.107416e-02 1.616793e-01
      vertex   4.567854e-02 1.862486e-02 1.585008e-01
    endloop
  endfacet
  facet normal 1.646490e-01 -1.425257e-01 -9.760006e-01
    outer loop
      vertex   2.887603e-02 -3.011715e-02 1.493868e-01
      vertex   3.309321e-02 -2.692733e-02 1.496325e-01
      vertex   3.198783e-02 -3.216167e-02 1.502104e-01
    endloop
  endfacet
  facet normal 6.670950e-01 6.874837e-01 2.869675e-01
    outer loop
      vertex   3.886712e-02 3.103171e-02 1.576561e-01
      vertex   3.562413e-02 3.488160e-02 1.559717e-01
      vertex   3.644204e-02 3.205483e-02 1.608424e-01
    endloop
  endfacet
  facet normal 8.888292e-01 -1.233993e-01 -4.413108e-01
    outer loop
      vertex   4.635683e-02 -9.702383e-03 1.113400e-01
      vertex   4.415516e-02 -5.813138e-03 1.058182e-01
      vertex   4.723712e-02 -3.347004e-03 1.113359e-01
    endloop
  endfacet
  facet normal 2.619086e-01 5.150494e-01 8.161667e-01
    outer loop
      vertex   1.039037e-02 2.888091e-02 2.148044e-01
      vertex   1.907205e-02 2.854066e-02 2.122332e-01
      vertex   1.287667e-02 3.401109e-02 2.107691e-01
    endloop
  endfacet
  facet normal 9.004075e-01 3.317119e-01 -2.814846e-01
    outer loop
      vertex   4.453791e-02 1.619401e-02 1.710356e-01
      vertex   4.454672e-02 1.991874e-02 1.754531e-01
      vertex   4.696084e-02 1.498609e-02 1.773625e-01
    endloop
  endfacet
  facet normal -3.265544e-01 -8.175167e-01 4.743719e-01
    outer loop
      vertex   -2.058151e-02 -4.463073e-02 1.596321e-01
      vertex   -1.641124e-02 -4.671631e-02 1.589087e-01
      vertex   -1.543030e-02 -4.501367e-02 1.625182e-01
    endloop
  endfacet
  facet normal 4.806707e-01 3.130963e-01 -8.191010e-01
    outer loop
      vertex   4.030963e-02 2.752607e-02 1.531849e-01
      vertex   3.541417e-02 2.626652e-02 1.498306e-01
      vertex   3.740974e-02 3.123998e-02 1.529028e-01
    endloop
  endfacet
  facet normal -7.109249e-01 1.001843e-01 -6.960955e-01
    outer loop
      vertex   -4.570892e-02 5.157060e-03 1.504118e-01
      vertex   -4.835832e-02 8.133590e-03 1.535460e-01
      vertex   -4.572096e-02 9.442905e-03 1.510409e-01
    endloop
  endfacet
  facet normal 5.479159e-02 4.826325e-01 -8.741074e-01
    outer loop
      vertex   -5.382430e-04 4.751502e-02 1.515300e-01
      vertex   4.085141e-03 4.705925e-02 1.515681e-01
      vertex   1.868507e-03 4.449551e-02 1.500136e-01
    endloop
  endfacet
  facet normal 9.139177e-01 -3.326688e-01 -2.325638e-01
    outer loop
      vertex   4.570500e-02 -1.766607e-02 1.534885e-01
      vertex   4.723626e-02 -1.370383e-02 1.538382e-01
      vertex   4.630063e-02 -1.847257e-02 1.569828e-01
    endloop
  endfacet
  facet normal -3.812694e-01 -7.856978e-01 4.871473e-01
    outer loop
      vertex   -2.005373e-02 -3.889129e-02 2.025853e-01
      vertex   -2.210216e-02 -4.136810e-02 1.969873e-01
      vertex   -1.648579e-02 -4.285487e-02 1.989851e-01
    endloop
  endfacet
  facet normal 9.220909e-01 -3.206970e-01 2.165684e-01
    outer loop
      vertex   4.630063e-02 -1.847257e-02 1.569828e-01
      vertex   4.563149e-02 -1.801245e-02 1.605132e-01
      vertex   4.466928e-02 -2.159865e-02 1.592996e-01
    endloop
  endfacet
  facet normal -1.292734e-01 -2.909412e-02 -9.911821e-01
    outer loop
      vertex   -3.244972e-02 -2.973189e-02 1.495553e-01
      vertex   -3.455394e-02 -2.636659e-02 1.497309e-01
      vertex   -2.900587e-02 -2.611700e-02 1.490000e-01
    endloop
  endfacet
  facet normal 9.790897e-01 -8.906526e-02 -1.828953e-01
    outer loop
      vertex   4.895306e-02 -4.673588e-03 1.537342e-01
      vertex   4.959754e-02 -3.395573e-04 1.550737e-01
      vertex   4.971272e-02 -3.828647e-03 1.573894e-01
    endloop
  endfacet
  facet normal 9.597545e-01 2.331914e-01 -1.565026e-01
    outer loop
      vertex   4.864087e-02 9.792343e-03 1.584426e-01
      vertex   4.956397e-02 4.614143e-03 1.563879e-01
      vertex   4.789753e-02 9.929146e-03 1.540878e-01
    endloop
  endfacet
  facet normal 8.818319e-01 2.444462e-01 -4.032599e-01
    outer loop
      vertex   4.956397e-02 4.614143e-03 1.563879e-01
      vertex   4.838970e-02 2.462056e-03 1.525155e-01
      vertex   4.731718e-02 6.071491e-03 1.523581e-01
    endloop
  endfacet
  facet normal 7.310844e-01 2.983650e-01 6.135910e-01
    outer loop
      vertex   3.618914e-02 1.462136e-02 1.490000e-01
      vertex   4.194294e-02 1.582435e-02 1.415595e-01
      vertex   3.732212e-02 2.154794e-02 1.442819e-01
    endloop
  endfacet
  facet normal 4.300974e-01 8.944849e-01 1.221190e-01
    outer loop
      vertex   1.516123e-02 4.750828e-02 1.571865e-01
      vertex   1.842845e-02 4.554078e-02 1.600908e-01
      vertex   2.039031e-02 4.526789e-02 1.551801e-01
    endloop
  endfacet
  facet normal 3.520977e-01 7.846889e-01 -5.101868e-01
    outer loop
      vertex   2.267136e-02 4.185045e-02 1.514982e-01
      vertex   2.039031e-02 4.526789e-02 1.551801e-01
      vertex   2.553958e-02 4.224918e-02 1.540909e-01
    endloop
  endfacet
  facet normal 9.776265e-01 1.333351e-01 -1.626903e-01
    outer loop
      vertex   4.864087e-02 9.792343e-03 1.584426e-01
      vertex   4.789753e-02 9.929146e-03 1.540878e-01
      vertex   4.759568e-02 1.447176e-02 1.559970e-01
    endloop
  endfacet
  facet normal -7.748843e-01 -1.642014e-01 6.104034e-01
    outer loop
      vertex   -4.289484e-02 -4.037307e-03 1.440797e-01
      vertex   -4.303814e-02 -1.160483e-02 1.418621e-01
      vertex   -3.843827e-02 -6.777705e-03 1.490000e-01
    endloop
  endfacet
  facet normal 1.451854e-01 -4.090871e-01 -9.008712e-01
    outer loop
      vertex   2.442250e-02 -3.716552e-02 1.497401e-01
      vertex   2.232227e-02 -4.083932e-02 1.510699e-01
      vertex   1.919061e-02 -3.861137e-02 1.495535e-01
    endloop
  endfacet
  facet normal 8.694682e-01 -1.729483e-01 -4.627245e-01
    outer loop
      vertex   4.301864e-02 -1.152681e-02 1.651932e-01
      vertex   4.415516e-02 -5.813138e-03 1.651932e-01
      vertex   4.589644e-02 -9.347854e-03 1.697862e-01
    endloop
  endfacet
  facet normal 7.465682e-01 1.316401e-01 6.521555e-01
    outer loop
      vertex   3.787185e-02 9.442513e-03 1.490000e-01
      vertex   3.881743e-02 4.079876e-03 1.490000e-01
      vertex   4.209857e-02 5.465780e-03 1.449641e-01
    endloop
  endfacet
  facet normal 7.854258e-01 4.800507e-01 -3.907142e-01
    outer loop
      vertex   4.376713e-02 2.364260e-02 1.558102e-01
      vertex   4.332983e-02 2.174904e-02 1.526046e-01
      vertex   4.165176e-02 2.410839e-02 1.521301e-01
    endloop
  endfacet
  facet normal -2.281339e-01 9.722733e-01 -5.137588e-02
    outer loop
      vertex   -1.703282e-02 4.692415e-02 1.571455e-01
      vertex   -1.226722e-02 4.813696e-02 1.589360e-01
      vertex   -1.327531e-02 4.767836e-02 1.547334e-01
    endloop
  endfacet
  facet normal 7.779379e-01 5.912786e-01 -2.126082e-01
    outer loop
      vertex   3.740974e-02 3.123998e-02 1.529028e-01
      vertex   3.886712e-02 3.103171e-02 1.576561e-01
      vertex   4.030963e-02 2.752607e-02 1.531849e-01
    endloop
  endfacet
  facet normal 7.913179e-01 5.713788e-01 -2.175825e-01
    outer loop
      vertex   3.740974e-02 3.123998e-02 1.529028e-01
      vertex   3.562413e-02 3.488160e-02 1.559717e-01
      vertex   3.886712e-02 3.103171e-02 1.576561e-01
    endloop
  endfacet
  facet normal 4.795774e-01 4.205782e-01 7.701425e-01
    outer loop
      vertex   3.533293e-02 2.711191e-02 1.651932e-01
      vertex   3.494633e-02 3.055421e-02 1.635541e-01
      vertex   3.149183e-02 3.149183e-02 1.651932e-01
    endloop
  endfacet
  facet normal 4.546973e-01 -6.258370e-01 6.337022e-01
    outer loop
      vertex   2.068341e-02 -3.310037e-02 1.490000e-01
      vertex   2.480760e-02 -3.589521e-02 1.432806e-01
      vertex   2.508880e-02 -2.989967e-02 1.490000e-01
    endloop
  endfacet
  facet normal -4.264804e-01 7.595724e-01 4.910847e-01
    outer loop
      vertex   -1.638130e-02 4.545510e-02 1.616377e-01
      vertex   -2.014484e-02 4.501288e-02 1.590533e-01
      vertex   -2.112572e-02 4.249932e-02 1.620892e-01
    endloop
  endfacet
  facet normal 6.345336e-01 6.549972e-01 -4.102996e-01
    outer loop
      vertex   3.373819e-02 3.414694e-02 1.518823e-01
      vertex   3.130654e-02 3.699391e-02 1.526666e-01
      vertex   3.562413e-02 3.488160e-02 1.559717e-01
    endloop
  endfacet
  facet normal 6.080535e-01 7.928021e-01 -4.166222e-02
    outer loop
      vertex   2.429074e-02 4.336738e-02 1.571428e-01
      vertex   2.842152e-02 4.026068e-02 1.583127e-01
      vertex   2.553958e-02 4.224918e-02 1.540909e-01
    endloop
  endfacet
  facet normal 7.528579e-01 -1.877086e-01 6.308490e-01
    outer loop
      vertex   4.283884e-02 -1.040466e-02 1.426691e-01
      vertex   3.843827e-02 -6.777705e-03 1.490000e-01
      vertex   3.712092e-02 -1.206132e-02 1.490000e-01
    endloop
  endfacet
  facet normal 1.685760e-01 5.790832e-02 -9.839862e-01
    outer loop
      vertex   3.843827e-02 -6.777705e-03 1.490000e-01
      vertex   4.242219e-02 -4.041760e-03 1.498435e-01
      vertex   4.152622e-02 -8.881636e-03 1.494052e-01
    endloop
  endfacet
  facet normal 7.352355e-01 -3.569526e-01 -5.762062e-01
    outer loop
      vertex   4.390235e-02 -2.292705e-02 1.544475e-01
      vertex   4.260633e-02 -2.012523e-02 1.510580e-01
      vertex   4.570500e-02 -1.766607e-02 1.534885e-01
    endloop
  endfacet
  facet normal -4.040798e-01 -3.903562e-01 -8.272494e-01
    outer loop
      vertex   -1.920151e-02 -4.076970e-02 1.498674e-01
      vertex   -2.215420e-02 -4.269598e-02 1.522187e-01
      vertex   -2.179123e-02 -3.742795e-02 1.495555e-01
    endloop
  endfacet
  facet normal 8.250245e-01 3.726603e-01 -4.248044e-01
    outer loop
      vertex   4.453791e-02 1.619401e-02 1.710356e-01
      vertex   4.114606e-02 1.704326e-02 1.651932e-01
      vertex   4.139431e-02 2.390211e-02 1.716922e-01
    endloop
  endfacet
  facet normal 6.141264e-01 -5.120638e-01 6.005326e-01
    outer loop
      vertex   3.648300e-02 -2.241356e-02 1.445115e-01
      vertex   2.900587e-02 -2.611700e-02 1.490000e-01
      vertex   3.520560e-02 -2.922221e-02 1.400122e-01
    endloop
  endfacet
  facet normal 5.890795e-01 -5.465772e-01 5.951796e-01
    outer loop
      vertex   3.520560e-02 -2.922221e-02 1.400122e-01
      vertex   2.900587e-02 -2.611700e-02 1.490000e-01
      vertex   2.956372e-02 -3.344529e-02 1.417180e-01
    endloop
  endfacet
  facet normal 4.209213e-01 -6.575624e-01 6.248496e-01
    outer loop
      vertex   2.480760e-02 -3.589521e-02 1.432806e-01
      vertex   2.068341e-02 -3.310037e-02 1.490000e-01
      vertex   1.912817e-02 -3.825957e-02 1.446184e-01
    endloop
  endfacet
  facet normal 8.804071e-01 -5.770475e-02 -4.706946e-01
    outer loop
      vertex   4.415516e-02 -5.813138e-03 1.651932e-01
      vertex   4.453618e-02 5.660705e-17 1.651932e-01
      vertex   4.663316e-02 -3.928956e-03 1.695971e-01
    endloop
  endfacet
  facet normal 7.503007e-01 -7.885981e-02 6.563764e-01
    outer loop
      vertex   3.843827e-02 -6.777705e-03 1.490000e-01
      vertex   4.273118e-02 -4.467760e-03 1.443703e-01
      vertex   3.900747e-02 -1.362171e-03 1.490000e-01
    endloop
  endfacet
  facet normal 8.015561e-01 4.397915e-01 -4.050818e-01
    outer loop
      vertex   4.165176e-02 2.410839e-02 1.521301e-01
      vertex   4.030963e-02 2.752607e-02 1.531849e-01
      vertex   4.376713e-02 2.364260e-02 1.558102e-01
    endloop
  endfacet
  facet normal -4.564476e-02 -6.964067e-01 7.161943e-01
    outer loop
      vertex   -5.813138e-03 -4.415516e-02 1.651932e-01
      vertex   -2.697200e-03 -4.636954e-02 1.632386e-01
      vertex   -3.635048e-17 -4.453618e-02 1.651932e-01
    endloop
  endfacet
  facet normal -1.174159e-01 -7.569220e-01 6.428705e-01
    outer loop
      vertex   1.214720e-03 -4.754323e-02 1.625711e-01
      vertex   -2.697200e-03 -4.636954e-02 1.632386e-01
      vertex   -2.708518e-03 -4.892334e-02 1.602296e-01
    endloop
  endfacet
  facet normal 1.613434e-01 -4.868410e-01 -8.584603e-01
    outer loop
      vertex   8.630722e-03 -4.692709e-02 1.520487e-01
      vertex   4.902352e-03 -4.727149e-02 1.515433e-01
      vertex   7.775958e-03 -4.277646e-02 1.495342e-01
    endloop
  endfacet
  facet normal -3.674001e-01 -1.616466e-02 -9.299225e-01
    outer loop
      vertex   -4.708443e-02 -3.515504e-04 1.510510e-01
      vertex   -4.570892e-02 5.157060e-03 1.504118e-01
      vertex   -4.268091e-02 2.462183e-03 1.492623e-01
    endloop
  endfacet
  facet normal 9.365293e-01 9.581239e-02 -3.372430e-01
    outer loop
      vertex   4.959754e-02 -3.395573e-04 1.550737e-01
      vertex   4.838970e-02 2.462056e-03 1.525155e-01
      vertex   4.956397e-02 4.614143e-03 1.563879e-01
    endloop
  endfacet
  facet normal 2.353430e-01 -1.010609e-01 -9.666439e-01
    outer loop
      vertex   3.309321e-02 -2.692733e-02 1.496325e-01
      vertex   3.798804e-02 -2.723809e-02 1.508567e-01
      vertex   3.534225e-02 -3.007046e-02 1.505086e-01
    endloop
  endfacet
  facet normal 8.685225e-01 2.399751e-01 -4.336825e-01
    outer loop
      vertex   4.542311e-02 1.424166e-02 1.515187e-01
      vertex   4.759568e-02 1.447176e-02 1.559970e-01
      vertex   4.789753e-02 9.929146e-03 1.540878e-01
    endloop
  endfacet
  facet normal 4.984579e-01 -8.344263e-01 -2.351011e-01
    outer loop
      vertex   2.524447e-02 -4.290647e-02 1.572078e-01
      vertex   2.230175e-02 -4.368905e-02 1.537463e-01
      vertex   2.633271e-02 -4.117175e-02 1.533582e-01
    endloop
  endfacet
  facet normal 6.793699e-01 2.046165e-01 -7.046905e-01
    outer loop
      vertex   4.137699e-02 2.044860e-02 1.503443e-01
      vertex   4.332983e-02 2.174904e-02 1.526046e-01
      vertex   4.492043e-02 1.850919e-02 1.531973e-01
    endloop
  endfacet
  facet normal 8.687582e-01 3.653530e-01 -3.343298e-01
    outer loop
      vertex   4.492043e-02 1.850919e-02 1.531973e-01
      vertex   4.332983e-02 2.174904e-02 1.526046e-01
      vertex   4.376713e-02 2.364260e-02 1.558102e-01
    endloop
  endfacet
  facet normal 3.994622e-02 8.972065e-02 -9.951656e-01
    outer loop
      vertex   1.866805e-02 3.959976e-02 1.494769e-01
      vertex   1.832406e-02 3.446254e-02 1.490000e-01
      vertex   1.334947e-02 3.667737e-02 1.490000e-01
    endloop
  endfacet
  facet normal 2.170103e-02 -7.818335e-01 6.231095e-01
    outer loop
      vertex   5.109656e-03 -4.266656e-02 1.442607e-01
      vertex   -5.703170e-17 -3.903125e-02 1.490000e-01
      vertex   -1.289843e-16 -4.480107e-02 1.417604e-01
    endloop
  endfacet
  facet normal -9.503603e-01 1.891562e-01 2.470532e-01
    outer loop
      vertex   -4.745645e-02 1.143853e-02 1.612827e-01
      vertex   -4.732096e-02 1.514090e-02 1.589692e-01
      vertex   -4.847395e-02 1.191138e-02 1.570066e-01
    endloop
  endfacet
  facet normal 7.820673e-01 1.922461e-01 5.928003e-01
    outer loop
      vertex   3.787185e-02 9.442513e-03 1.490000e-01
      vertex   4.423650e-02 8.517070e-03 1.409034e-01
      vertex   4.194294e-02 1.582435e-02 1.415595e-01
    endloop
  endfacet
  facet normal 6.334896e-01 6.561756e-01 -4.100298e-01
    outer loop
      vertex   3.373819e-02 3.414694e-02 1.518823e-01
      vertex   3.562413e-02 3.488160e-02 1.559717e-01
      vertex   3.740974e-02 3.123998e-02 1.529028e-01
    endloop
  endfacet
  facet normal 5.589158e-01 7.997875e-01 -2.189820e-01
    outer loop
      vertex   3.237924e-02 3.768105e-02 1.579141e-01
      vertex   3.562413e-02 3.488160e-02 1.559717e-01
      vertex   3.130654e-02 3.699391e-02 1.526666e-01
    endloop
  endfacet
  facet normal -2.396276e-01 -9.661608e-01 9.545627e-02
    outer loop
      vertex   -1.199541e-02 -4.789319e-02 1.587456e-01
      vertex   -9.395981e-03 -4.884547e-02 1.556325e-01
      vertex   -7.505295e-03 -4.896576e-02 1.591613e-01
    endloop
  endfacet
  facet normal 4.916969e-01 6.997305e-01 -5.182773e-01
    outer loop
      vertex   2.706827e-02 3.892130e-02 1.512479e-01
      vertex   2.889890e-02 4.000440e-02 1.544469e-01
      vertex   3.130654e-02 3.699391e-02 1.526666e-01
    endloop
  endfacet
  facet normal -5.918217e-02 7.883578e-01 6.123638e-01
    outer loop
      vertex   -7.198623e-03 4.284194e-02 1.435391e-01
      vertex   -2.722682e-03 3.893617e-02 1.490000e-01
      vertex   -1.050389e-03 4.463128e-02 1.418297e-01
    endloop
  endfacet
  facet normal 4.108281e-01 7.810016e-01 -4.703794e-01
    outer loop
      vertex   2.267136e-02 4.185045e-02 1.514982e-01
      vertex   1.745992e-02 4.519510e-02 1.524998e-01
      vertex   2.039031e-02 4.526789e-02 1.551801e-01
    endloop
  endfacet
  facet normal 4.283523e-01 6.925848e-01 -5.803797e-01
    outer loop
      vertex   2.553958e-02 4.224918e-02 1.540909e-01
      vertex   2.706827e-02 3.892130e-02 1.512479e-01
      vertex   2.267136e-02 4.185045e-02 1.514982e-01
    endloop
  endfacet
  facet normal 5.110932e-01 6.818485e-01 -5.233224e-01
    outer loop
      vertex   2.889890e-02 4.000440e-02 1.544469e-01
      vertex   2.706827e-02 3.892130e-02 1.512479e-01
      vertex   2.553958e-02 4.224918e-02 1.540909e-01
    endloop
  endfacet
  facet normal 7.629400e-01 -1.652519e-01 6.249915e-01
    outer loop
      vertex   4.283884e-02 -1.040466e-02 1.426691e-01
      vertex   4.273118e-02 -4.467760e-03 1.443703e-01
      vertex   3.843827e-02 -6.777705e-03 1.490000e-01
    endloop
  endfacet
  facet normal 3.673004e-01 7.300931e-01 5.762417e-01
    outer loop
      vertex   2.044624e-02 4.217309e-02 1.628978e-01
      vertex   2.530751e-02 4.134051e-02 1.608541e-01
      vertex   2.243131e-02 4.342624e-02 1.600448e-01
    endloop
  endfacet
  facet normal 7.508396e-01 -2.357151e-01 -6.169913e-01
    outer loop
      vertex   4.570500e-02 -1.766607e-02 1.534885e-01
      vertex   4.436047e-02 -1.537640e-02 1.509776e-01
      vertex   4.723626e-02 -1.370383e-02 1.538382e-01
    endloop
  endfacet
  facet normal -5.848045e-02 -1.310321e-01 -9.896518e-01
    outer loop
      vertex   -3.586495e-02 -2.262936e-02 1.493136e-01
      vertex   -3.235837e-02 -2.182600e-02 1.490000e-01
      vertex   -3.455394e-02 -2.636659e-02 1.497309e-01
    endloop
  endfacet
  facet normal 3.087427e-01 -7.531309e-02 -9.481592e-01
    outer loop
      vertex   4.247316e-02 1.028716e-03 1.496406e-01
      vertex   4.332244e-02 4.941571e-03 1.496063e-01
      vertex   4.579167e-02 2.010528e-03 1.506432e-01
    endloop
  endfacet
  facet normal -2.129298e-01 7.425748e-01 6.350146e-01
    outer loop
      vertex   -1.334947e-02 3.667737e-02 1.490000e-01
      vertex   -8.115053e-03 3.817832e-02 1.490000e-01
      vertex   -1.458555e-02 4.027291e-02 1.443810e-01
    endloop
  endfacet
  facet normal 0.000000e+00 7.686259e-01 6.396986e-01
    outer loop
      vertex   2.722682e-03 3.893617e-02 1.490000e-01
      vertex   3.849888e-03 4.193641e-02 1.453951e-01
      vertex   -2.722682e-03 3.893617e-02 1.490000e-01
    endloop
  endfacet
  facet normal 3.591502e-01 6.970039e-01 6.206421e-01
    outer loop
      vertex   1.832406e-02 3.446254e-02 1.490000e-01
      vertex   2.067813e-02 3.949237e-02 1.419891e-01
      vertex   1.519680e-02 4.035929e-02 1.441874e-01
    endloop
  endfacet
  facet normal 3.550291e-01 6.990423e-01 6.207207e-01
    outer loop
      vertex   1.832406e-02 3.446254e-02 1.490000e-01
      vertex   2.354367e-02 3.538050e-02 1.449808e-01
      vertex   2.067813e-02 3.949237e-02 1.419891e-01
    endloop
  endfacet
  facet normal 1.591421e-01 -7.487049e-01 6.435175e-01
    outer loop
      vertex   1.075847e-02 -3.751924e-02 1.490000e-01
      vertex   5.432100e-03 -3.865140e-02 1.490000e-01
      vertex   1.148378e-02 -4.147899e-02 1.442136e-01
    endloop
  endfacet
  facet normal 7.177348e-01 -3.294571e-01 6.134451e-01
    outer loop
      vertex   4.132299e-02 -1.735423e-02 1.415658e-01
      vertex   3.508105e-02 -1.711017e-02 1.490000e-01
      vertex   3.648300e-02 -2.241356e-02 1.445115e-01
    endloop
  endfacet
  facet normal -1.247445e-01 6.271320e-01 7.688591e-01
    outer loop
      vertex   -5.813138e-03 4.415516e-02 1.651932e-01
      vertex   -8.962815e-03 4.654986e-02 1.627289e-01
      vertex   -1.152681e-02 4.301864e-02 1.651932e-01
    endloop
  endfacet
  facet normal -5.592379e-02 1.817074e-02 -9.982697e-01
    outer loop
      vertex   -3.618914e-02 1.462136e-02 1.490000e-01
      vertex   -3.787185e-02 9.442513e-03 1.490000e-01
      vertex   -3.955048e-02 1.274349e-02 1.491541e-01
    endloop
  endfacet
  facet normal 5.014089e-01 8.097250e-01 3.048516e-01
    outer loop
      vertex   2.429074e-02 4.336738e-02 1.571428e-01
      vertex   2.243131e-02 4.342624e-02 1.600448e-01
      vertex   2.530751e-02 4.134051e-02 1.608541e-01
    endloop
  endfacet
  facet normal 6.496423e-02 2.807547e-02 -9.974926e-01
    outer loop
      vertex   4.146330e-02 1.233091e-02 1.493152e-01
      vertex   4.175474e-02 8.285854e-03 1.492203e-01
      vertex   3.787185e-02 9.442513e-03 1.490000e-01
    endloop
  endfacet
  facet normal 6.250978e-01 -2.515154e-01 7.389132e-01
    outer loop
      vertex   4.114606e-02 -1.704326e-02 1.651932e-01
      vertex   4.280873e-02 -1.983175e-02 1.628374e-01
      vertex   4.461916e-02 -1.491326e-02 1.629801e-01
    endloop
  endfacet
  facet normal 5.494684e-01 5.648364e-01 6.156657e-01
    outer loop
      vertex   3.494633e-02 3.055421e-02 1.635541e-01
      vertex   3.644204e-02 3.205483e-02 1.608424e-01
      vertex   3.310412e-02 3.439823e-02 1.616715e-01
    endloop
  endfacet
  facet normal 1.772853e-02 2.008756e-01 -9.794563e-01
    outer loop
      vertex   2.711338e-02 2.807673e-02 1.490000e-01
      vertex   3.025405e-02 3.224319e-02 1.499113e-01
      vertex   3.154203e-02 2.833470e-02 1.491331e-01
    endloop
  endfacet
  facet normal -4.928817e-01 8.652454e-01 -9.174965e-02
    outer loop
      vertex   -2.716798e-02 4.079239e-02 1.535227e-01
      vertex   -3.129041e-02 3.868078e-02 1.557550e-01
      vertex   -2.958319e-02 3.997773e-02 1.588146e-01
    endloop
  endfacet
  facet normal -3.907504e-02 -2.590156e-01 -9.650824e-01
    outer loop
      vertex   -1.087559e-02 -4.126379e-02 1.496488e-01
      vertex   -1.094852e-02 -4.471958e-02 1.505793e-01
      vertex   -1.469352e-02 -4.136128e-02 1.498296e-01
    endloop
  endfacet
  facet normal -5.426200e-01 -1.823158e-01 -8.199540e-01
    outer loop
      vertex   -4.534517e-02 -8.279034e-03 1.504779e-01
      vertex   -4.351060e-02 -1.134047e-02 1.499446e-01
      vertex   -4.667267e-02 -1.233070e-02 1.522573e-01
    endloop
  endfacet
  facet normal 4.195919e-01 3.840477e-01 -8.224658e-01
    outer loop
      vertex   3.130654e-02 3.699391e-02 1.526666e-01
      vertex   3.025405e-02 3.224319e-02 1.499113e-01
      vertex   2.731573e-02 3.454403e-02 1.494867e-01
    endloop
  endfacet
  facet normal 6.252966e-01 4.706586e-01 6.224826e-01
    outer loop
      vertex   3.732212e-02 2.154794e-02 1.442819e-01
      vertex   3.567815e-02 2.658556e-02 1.421244e-01
      vertex   3.075704e-02 2.403003e-02 1.490000e-01
    endloop
  endfacet
  facet normal -6.136269e-01 -7.829382e-01 -1.023224e-01
    outer loop
      vertex   -3.061699e-02 -3.794171e-02 1.531258e-01
      vertex   -2.717839e-02 -4.069346e-02 1.535601e-01
      vertex   -2.952821e-02 -3.941106e-02 1.578395e-01
    endloop
  endfacet
  facet normal -2.730877e-01 -3.938108e-01 -8.776880e-01
    outer loop
      vertex   -1.478954e-02 -4.481985e-02 1.514113e-01
      vertex   -1.811870e-02 -4.481291e-02 1.524440e-01
      vertex   -1.469352e-02 -4.136128e-02 1.498296e-01
    endloop
  endfacet
  facet normal 6.254009e-02 4.699350e-01 -8.804827e-01
    outer loop
      vertex   6.390934e-03 4.320532e-02 1.496749e-01
      vertex   4.085141e-03 4.705925e-02 1.515681e-01
      vertex   8.855872e-03 4.663897e-02 1.516827e-01
    endloop
  endfacet
  facet normal -7.210357e-01 -2.054438e-01 -6.617404e-01
    outer loop
      vertex   -4.534517e-02 -8.279034e-03 1.504779e-01
      vertex   -4.798748e-02 -9.405817e-03 1.537068e-01
      vertex   -4.736931e-02 -5.010077e-03 1.516685e-01
    endloop
  endfacet
  facet normal 4.298394e-02 7.178144e-01 6.949064e-01
    outer loop
      vertex   5.813138e-03 4.415516e-02 1.651932e-01
      vertex   7.662024e-03 4.645782e-02 1.627003e-01
      vertex   3.650118e-03 4.697490e-02 1.624143e-01
    endloop
  endfacet
  facet normal -1.236824e-01 -4.408914e-01 -8.889980e-01
    outer loop
      vertex   -2.215420e-02 -4.269598e-02 1.522187e-01
      vertex   -2.621764e-02 -3.805386e-02 1.504818e-01
      vertex   -2.179123e-02 -3.742795e-02 1.495555e-01
    endloop
  endfacet
  facet normal 3.583796e-01 -2.247471e-02 -9.333054e-01
    outer loop
      vertex   4.152622e-02 -8.881636e-03 1.494052e-01
      vertex   4.528384e-02 -1.057004e-02 1.508887e-01
      vertex   4.203933e-02 -1.268592e-02 1.496938e-01
    endloop
  endfacet
  facet normal 3.845283e-01 7.405581e-02 -9.201379e-01
    outer loop
      vertex   4.175474e-02 8.285854e-03 1.492203e-01
      vertex   4.517924e-02 9.814076e-03 1.507744e-01
      vertex   4.332244e-02 4.941571e-03 1.496063e-01
    endloop
  endfacet
  facet normal -9.246391e-01 2.476234e-01 -2.893530e-01
    outer loop
      vertex   -4.677929e-02 1.636165e-02 1.553997e-01
      vertex   -4.701578e-02 1.277129e-02 1.530829e-01
      vertex   -4.847395e-02 1.191138e-02 1.570066e-01
    endloop
  endfacet
  facet normal 3.355912e-01 6.695319e-01 6.626505e-01
    outer loop
      vertex   2.226809e-02 3.856946e-02 1.651932e-01
      vertex   2.822741e-02 3.796851e-02 1.627823e-01
      vertex   2.530751e-02 4.134051e-02 1.608541e-01
    endloop
  endfacet
  facet normal 3.045860e-01 9.049162e-01 -2.972441e-01
    outer loop
      vertex   1.516123e-02 4.750828e-02 1.571865e-01
      vertex   1.745992e-02 4.519510e-02 1.524998e-01
      vertex   1.327918e-02 4.665972e-02 1.526746e-01
    endloop
  endfacet
  facet normal 9.053358e-01 -3.531957e-01 -2.358386e-01
    outer loop
      vertex   4.390235e-02 -2.292705e-02 1.544475e-01
      vertex   4.570500e-02 -1.766607e-02 1.534885e-01
      vertex   4.630063e-02 -1.847257e-02 1.569828e-01
    endloop
  endfacet
  facet normal 2.578487e-01 3.731600e-01 -8.912158e-01
    outer loop
      vertex   2.706827e-02 3.892130e-02 1.512479e-01
      vertex   2.731573e-02 3.454403e-02 1.494867e-01
      vertex   2.313048e-02 3.700500e-02 1.493062e-01
    endloop
  endfacet
  facet normal 1.624708e-01 5.606763e-01 -8.119392e-01
    outer loop
      vertex   1.327918e-02 4.665972e-02 1.526746e-01
      vertex   1.745992e-02 4.519510e-02 1.524998e-01
      vertex   1.515179e-02 4.248109e-02 1.501639e-01
    endloop
  endfacet
  facet normal 3.348316e-01 7.135590e-01 6.154034e-01
    outer loop
      vertex   1.842845e-02 4.554078e-02 1.600908e-01
      vertex   1.524471e-02 4.470948e-02 1.627869e-01
      vertex   2.044624e-02 4.217309e-02 1.628978e-01
    endloop
  endfacet
  facet normal -2.124009e-01 2.637251e-02 -9.768267e-01
    outer loop
      vertex   -3.955048e-02 1.274349e-02 1.491541e-01
      vertex   -4.319611e-02 1.277385e-02 1.499476e-01
      vertex   -3.996221e-02 1.742089e-02 1.493699e-01
    endloop
  endfacet
  facet normal -3.864391e-01 8.142279e-01 -4.332410e-01
    outer loop
      vertex   -2.254878e-02 4.203046e-02 1.517293e-01
      vertex   -2.716798e-02 4.079239e-02 1.535227e-01
      vertex   -2.333189e-02 4.384170e-02 1.558318e-01
    endloop
  endfacet
  facet normal 1.345039e-01 6.761954e-01 7.243401e-01
    outer loop
      vertex   5.813138e-03 4.415516e-02 1.651932e-01
      vertex   1.152681e-02 4.301864e-02 1.651932e-01
      vertex   7.662024e-03 4.645782e-02 1.627003e-01
    endloop
  endfacet
  facet normal 1.418770e-01 8.863136e-01 4.408164e-01
    outer loop
      vertex   1.524471e-02 4.470948e-02 1.627869e-01
      vertex   1.842845e-02 4.554078e-02 1.600908e-01
      vertex   1.516123e-02 4.750828e-02 1.571865e-01
    endloop
  endfacet
  facet normal -7.053763e-01 -1.786133e-01 6.859603e-01
    outer loop
      vertex   -4.379863e-02 -1.549533e-02 1.633578e-01
      vertex   -4.301864e-02 -1.152681e-02 1.651932e-01
      vertex   -4.587691e-02 -1.288193e-02 1.619011e-01
    endloop
  endfacet
  facet normal -2.782210e-01 -5.688370e-01 7.739622e-01
    outer loop
      vertex   -1.434580e-02 -3.489229e-02 2.094333e-01
      vertex   -1.252612e-02 -3.103892e-02 2.129195e-01
      vertex   -1.821276e-02 -2.958448e-02 2.119443e-01
    endloop
  endfacet
  facet normal 1.345211e-01 -9.870230e-01 -8.769109e-02
    outer loop
      vertex   1.607445e-02 -4.686193e-02 1.557638e-01
      vertex   1.299200e-02 -4.757136e-02 1.590203e-01
      vertex   1.242383e-02 -4.712377e-02 1.531108e-01
    endloop
  endfacet
  facet normal 2.045067e-01 9.343203e-01 2.919290e-01
    outer loop
      vertex   1.516123e-02 4.750828e-02 1.571865e-01
      vertex   1.036564e-02 4.870535e-02 1.567147e-01
      vertex   1.126359e-02 4.688087e-02 1.619250e-01
    endloop
  endfacet
  facet normal 4.344934e-01 1.277382e-01 -8.915707e-01
    outer loop
      vertex   4.146330e-02 1.233091e-02 1.493152e-01
      vertex   4.183181e-02 1.671809e-02 1.501233e-01
      vertex   4.542311e-02 1.424166e-02 1.515187e-01
    endloop
  endfacet
  facet normal -4.304441e-01 -5.800080e-01 -6.915986e-01
    outer loop
      vertex   -2.621764e-02 -3.805386e-02 1.504818e-01
      vertex   -3.061699e-02 -3.794171e-02 1.531258e-01
      vertex   -3.122496e-02 -3.430843e-02 1.504572e-01
    endloop
  endfacet
  facet normal -3.487034e-01 -8.325736e-02 -9.335278e-01
    outer loop
      vertex   -4.113696e-02 -1.377073e-02 1.492747e-01
      vertex   -4.428978e-02 -1.458085e-02 1.505246e-01
      vertex   -4.351060e-02 -1.134047e-02 1.499446e-01
    endloop
  endfacet
  facet normal 2.583724e-01 9.240992e-01 -2.815746e-01
    outer loop
      vertex   1.327918e-02 4.665972e-02 1.526746e-01
      vertex   1.036564e-02 4.870535e-02 1.567147e-01
      vertex   1.516123e-02 4.750828e-02 1.571865e-01
    endloop
  endfacet
  facet normal -4.828265e-01 4.991836e-01 7.195098e-01
    outer loop
      vertex   -3.149183e-02 3.149183e-02 1.651932e-01
      vertex   -3.492722e-02 3.368078e-02 1.613692e-01
      vertex   -3.575672e-02 3.037779e-02 1.631041e-01
    endloop
  endfacet
  facet normal -4.813008e-02 7.343255e-01 6.770891e-01
    outer loop
      vertex   -5.813138e-03 4.415516e-02 1.651932e-01
      vertex   8.881784e-18 4.453618e-02 1.651932e-01
      vertex   -1.233590e-03 4.707627e-02 1.623507e-01
    endloop
  endfacet
  facet normal -4.749457e-02 8.265748e-01 5.608194e-01
    outer loop
      vertex   -7.427819e-03 4.851521e-02 1.599622e-01
      vertex   -8.962815e-03 4.654986e-02 1.627289e-01
      vertex   -4.928890e-03 4.729708e-02 1.619692e-01
    endloop
  endfacet
  facet normal 5.545705e-01 8.320301e-01 1.332386e-02
    outer loop
      vertex   2.889890e-02 4.000440e-02 1.544469e-01
      vertex   2.553958e-02 4.224918e-02 1.540909e-01
      vertex   2.842152e-02 4.026068e-02 1.583127e-01
    endloop
  endfacet
  facet normal 3.029908e-02 -1.519978e-01 -9.879163e-01
    outer loop
      vertex   2.442250e-02 -3.716552e-02 1.497401e-01
      vertex   2.068341e-02 -3.310037e-02 1.490000e-01
      vertex   2.520277e-02 -3.318486e-02 1.491516e-01
    endloop
  endfacet
  facet normal -8.465429e-01 -1.056020e-01 5.217407e-01
    outer loop
      vertex   -4.787612e-02 -1.050474e-02 1.591385e-01
      vertex   -4.587691e-02 -1.288193e-02 1.619011e-01
      vertex   -4.580626e-02 -9.090446e-03 1.627832e-01
    endloop
  endfacet
  facet normal -4.232503e-01 -6.182790e-01 -6.622615e-01
    outer loop
      vertex   -2.215420e-02 -4.269598e-02 1.522187e-01
      vertex   -2.717839e-02 -4.069346e-02 1.535601e-01
      vertex   -2.621764e-02 -3.805386e-02 1.504818e-01
    endloop
  endfacet
  facet normal 2.537042e-01 8.656569e-01 -4.315928e-01
    outer loop
      vertex   5.703612e-03 4.913587e-02 1.548378e-01
      vertex   1.036564e-02 4.870535e-02 1.567147e-01
      vertex   8.855872e-03 4.663897e-02 1.516827e-01
    endloop
  endfacet
  facet normal 6.009533e-02 9.950640e-01 7.896983e-02
    outer loop
      vertex   1.036564e-02 4.870535e-02 1.567147e-01
      vertex   5.703612e-03 4.913587e-02 1.548378e-01
      vertex   6.773125e-03 4.869191e-02 1.596180e-01
    endloop
  endfacet
  facet normal -9.864775e-01 9.326317e-02 -1.347746e-01
    outer loop
      vertex   -4.835832e-02 8.133590e-03 1.535460e-01
      vertex   -4.911070e-02 7.767702e-03 1.587999e-01
      vertex   -4.847395e-02 1.191138e-02 1.570066e-01
    endloop
  endfacet
  facet normal 2.062526e-01 2.560221e-01 -9.444112e-01
    outer loop
      vertex   3.025405e-02 3.224319e-02 1.499113e-01
      vertex   3.369639e-02 3.096520e-02 1.503167e-01
      vertex   3.154203e-02 2.833470e-02 1.491331e-01
    endloop
  endfacet
  facet normal 1.086743e-02 8.520038e-01 5.234228e-01
    outer loop
      vertex   3.650118e-03 4.697490e-02 1.624143e-01
      vertex   2.119117e-03 4.932179e-02 1.586259e-01
      vertex   -1.233590e-03 4.707627e-02 1.623507e-01
    endloop
  endfacet
  facet normal 4.306049e-01 4.339044e-01 -7.913952e-01
    outer loop
      vertex   3.831337e-02 2.326549e-02 1.497627e-01
      vertex   3.541417e-02 2.626652e-02 1.498306e-01
      vertex   4.030963e-02 2.752607e-02 1.531849e-01
    endloop
  endfacet
  facet normal 1.533981e-01 4.951292e-01 -8.551702e-01
    outer loop
      vertex   1.745992e-02 4.519510e-02 1.524998e-01
      vertex   2.267136e-02 4.185045e-02 1.514982e-01
      vertex   1.866805e-02 3.959976e-02 1.494769e-01
    endloop
  endfacet
  facet normal -2.450628e-01 -3.448439e-01 -9.061054e-01
    outer loop
      vertex   -3.455394e-02 -2.636659e-02 1.497309e-01
      vertex   -3.803155e-02 -2.849415e-02 1.514812e-01
      vertex   -3.858980e-02 -2.510263e-02 1.503414e-01
    endloop
  endfacet
  facet normal -1.214904e-01 -8.072883e-01 5.775168e-01
    outer loop
      vertex   -6.180659e-03 -4.694454e-02 1.622653e-01
      vertex   -7.505295e-03 -4.896576e-02 1.591613e-01
      vertex   -2.708518e-03 -4.892334e-02 1.602296e-01
    endloop
  endfacet
  facet normal -3.234723e-01 -1.756788e-01 -9.297863e-01
    outer loop
      vertex   -4.322015e-02 -1.871387e-02 1.509334e-01
      vertex   -4.428978e-02 -1.458085e-02 1.505246e-01
      vertex   -4.113696e-02 -1.377073e-02 1.492747e-01
    endloop
  endfacet
  facet normal 4.072924e-01 -4.008166e-01 -8.206455e-01
    outer loop
      vertex   3.227682e-02 -3.651156e-02 1.527739e-01
      vertex   2.831299e-02 -3.844620e-02 1.517516e-01
      vertex   2.862758e-02 -3.423114e-02 1.498490e-01
    endloop
  endfacet
  facet normal 9.271547e-01 3.540211e-01 1.226913e-01
    outer loop
      vertex   4.713672e-02 1.420178e-02 1.602443e-01
      vertex   4.759568e-02 1.447176e-02 1.559970e-01
      vertex   4.567854e-02 1.862486e-02 1.585008e-01
    endloop
  endfacet
  facet normal 4.290449e-01 -8.196750e-01 3.795437e-01
    outer loop
      vertex   2.646278e-02 -3.998718e-02 1.621352e-01
      vertex   2.524447e-02 -4.290647e-02 1.572078e-01
      vertex   2.939399e-02 -4.014803e-02 1.584743e-01
    endloop
  endfacet
  facet normal 3.039619e-01 6.163731e-01 7.264237e-01
    outer loop
      vertex   1.704326e-02 4.114606e-02 1.651932e-01
      vertex   2.226809e-02 3.856946e-02 1.651932e-01
      vertex   2.044624e-02 4.217309e-02 1.628978e-01
    endloop
  endfacet
  facet normal 1.320910e-01 -1.032008e-01 -9.858507e-01
    outer loop
      vertex   2.900587e-02 -2.611700e-02 1.490000e-01
      vertex   3.235837e-02 -2.182600e-02 1.490000e-01
      vertex   3.309321e-02 -2.692733e-02 1.496325e-01
    endloop
  endfacet
  facet normal -4.614055e-01 3.836675e-01 -7.999401e-01
    outer loop
      vertex   -4.420587e-02 1.976905e-02 1.529439e-01
      vertex   -3.996221e-02 1.742089e-02 1.493699e-01
      vertex   -4.483218e-02 1.600255e-02 1.514987e-01
    endloop
  endfacet
  facet normal 3.284800e-01 -1.532351e-01 -9.319978e-01
    outer loop
      vertex   4.050155e-02 -2.419199e-02 1.512417e-01
      vertex   3.798804e-02 -2.723809e-02 1.508567e-01
      vertex   3.603799e-02 -2.376113e-02 1.495977e-01
    endloop
  endfacet
  facet normal 3.265387e-02 -4.494418e-02 -9.984557e-01
    outer loop
      vertex   2.068341e-02 -3.310037e-02 1.490000e-01
      vertex   2.508880e-02 -2.989967e-02 1.490000e-01
      vertex   2.520277e-02 -3.318486e-02 1.491516e-01
    endloop
  endfacet
  facet normal 5.591441e-01 -4.356331e-01 -7.053947e-01
    outer loop
      vertex   3.534225e-02 -3.007046e-02 1.505086e-01
      vertex   3.798804e-02 -2.723809e-02 1.508567e-01
      vertex   3.809646e-02 -3.037942e-02 1.528826e-01
    endloop
  endfacet
  facet normal 4.051347e-01 -5.451777e-01 -7.339259e-01
    outer loop
      vertex   3.534225e-02 -3.007046e-02 1.505086e-01
      vertex   3.543203e-02 -3.326806e-02 1.529334e-01
      vertex   3.198783e-02 -3.216167e-02 1.502104e-01
    endloop
  endfacet
  facet normal 7.077766e-01 -6.573924e-01 -2.586265e-01
    outer loop
      vertex   3.865201e-02 -3.153726e-02 1.573460e-01
      vertex   3.543203e-02 -3.326806e-02 1.529334e-01
      vertex   3.809646e-02 -3.037942e-02 1.528826e-01
    endloop
  endfacet
  facet normal -8.223697e-01 3.436875e-01 4.534170e-01
    outer loop
      vertex   -4.544341e-02 2.045428e-02 1.583675e-01
      vertex   -4.497603e-02 1.643438e-02 1.622623e-01
      vertex   -4.275799e-02 2.192223e-02 1.621254e-01
    endloop
  endfacet
  facet normal -5.908832e-01 -8.066296e-01 -1.434416e-02
    outer loop
      vertex   -3.209651e-02 -3.695338e-02 1.584945e-01
      vertex   -3.474303e-02 -3.494600e-02 1.546305e-01
      vertex   -3.061699e-02 -3.794171e-02 1.531258e-01
    endloop
  endfacet
  facet normal 1.908415e-01 4.717478e-01 -8.608331e-01
    outer loop
      vertex   1.129444e-02 4.208901e-02 1.497298e-01
      vertex   8.855872e-03 4.663897e-02 1.516827e-01
      vertex   1.327918e-02 4.665972e-02 1.526746e-01
    endloop
  endfacet
  facet normal 3.085821e-01 -4.103662e-01 -8.581239e-01
    outer loop
      vertex   2.862758e-02 -3.423114e-02 1.498490e-01
      vertex   2.831299e-02 -3.844620e-02 1.517516e-01
      vertex   2.442250e-02 -3.716552e-02 1.497401e-01
    endloop
  endfacet
  facet normal 6.184587e-02 -1.163152e-01 -9.912850e-01
    outer loop
      vertex   1.587544e-02 -3.565682e-02 1.490000e-01
      vertex   2.068341e-02 -3.310037e-02 1.490000e-01
      vertex   1.919061e-02 -3.861137e-02 1.495535e-01
    endloop
  endfacet
  facet normal 9.479589e-01 2.851109e-01 -1.417238e-01
    outer loop
      vertex   4.376713e-02 2.364260e-02 1.558102e-01
      vertex   4.567854e-02 1.862486e-02 1.585008e-01
      vertex   4.492043e-02 1.850919e-02 1.531973e-01
    endloop
  endfacet
  facet normal 6.826410e-01 -3.792765e-01 -6.246204e-01
    outer loop
      vertex   3.809646e-02 -3.037942e-02 1.528826e-01
      vertex   3.798804e-02 -2.723809e-02 1.508567e-01
      vertex   4.078094e-02 -2.770918e-02 1.541951e-01
    endloop
  endfacet
  facet normal 7.005800e-01 -6.693479e-01 -2.473075e-01
    outer loop
      vertex   3.227682e-02 -3.651156e-02 1.527739e-01
      vertex   3.543203e-02 -3.326806e-02 1.529334e-01
      vertex   3.402771e-02 -3.648441e-02 1.576604e-01
    endloop
  endfacet
  facet normal 1.990830e-01 -5.862049e-01 -7.853215e-01
    outer loop
      vertex   1.242383e-02 -4.712377e-02 1.531108e-01
      vertex   1.159831e-02 -4.290081e-02 1.497493e-01
      vertex   1.549745e-02 -4.416169e-02 1.516789e-01
    endloop
  endfacet
  facet normal 4.822640e-01 -7.420405e-01 -4.656150e-01
    outer loop
      vertex   3.227682e-02 -3.651156e-02 1.527739e-01
      vertex   3.046516e-02 -3.916512e-02 1.551264e-01
      vertex   2.831299e-02 -3.844620e-02 1.517516e-01
    endloop
  endfacet
  facet normal 3.960700e-01 -5.042016e-01 -7.674043e-01
    outer loop
      vertex   2.232227e-02 -4.083932e-02 1.510699e-01
      vertex   2.442250e-02 -3.716552e-02 1.497401e-01
      vertex   2.633271e-02 -4.117175e-02 1.533582e-01
    endloop
  endfacet
  facet normal 7.704332e-01 6.418837e-02 -6.342811e-01
    outer loop
      vertex   4.789753e-02 9.929146e-03 1.540878e-01
      vertex   4.517924e-02 9.814076e-03 1.507744e-01
      vertex   4.542311e-02 1.424166e-02 1.515187e-01
    endloop
  endfacet
  facet normal -6.039039e-01 -5.350096e-01 -5.908171e-01
    outer loop
      vertex   -3.122496e-02 -3.430843e-02 1.504572e-01
      vertex   -3.061699e-02 -3.794171e-02 1.531258e-01
      vertex   -3.474303e-02 -3.494600e-02 1.546305e-01
    endloop
  endfacet
  facet normal -2.125814e-01 1.127688e-02 -9.770783e-01
    outer loop
      vertex   -4.319611e-02 1.277385e-02 1.499476e-01
      vertex   -3.955048e-02 1.274349e-02 1.491541e-01
      vertex   -4.170702e-02 8.049504e-03 1.495691e-01
    endloop
  endfacet
  facet normal 4.928512e-02 -1.354097e-01 -9.895631e-01
    outer loop
      vertex   1.075847e-02 -3.751924e-02 1.490000e-01
      vertex   1.587544e-02 -3.565682e-02 1.490000e-01
      vertex   1.491364e-02 -4.003971e-02 1.495518e-01
    endloop
  endfacet
  facet normal 7.499059e-01 -5.684967e-01 3.383084e-01
    outer loop
      vertex   3.865201e-02 -3.153726e-02 1.573460e-01
      vertex   4.219253e-02 -2.644991e-02 1.580469e-01
      vertex   3.946721e-02 -2.762185e-02 1.621185e-01
    endloop
  endfacet
  facet normal 2.044836e-01 -3.378768e-01 -9.187087e-01
    outer loop
      vertex   1.919061e-02 -3.861137e-02 1.495535e-01
      vertex   2.232227e-02 -4.083932e-02 1.510699e-01
      vertex   1.892375e-02 -4.252416e-02 1.509331e-01
    endloop
  endfacet
  facet normal 4.742660e-01 -4.233978e-01 -7.718848e-01
    outer loop
      vertex   3.543203e-02 -3.326806e-02 1.529334e-01
      vertex   3.227682e-02 -3.651156e-02 1.527739e-01
      vertex   3.198783e-02 -3.216167e-02 1.502104e-01
    endloop
  endfacet
  facet normal 6.998265e-01 -6.699113e-01 -2.479147e-01
    outer loop
      vertex   3.402771e-02 -3.648441e-02 1.576604e-01
      vertex   3.543203e-02 -3.326806e-02 1.529334e-01
      vertex   3.865201e-02 -3.153726e-02 1.573460e-01
    endloop
  endfacet
  facet normal -2.984566e-01 1.377957e-01 -9.444236e-01
    outer loop
      vertex   -4.570892e-02 5.157060e-03 1.504118e-01
      vertex   -4.572096e-02 9.442905e-03 1.510409e-01
      vertex   -4.170702e-02 8.049504e-03 1.495691e-01
    endloop
  endfacet
  facet normal 9.546443e-01 -1.968539e-01 2.233896e-01
    outer loop
      vertex   4.854858e-02 -1.153591e-02 1.568183e-01
      vertex   4.763813e-02 -1.142060e-02 1.608106e-01
      vertex   4.726365e-02 -1.477642e-02 1.594538e-01
    endloop
  endfacet
  facet normal -6.187609e-01 2.216529e-01 -7.536610e-01
    outer loop
      vertex   -4.572096e-02 9.442905e-03 1.510409e-01
      vertex   -4.701578e-02 1.277129e-02 1.530829e-01
      vertex   -4.319611e-02 1.277385e-02 1.499476e-01
    endloop
  endfacet
  facet normal 4.383718e-01 3.567138e-01 -8.249760e-01
    outer loop
      vertex   3.130654e-02 3.699391e-02 1.526666e-01
      vertex   2.731573e-02 3.454403e-02 1.494867e-01
      vertex   2.706827e-02 3.892130e-02 1.512479e-01
    endloop
  endfacet
  facet normal 2.439139e-02 -1.147525e-01 -9.930946e-01
    outer loop
      vertex   5.432100e-03 -3.865140e-02 1.490000e-01
      vertex   1.075847e-02 -3.751924e-02 1.490000e-01
      vertex   7.775958e-03 -4.277646e-02 1.495342e-01
    endloop
  endfacet
  facet normal 5.079090e-01 -4.192619e-01 7.524944e-01
    outer loop
      vertex   3.556722e-02 -3.220427e-02 1.621978e-01
      vertex   3.946721e-02 -2.762185e-02 1.621185e-01
      vertex   3.533293e-02 -2.711191e-02 1.651932e-01
    endloop
  endfacet
  facet normal 3.608456e-02 2.721474e-01 -9.615787e-01
    outer loop
      vertex   -1.505831e-02 4.086572e-02 1.492066e-01
      vertex   -1.103997e-02 4.505581e-02 1.505432e-01
      vertex   -1.113336e-02 4.001306e-02 1.491125e-01
    endloop
  endfacet
  facet normal 7.107482e-01 -5.985120e-01 3.696219e-01
    outer loop
      vertex   3.556722e-02 -3.220427e-02 1.621978e-01
      vertex   3.865201e-02 -3.153726e-02 1.573460e-01
      vertex   3.946721e-02 -2.762185e-02 1.621185e-01
    endloop
  endfacet
  facet normal 6.940567e-01 -6.261913e-01 3.552038e-01
    outer loop
      vertex   3.402771e-02 -3.648441e-02 1.576604e-01
      vertex   3.865201e-02 -3.153726e-02 1.573460e-01
      vertex   3.556722e-02 -3.220427e-02 1.621978e-01
    endloop
  endfacet
  facet normal 2.133292e-01 -6.284486e-01 7.480260e-01
    outer loop
      vertex   1.152681e-02 -4.301864e-02 1.651932e-01
      vertex   1.355042e-02 -4.516335e-02 1.628142e-01
      vertex   1.704326e-02 -4.114606e-02 1.651932e-01
    endloop
  endfacet
  facet normal -7.680440e-01 9.192099e-02 6.337657e-01
    outer loop
      vertex   -3.881743e-02 4.079876e-03 1.490000e-01
      vertex   -4.214932e-02 8.413920e-03 1.443335e-01
      vertex   -4.210922e-02 1.715916e-03 1.453536e-01
    endloop
  endfacet
  facet normal 5.414570e-01 -6.826599e-01 -4.907136e-01
    outer loop
      vertex   2.831299e-02 -3.844620e-02 1.517516e-01
      vertex   3.046516e-02 -3.916512e-02 1.551264e-01
      vertex   2.633271e-02 -4.117175e-02 1.533582e-01
    endloop
  endfacet
  facet normal -1.698355e-01 -2.203414e-01 -9.605236e-01
    outer loop
      vertex   -2.621764e-02 -3.805386e-02 1.504818e-01
      vertex   -2.539846e-02 -3.363264e-02 1.493227e-01
      vertex   -2.179123e-02 -3.742795e-02 1.495555e-01
    endloop
  endfacet
  facet normal 7.080018e-01 -5.559000e-01 -4.355556e-01
    outer loop
      vertex   3.533293e-02 -2.711191e-02 1.651932e-01
      vertex   3.924745e-02 -2.562711e-02 1.696613e-01
      vertex   3.538265e-02 -3.110137e-02 1.703658e-01
    endloop
  endfacet
  facet normal -2.858835e-01 8.421870e-01 -4.571561e-01
    outer loop
      vertex   -1.704326e-02 4.114606e-02 1.651932e-01
      vertex   -1.708817e-02 4.366272e-02 1.698575e-01
      vertex   -1.152681e-02 4.301864e-02 1.651932e-01
    endloop
  endfacet
  facet normal 1.114255e-01 -2.778151e-02 -9.933844e-01
    outer loop
      vertex   3.712092e-02 -1.206132e-02 1.490000e-01
      vertex   3.843827e-02 -6.777705e-03 1.490000e-01
      vertex   4.152622e-02 -8.881636e-03 1.494052e-01
    endloop
  endfacet
  facet normal -9.255974e-02 -9.584841e-02 -9.910831e-01
    outer loop
      vertex   -2.900587e-02 -2.611700e-02 1.490000e-01
      vertex   -2.508880e-02 -2.989967e-02 1.490000e-01
      vertex   -2.862883e-02 -3.075638e-02 1.494135e-01
    endloop
  endfacet
  facet normal -1.614544e-01 -2.221630e-01 -9.615488e-01
    outer loop
      vertex   -2.621764e-02 -3.805386e-02 1.504818e-01
      vertex   -3.122496e-02 -3.430843e-02 1.504572e-01
      vertex   -2.539846e-02 -3.363264e-02 1.493227e-01
    endloop
  endfacet
  facet normal -7.557417e-01 -2.343122e-01 6.115163e-01
    outer loop
      vertex   -3.712092e-02 -1.206132e-02 1.490000e-01
      vertex   -4.303814e-02 -1.160483e-02 1.418621e-01
      vertex   -3.974715e-02 -1.733281e-02 1.437345e-01
    endloop
  endfacet
  facet normal -7.488873e-01 2.612052e-01 6.090482e-01
    outer loop
      vertex   -3.618914e-02 1.462136e-02 1.490000e-01
      vertex   -4.211534e-02 1.601956e-02 1.411135e-01
      vertex   -4.214932e-02 8.413920e-03 1.443335e-01
    endloop
  endfacet
  facet normal -4.902155e-01 -7.336598e-01 -4.705656e-01
    outer loop
      vertex   -2.226809e-02 -3.856946e-02 1.651932e-01
      vertex   -2.837594e-02 -3.738717e-02 1.697128e-01
      vertex   -2.711191e-02 -3.533293e-02 1.651932e-01
    endloop
  endfacet
  facet normal 4.007532e-01 8.126463e-01 -4.230873e-01
    outer loop
      vertex   1.704326e-02 4.114606e-02 1.651932e-01
      vertex   2.324422e-02 4.057161e-02 1.699634e-01
      vertex   2.226809e-02 3.856946e-02 1.651932e-01
    endloop
  endfacet
  facet normal -5.666121e-01 7.081328e-01 -4.213060e-01
    outer loop
      vertex   -3.235551e-02 3.466080e-02 1.711156e-01
      vertex   -2.750520e-02 3.896467e-02 1.718264e-01
      vertex   -2.711191e-02 3.533293e-02 1.651932e-01
    endloop
  endfacet
  facet normal 5.340367e-02 -7.636890e-01 6.433717e-01
    outer loop
      vertex   5.109656e-03 -4.266656e-02 1.442607e-01
      vertex   5.432100e-03 -3.865140e-02 1.490000e-01
      vertex   -5.703170e-17 -3.903125e-02 1.490000e-01
    endloop
  endfacet
  facet normal 7.675590e-01 6.373543e-01 -6.806389e-02
    outer loop
      vertex   4.164981e-02 2.648574e-02 1.585563e-01
      vertex   4.376713e-02 2.364260e-02 1.558102e-01
      vertex   4.030963e-02 2.752607e-02 1.531849e-01
    endloop
  endfacet
  facet normal -1.256426e-01 -9.816279e-02 -9.872072e-01
    outer loop
      vertex   -3.235837e-02 -2.182600e-02 1.490000e-01
      vertex   -2.900587e-02 -2.611700e-02 1.490000e-01
      vertex   -3.455394e-02 -2.636659e-02 1.497309e-01
    endloop
  endfacet
  facet normal -1.731356e-01 8.457398e-01 5.047259e-01
    outer loop
      vertex   -7.427819e-03 4.851521e-02 1.599622e-01
      vertex   -1.226722e-02 4.813696e-02 1.589360e-01
      vertex   -8.962815e-03 4.654986e-02 1.627289e-01
    endloop
  endfacet
  facet normal 4.134328e-01 -8.888123e-01 1.977019e-01
    outer loop
      vertex   1.710656e-02 -4.512726e-02 1.614040e-01
      vertex   1.299200e-02 -4.757136e-02 1.590203e-01
      vertex   1.607445e-02 -4.686193e-02 1.557638e-01
    endloop
  endfacet
  facet normal -3.205852e-01 -2.315754e-01 -9.184759e-01
    outer loop
      vertex   -3.803155e-02 -2.849415e-02 1.514812e-01
      vertex   -3.455394e-02 -2.636659e-02 1.497309e-01
      vertex   -3.564373e-02 -3.113507e-02 1.513136e-01
    endloop
  endfacet
  facet normal -3.974586e-01 8.059655e-01 -4.386870e-01
    outer loop
      vertex   -2.226809e-02 3.856946e-02 1.651932e-01
      vertex   -1.708817e-02 4.366272e-02 1.698575e-01
      vertex   -1.704326e-02 4.114606e-02 1.651932e-01
    endloop
  endfacet
  facet normal 9.549938e-02 -9.889249e-02 -9.905050e-01
    outer loop
      vertex   2.508880e-02 -2.989967e-02 1.490000e-01
      vertex   2.900587e-02 -2.611700e-02 1.490000e-01
      vertex   2.887603e-02 -3.011715e-02 1.493868e-01
    endloop
  endfacet
  facet normal 8.987348e-01 1.511088e-01 -4.116332e-01
    outer loop
      vertex   4.813934e-02 4.984233e-03 1.735877e-01
      vertex   4.679994e-02 1.782163e-03 1.694879e-01
      vertex   4.415516e-02 5.813138e-03 1.651932e-01
    endloop
  endfacet
  facet normal 1.406406e-01 -3.918679e-02 -9.892849e-01
    outer loop
      vertex   4.247316e-02 1.028716e-03 1.496406e-01
      vertex   3.881743e-02 4.079876e-03 1.490000e-01
      vertex   4.332244e-02 4.941571e-03 1.496063e-01
    endloop
  endfacet
  facet normal -1.270824e-01 -7.599943e-01 6.373843e-01
    outer loop
      vertex   -9.689944e-03 -4.185662e-02 1.443293e-01
      vertex   -4.172855e-03 -4.220243e-02 1.450169e-01
      vertex   -5.432100e-03 -3.865140e-02 1.490000e-01
    endloop
  endfacet
  facet normal 3.464923e-01 -6.435014e-01 -6.825313e-01
    outer loop
      vertex   2.232227e-02 -4.083932e-02 1.510699e-01
      vertex   2.230175e-02 -4.368905e-02 1.537463e-01
      vertex   1.892375e-02 -4.252416e-02 1.509331e-01
    endloop
  endfacet
  facet normal -9.922043e-01 -1.237677e-01 -1.456721e-02
    outer loop
      vertex   -4.956895e-02 -1.596879e-03 1.592379e-01
      vertex   -4.986362e-02 1.027305e-03 1.570127e-01
      vertex   -4.949969e-02 -1.646645e-03 1.549436e-01
    endloop
  endfacet
  facet normal 5.762206e-02 -8.791456e-01 -4.730568e-01
    outer loop
      vertex   5.813138e-03 -4.415516e-02 1.651932e-01
      vertex   5.397544e-03 -4.655994e-02 1.696117e-01
      vertex   -3.635048e-17 -4.453618e-02 1.651932e-01
    endloop
  endfacet
  facet normal -7.307444e-01 -6.821404e-01 -2.640228e-02
    outer loop
      vertex   -3.674655e-02 -3.290501e-02 1.573505e-01
      vertex   -3.825778e-02 -3.115549e-02 1.539761e-01
      vertex   -3.474303e-02 -3.494600e-02 1.546305e-01
    endloop
  endfacet
  facet normal -4.113811e-01 7.629125e-01 4.987285e-01
    outer loop
      vertex   -2.112572e-02 4.249932e-02 1.620892e-01
      vertex   -2.014484e-02 4.501288e-02 1.590533e-01
      vertex   -2.501761e-02 4.247169e-02 1.589212e-01
    endloop
  endfacet
  facet normal 7.304398e-01 -4.880640e-01 -4.777565e-01
    outer loop
      vertex   3.533293e-02 -2.711191e-02 1.651932e-01
      vertex   3.856946e-02 -2.226809e-02 1.651932e-01
      vertex   3.924745e-02 -2.562711e-02 1.696613e-01
    endloop
  endfacet
  facet normal 8.779209e-01 2.358381e-01 -4.166956e-01
    outer loop
      vertex   4.453791e-02 1.619401e-02 1.710356e-01
      vertex   4.686922e-02 1.072839e-02 1.728539e-01
      vertex   4.301864e-02 1.152681e-02 1.651932e-01
    endloop
  endfacet
  facet normal -6.862655e-02 9.227390e-04 -9.976420e-01
    outer loop
      vertex   -4.113696e-02 -1.377073e-02 1.492747e-01
      vertex   -3.712092e-02 -1.206132e-02 1.490000e-01
      vertex   -3.911747e-02 -1.738345e-02 1.491324e-01
    endloop
  endfacet
  facet normal -5.814920e-01 -3.811287e-02 8.126589e-01
    outer loop
      vertex   -4.453618e-02 9.992007e-17 1.651932e-01
      vertex   -4.760114e-02 -1.538395e-03 1.629279e-01
      vertex   -4.415516e-02 -5.813138e-03 1.651932e-01
    endloop
  endfacet
  facet normal -6.421298e-01 1.832483e-01 7.443718e-01
    outer loop
      vertex   -4.760114e-02 -1.538395e-03 1.629279e-01
      vertex   -4.453618e-02 9.992007e-17 1.651932e-01
      vertex   -4.898769e-02 3.280343e-03 1.605455e-01
    endloop
  endfacet
  facet normal -6.989477e-01 2.186366e-02 7.148385e-01
    outer loop
      vertex   -4.415516e-02 5.813138e-03 1.651932e-01
      vertex   -4.648082e-02 7.922841e-03 1.628547e-01
      vertex   -4.898769e-02 3.280343e-03 1.605455e-01
    endloop
  endfacet
  facet normal -8.391209e-01 1.030535e-02 5.438474e-01
    outer loop
      vertex   -4.648082e-02 7.922841e-03 1.628547e-01
      vertex   -4.745645e-02 1.143853e-02 1.612827e-01
      vertex   -4.911070e-02 7.767702e-03 1.587999e-01
    endloop
  endfacet
  facet normal -9.348047e-01 2.519742e-01 2.502980e-01
    outer loop
      vertex   -4.745645e-02 1.143853e-02 1.612827e-01
      vertex   -4.847395e-02 1.191138e-02 1.570066e-01
      vertex   -4.911070e-02 7.767702e-03 1.587999e-01
    endloop
  endfacet
  facet normal 7.826552e-01 -4.346751e-01 -4.455428e-01
    outer loop
      vertex   3.856946e-02 -2.226809e-02 1.651932e-01
      vertex   4.267389e-02 -1.980171e-02 1.699969e-01
      vertex   3.924745e-02 -2.562711e-02 1.696613e-01
    endloop
  endfacet
  facet normal -8.508963e-01 4.607472e-01 -2.523638e-01
    outer loop
      vertex   -4.677929e-02 1.636165e-02 1.553997e-01
      vertex   -4.544341e-02 2.045428e-02 1.583675e-01
      vertex   -4.420587e-02 1.976905e-02 1.529439e-01
    endloop
  endfacet
  facet normal -3.642625e-01 -8.207581e-01 -4.400783e-01
    outer loop
      vertex   -1.499077e-02 -4.427663e-02 1.693329e-01
      vertex   -2.090016e-02 -4.227045e-02 1.704826e-01
      vertex   -1.704326e-02 -4.114606e-02 1.651932e-01
    endloop
  endfacet
  facet normal -7.272976e-01 4.765643e-01 -4.938873e-01
    outer loop
      vertex   -4.064884e-02 2.848655e-02 1.553008e-01
      vertex   -4.000751e-02 2.558227e-02 1.515539e-01
      vertex   -4.352498e-02 2.378830e-02 1.550027e-01
    endloop
  endfacet
  facet normal -6.819426e-01 5.169417e-01 -5.174220e-01
    outer loop
      vertex   -3.719999e-02 2.940073e-02 1.516687e-01
      vertex   -4.000751e-02 2.558227e-02 1.515539e-01
      vertex   -4.064884e-02 2.848655e-02 1.553008e-01
    endloop
  endfacet
  facet normal 3.109287e-01 -2.633786e-01 -9.132114e-01
    outer loop
      vertex   4.050155e-02 -2.419199e-02 1.512417e-01
      vertex   3.603799e-02 -2.376113e-02 1.495977e-01
      vertex   3.771909e-02 -2.068503e-02 1.492829e-01
    endloop
  endfacet
  facet normal -9.659597e-02 1.151186e-01 -9.886440e-01
    outer loop
      vertex   -2.294199e-02 3.157694e-02 1.490000e-01
      vertex   -2.711338e-02 2.807673e-02 1.490000e-01
      vertex   -2.795034e-02 3.317433e-02 1.496753e-01
    endloop
  endfacet
  facet normal -6.523847e-01 1.795395e-01 7.363150e-01
    outer loop
      vertex   -4.497603e-02 1.643438e-02 1.622623e-01
      vertex   -4.745645e-02 1.143853e-02 1.612827e-01
      vertex   -4.301864e-02 1.152681e-02 1.651932e-01
    endloop
  endfacet
  facet normal -6.553903e-01 1.491795e-01 7.404114e-01
    outer loop
      vertex   -4.648082e-02 7.922841e-03 1.628547e-01
      vertex   -4.301864e-02 1.152681e-02 1.651932e-01
      vertex   -4.745645e-02 1.143853e-02 1.612827e-01
    endloop
  endfacet
  facet normal -4.737039e-01 -6.028059e-01 6.420511e-01
    outer loop
      vertex   -2.564514e-02 -3.920568e-02 1.621043e-01
      vertex   -2.095161e-02 -4.213062e-02 1.628210e-01
      vertex   -2.226809e-02 -3.856946e-02 1.651932e-01
    endloop
  endfacet
  facet normal -4.642739e-01 -7.776005e-01 -4.240132e-01
    outer loop
      vertex   -2.226809e-02 -3.856946e-02 1.651932e-01
      vertex   -2.090016e-02 -4.227045e-02 1.704826e-01
      vertex   -2.837594e-02 -3.738717e-02 1.697128e-01
    endloop
  endfacet
  facet normal -8.266610e-01 3.196345e-01 4.631042e-01
    outer loop
      vertex   -4.745645e-02 1.143853e-02 1.612827e-01
      vertex   -4.497603e-02 1.643438e-02 1.622623e-01
      vertex   -4.732096e-02 1.514090e-02 1.589692e-01
    endloop
  endfacet
  facet normal -9.435057e-01 3.299654e-01 -3.032819e-02
    outer loop
      vertex   -4.677929e-02 1.636165e-02 1.553997e-01
      vertex   -4.732096e-02 1.514090e-02 1.589692e-01
      vertex   -4.544341e-02 2.045428e-02 1.583675e-01
    endloop
  endfacet
  facet normal 8.806708e-01 1.690761e-01 4.425294e-01
    outer loop
      vertex   4.591479e-02 1.247320e-02 1.360519e-01
      vertex   4.423650e-02 8.517070e-03 1.409034e-01
      vertex   4.743518e-02 5.708143e-03 1.356109e-01
    endloop
  endfacet
  facet normal -3.632378e-01 -7.532210e-01 5.483762e-01
    outer loop
      vertex   -1.543030e-02 -4.501367e-02 1.625182e-01
      vertex   -2.095161e-02 -4.213062e-02 1.628210e-01
      vertex   -2.058151e-02 -4.463073e-02 1.596321e-01
    endloop
  endfacet
  facet normal -8.236889e-01 3.422591e-01 4.521010e-01
    outer loop
      vertex   -4.497603e-02 1.643438e-02 1.622623e-01
      vertex   -4.544341e-02 2.045428e-02 1.583675e-01
      vertex   -4.732096e-02 1.514090e-02 1.589692e-01
    endloop
  endfacet
  facet normal -8.497780e-01 5.239085e-01 -5.828560e-02
    outer loop
      vertex   -4.352498e-02 2.378830e-02 1.550027e-01
      vertex   -4.242920e-02 2.598929e-02 1.588108e-01
      vertex   -4.064884e-02 2.848655e-02 1.553008e-01
    endloop
  endfacet
  facet normal -2.973764e-01 -6.030191e-01 7.402265e-01
    outer loop
      vertex   -2.095161e-02 -4.213062e-02 1.628210e-01
      vertex   -1.704326e-02 -4.114606e-02 1.651932e-01
      vertex   -2.226809e-02 -3.856946e-02 1.651932e-01
    endloop
  endfacet
  facet normal 2.311379e-02 9.096308e-01 -4.147740e-01
    outer loop
      vertex   -2.302858e-03 4.783135e-02 1.722914e-01
      vertex   4.373527e-03 4.774519e-02 1.724745e-01
      vertex   8.881784e-18 4.453618e-02 1.651932e-01
    endloop
  endfacet
  facet normal 1.354771e-01 8.990019e-01 -4.164631e-01
    outer loop
      vertex   4.373527e-03 4.774519e-02 1.724745e-01
      vertex   1.031783e-02 4.628621e-02 1.712588e-01
      vertex   5.813138e-03 4.415516e-02 1.651932e-01
    endloop
  endfacet
  facet normal -6.650439e-01 5.639766e-01 -4.895375e-01
    outer loop
      vertex   -3.707498e-02 3.316322e-02 1.558334e-01
      vertex   -3.719999e-02 2.940073e-02 1.516687e-01
      vertex   -4.064884e-02 2.848655e-02 1.553008e-01
    endloop
  endfacet
  facet normal 5.898388e-02 8.999231e-01 -4.320409e-01
    outer loop
      vertex   4.373527e-03 4.774519e-02 1.724745e-01
      vertex   5.813138e-03 4.415516e-02 1.651932e-01
      vertex   8.881784e-18 4.453618e-02 1.651932e-01
    endloop
  endfacet
  facet normal 5.984982e-01 5.099116e-01 6.178916e-01
    outer loop
      vertex   2.939095e-02 3.150784e-02 1.441522e-01
      vertex   3.075704e-02 2.403003e-02 1.490000e-01
      vertex   3.567815e-02 2.658556e-02 1.421244e-01
    endloop
  endfacet
  facet normal -6.739763e-01 5.910615e-01 -4.431730e-01
    outer loop
      vertex   -3.533293e-02 2.711191e-02 1.651932e-01
      vertex   -3.677649e-02 2.883419e-02 1.696856e-01
      vertex   -3.149183e-02 3.149183e-02 1.651932e-01
    endloop
  endfacet
  facet normal -7.087627e-01 5.413819e-01 -4.522843e-01
    outer loop
      vertex   -3.707498e-02 3.316322e-02 1.558334e-01
      vertex   -3.398615e-02 3.598697e-02 1.543730e-01
      vertex   -3.499016e-02 3.266195e-02 1.519664e-01
    endloop
  endfacet
  facet normal 8.455018e-01 -2.870087e-01 -4.502808e-01
    outer loop
      vertex   4.114606e-02 -1.704326e-02 1.651932e-01
      vertex   4.301864e-02 -1.152681e-02 1.651932e-01
      vertex   4.470299e-02 -1.436364e-02 1.701641e-01
    endloop
  endfacet
  facet normal 7.130446e-01 -6.948725e-01 -9.337951e-02
    outer loop
      vertex   3.205645e-02 -3.810757e-02 1.213867e-01
      vertex   3.506605e-02 -3.451326e-02 1.176213e-01
      vertex   3.583947e-02 -3.472089e-02 1.250722e-01
    endloop
  endfacet
  facet normal -5.835117e-01 -6.653674e-01 -4.656182e-01
    outer loop
      vertex   -2.711191e-02 -3.533293e-02 1.651932e-01
      vertex   -2.837594e-02 -3.738717e-02 1.697128e-01
      vertex   -3.149183e-02 -3.149183e-02 1.651932e-01
    endloop
  endfacet
  facet normal -3.389423e-01 3.107323e-01 -8.880110e-01
    outer loop
      vertex   -3.212815e-02 2.941502e-02 1.497378e-01
      vertex   -3.719999e-02 2.940073e-02 1.516687e-01
      vertex   -3.499016e-02 3.266195e-02 1.519664e-01
    endloop
  endfacet
  facet normal -5.847858e-01 4.639656e-01 -6.654033e-01
    outer loop
      vertex   -3.193282e-02 3.357397e-02 1.508860e-01
      vertex   -3.398615e-02 3.598697e-02 1.543730e-01
      vertex   -3.025499e-02 3.749290e-02 1.521440e-01
    endloop
  endfacet
  facet normal -3.477207e-01 7.102801e-01 6.120396e-01
    outer loop
      vertex   -1.458555e-02 4.027291e-02 1.443810e-01
      vertex   -2.187367e-02 3.815647e-02 1.426965e-01
      vertex   -1.832406e-02 3.446254e-02 1.490000e-01
    endloop
  endfacet
  facet normal -1.153769e-01 1.118183e-01 -9.870080e-01
    outer loop
      vertex   -2.711338e-02 2.807673e-02 1.490000e-01
      vertex   -3.212815e-02 2.941502e-02 1.497378e-01
      vertex   -2.795034e-02 3.317433e-02 1.496753e-01
    endloop
  endfacet
  facet normal -2.210090e-02 4.025238e-02 -9.989451e-01
    outer loop
      vertex   -1.909957e-02 3.896894e-02 1.492195e-01
      vertex   -1.505831e-02 4.086572e-02 1.492066e-01
      vertex   -1.334947e-02 3.667737e-02 1.490000e-01
    endloop
  endfacet
  facet normal 1.987545e-01 -8.806339e-01 -4.300937e-01
    outer loop
      vertex   1.093602e-02 -4.664536e-02 1.723460e-01
      vertex   5.397544e-03 -4.655994e-02 1.696117e-01
      vertex   1.152681e-02 -4.301864e-02 1.651932e-01
    endloop
  endfacet
  facet normal 2.014181e-01 -6.018670e-01 -7.727787e-01
    outer loop
      vertex   2.831299e-02 -3.844620e-02 1.517516e-01
      vertex   2.633271e-02 -4.117175e-02 1.533582e-01
      vertex   2.442250e-02 -3.716552e-02 1.497401e-01
    endloop
  endfacet
  facet normal -6.121469e-01 2.659853e-01 7.446663e-01
    outer loop
      vertex   -4.114606e-02 1.704326e-02 1.651932e-01
      vertex   -4.275799e-02 2.192223e-02 1.621254e-01
      vertex   -4.497603e-02 1.643438e-02 1.622623e-01
    endloop
  endfacet
  facet normal 7.932329e-01 3.911795e-01 -4.666477e-01
    outer loop
      vertex   4.098601e-02 2.366328e-02 1.110955e-01
      vertex   4.114606e-02 1.704326e-02 1.058182e-01
      vertex   3.856946e-02 2.226809e-02 1.058182e-01
    endloop
  endfacet
  facet normal -3.394942e-01 -5.928141e-01 7.302843e-01
    outer loop
      vertex   -1.434580e-02 -3.489229e-02 2.094333e-01
      vertex   -1.821276e-02 -2.958448e-02 2.119443e-01
      vertex   -1.923602e-02 -3.478492e-02 2.072471e-01
    endloop
  endfacet
  facet normal 5.148683e-02 -1.298299e-01 -9.901986e-01
    outer loop
      vertex   1.075847e-02 -3.751924e-02 1.490000e-01
      vertex   1.159831e-02 -4.290081e-02 1.497493e-01
      vertex   7.775958e-03 -4.277646e-02 1.495342e-01
    endloop
  endfacet
  facet normal -8.771146e-01 4.796388e-01 -2.483230e-02
    outer loop
      vertex   -4.352498e-02 2.378830e-02 1.550027e-01
      vertex   -4.544341e-02 2.045428e-02 1.583675e-01
      vertex   -4.242920e-02 2.598929e-02 1.588108e-01
    endloop
  endfacet
  facet normal -4.577879e-01 7.896638e-01 -4.084867e-01
    outer loop
      vertex   -2.263838e-02 4.289993e-02 1.739796e-01
      vertex   -2.226809e-02 3.856946e-02 1.651932e-01
      vertex   -2.750520e-02 3.896467e-02 1.718264e-01
    endloop
  endfacet
  facet normal -4.194860e-01 8.071044e-01 -4.154683e-01
    outer loop
      vertex   -2.226809e-02 3.856946e-02 1.651932e-01
      vertex   -2.263838e-02 4.289993e-02 1.739796e-01
      vertex   -1.708817e-02 4.366272e-02 1.698575e-01
    endloop
  endfacet
  facet normal -2.412369e-01 8.800028e-01 -4.091453e-01
    outer loop
      vertex   -9.428713e-03 4.710001e-02 1.727345e-01
      vertex   -1.152681e-02 4.301864e-02 1.651932e-01
      vertex   -1.708817e-02 4.366272e-02 1.698575e-01
    endloop
  endfacet
  facet normal -8.107053e-01 4.078511e-01 4.200171e-01
    outer loop
      vertex   -4.275799e-02 2.192223e-02 1.621254e-01
      vertex   -4.242920e-02 2.598929e-02 1.588108e-01
      vertex   -4.544341e-02 2.045428e-02 1.583675e-01
    endloop
  endfacet
  facet normal -7.949920e-01 6.065610e-01 8.454417e-03
    outer loop
      vertex   -4.064884e-02 2.848655e-02 1.553008e-01
      vertex   -3.887569e-02 3.075401e-02 1.593556e-01
      vertex   -3.707498e-02 3.316322e-02 1.558334e-01
    endloop
  endfacet
  facet normal -4.194824e-01 6.119609e-01 -6.704763e-01
    outer loop
      vertex   -3.499016e-02 3.266195e-02 1.519664e-01
      vertex   -3.398615e-02 3.598697e-02 1.543730e-01
      vertex   -3.193282e-02 3.357397e-02 1.508860e-01
    endloop
  endfacet
  facet normal -7.173039e-01 5.275957e-01 -4.551020e-01
    outer loop
      vertex   -3.707498e-02 3.316322e-02 1.558334e-01
      vertex   -3.499016e-02 3.266195e-02 1.519664e-01
      vertex   -3.719999e-02 2.940073e-02 1.516687e-01
    endloop
  endfacet
  facet normal 3.756442e-01 8.421422e-01 -3.868954e-01
    outer loop
      vertex   1.704326e-02 4.114606e-02 1.651932e-01
      vertex   1.848670e-02 4.423879e-02 1.733265e-01
      vertex   2.324422e-02 4.057161e-02 1.699634e-01
    endloop
  endfacet
  facet normal -2.728565e-01 5.769722e-01 -7.698392e-01
    outer loop
      vertex   -2.439353e-02 3.696561e-02 1.496713e-01
      vertex   -3.025499e-02 3.749290e-02 1.521440e-01
      vertex   -2.716798e-02 4.079239e-02 1.535227e-01
    endloop
  endfacet
  facet normal -2.012345e-02 4.519800e-02 -9.987753e-01
    outer loop
      vertex   -1.334947e-02 3.667737e-02 1.490000e-01
      vertex   -1.832406e-02 3.446254e-02 1.490000e-01
      vertex   -1.909957e-02 3.896894e-02 1.492195e-01
    endloop
  endfacet
  facet normal -7.617837e-01 -1.899341e-01 6.193631e-01
    outer loop
      vertex   -3.712092e-02 -1.206132e-02 1.490000e-01
      vertex   -3.843827e-02 -6.777705e-03 1.490000e-01
      vertex   -4.303814e-02 -1.160483e-02 1.418621e-01
    endloop
  endfacet
  facet normal 5.518103e-01 7.463094e-01 -3.721931e-01
    outer loop
      vertex   2.324422e-02 4.057161e-02 1.699634e-01
      vertex   3.019809e-02 3.856119e-02 1.762419e-01
      vertex   2.711191e-02 3.533293e-02 1.651932e-01
    endloop
  endfacet
  facet normal -8.103638e-01 -3.996275e-01 -4.284955e-01
    outer loop
      vertex   -4.386020e-02 -1.969295e-02 1.727973e-01
      vertex   -4.114606e-02 -1.704326e-02 1.651932e-01
      vertex   -3.856946e-02 -2.226809e-02 1.651932e-01
    endloop
  endfacet
  facet normal -1.451564e-02 4.334761e-02 -9.989546e-01
    outer loop
      vertex   -1.334947e-02 3.667737e-02 1.490000e-01
      vertex   -1.505831e-02 4.086572e-02 1.492066e-01
      vertex   -1.113336e-02 4.001306e-02 1.491125e-01
    endloop
  endfacet
  facet normal -1.817852e-01 -6.424668e-01 7.444397e-01
    outer loop
      vertex   -1.543030e-02 -4.501367e-02 1.625182e-01
      vertex   -1.002502e-02 -4.604223e-02 1.629505e-01
      vertex   -1.152681e-02 -4.301864e-02 1.651932e-01
    endloop
  endfacet
  facet normal -7.504112e-01 2.620502e-02 6.604516e-01
    outer loop
      vertex   -3.881743e-02 4.079876e-03 1.490000e-01
      vertex   -4.210922e-02 1.715916e-03 1.453536e-01
      vertex   -3.900747e-02 -1.362171e-03 1.490000e-01
    endloop
  endfacet
  facet normal -5.813762e-01 2.867033e-01 7.614479e-01
    outer loop
      vertex   -3.856946e-02 2.226809e-02 1.651932e-01
      vertex   -4.275799e-02 2.192223e-02 1.621254e-01
      vertex   -4.114606e-02 1.704326e-02 1.651932e-01
    endloop
  endfacet
  facet normal -5.739983e-01 3.387377e-01 7.455083e-01
    outer loop
      vertex   -3.957901e-02 2.697470e-02 1.622773e-01
      vertex   -4.275799e-02 2.192223e-02 1.621254e-01
      vertex   -3.856946e-02 2.226809e-02 1.651932e-01
    endloop
  endfacet
  facet normal -8.030834e-01 -4.290829e-01 -4.134549e-01
    outer loop
      vertex   -3.960250e-02 -2.654721e-02 1.716406e-01
      vertex   -4.386020e-02 -1.969295e-02 1.727973e-01
      vertex   -3.856946e-02 -2.226809e-02 1.651932e-01
    endloop
  endfacet
  facet normal -8.414507e-01 -3.409823e-01 -4.191561e-01
    outer loop
      vertex   -4.386020e-02 -1.969295e-02 1.727973e-01
      vertex   -4.482190e-02 -1.394419e-02 1.700513e-01
      vertex   -4.114606e-02 -1.704326e-02 1.651932e-01
    endloop
  endfacet
  facet normal -7.468586e-01 4.553458e-01 4.846261e-01
    outer loop
      vertex   -3.957901e-02 2.697470e-02 1.622773e-01
      vertex   -4.242920e-02 2.598929e-02 1.588108e-01
      vertex   -4.275799e-02 2.192223e-02 1.621254e-01
    endloop
  endfacet
  facet normal -8.024438e-01 5.964754e-01 1.735294e-02
    outer loop
      vertex   -4.064884e-02 2.848655e-02 1.553008e-01
      vertex   -4.242920e-02 2.598929e-02 1.588108e-01
      vertex   -3.887569e-02 3.075401e-02 1.593556e-01
    endloop
  endfacet
  facet normal -7.348932e-01 4.950822e-01 4.634928e-01
    outer loop
      vertex   -3.957901e-02 2.697470e-02 1.622773e-01
      vertex   -3.887569e-02 3.075401e-02 1.593556e-01
      vertex   -4.242920e-02 2.598929e-02 1.588108e-01
    endloop
  endfacet
  facet normal 8.871481e-01 -1.359979e-01 -4.409908e-01
    outer loop
      vertex   4.663316e-02 -3.928956e-03 1.695971e-01
      vertex   4.589644e-02 -9.347854e-03 1.697862e-01
      vertex   4.415516e-02 -5.813138e-03 1.651932e-01
    endloop
  endfacet
  facet normal -9.099338e-01 -4.487660e-02 -4.123186e-01
    outer loop
      vertex   -4.703307e-02 -7.107227e-03 1.714771e-01
      vertex   -4.759010e-02 1.900935e-03 1.717259e-01
      vertex   -4.453618e-02 9.992007e-17 1.651932e-01
    endloop
  endfacet
  facet normal 2.100895e-01 4.194179e-01 -8.831484e-01
    outer loop
      vertex   1.866805e-02 3.959976e-02 1.494769e-01
      vertex   2.267136e-02 4.185045e-02 1.514982e-01
      vertex   2.313048e-02 3.700500e-02 1.493062e-01
    endloop
  endfacet
  facet normal 6.691203e-01 -6.778949e-01 -3.045267e-01
    outer loop
      vertex   3.626449e-02 -3.129767e-02 1.130964e-01
      vertex   3.506605e-02 -3.451326e-02 1.176213e-01
      vertex   3.130794e-02 -3.528875e-02 1.110901e-01
    endloop
  endfacet
  facet normal -5.379311e-01 7.427976e-01 -3.985997e-01
    outer loop
      vertex   -3.025499e-02 3.749290e-02 1.521440e-01
      vertex   -3.398615e-02 3.598697e-02 1.543730e-01
      vertex   -3.129041e-02 3.868078e-02 1.557550e-01
    endloop
  endfacet
  facet normal 1.328298e-01 -9.967951e-02 -9.861137e-01
    outer loop
      vertex   2.900587e-02 -2.611700e-02 1.490000e-01
      vertex   3.309321e-02 -2.692733e-02 1.496325e-01
      vertex   2.887603e-02 -3.011715e-02 1.493868e-01
    endloop
  endfacet
  facet normal 2.953471e-02 8.133533e-01 5.810200e-01
    outer loop
      vertex   6.773125e-03 4.869191e-02 1.596180e-01
      vertex   7.662024e-03 4.645782e-02 1.627003e-01
      vertex   1.126359e-02 4.688087e-02 1.619250e-01
    endloop
  endfacet
  facet normal -2.688854e-03 2.729888e-01 -9.620135e-01
    outer loop
      vertex   -7.225201e-03 4.190332e-02 1.496380e-01
      vertex   -1.113336e-02 4.001306e-02 1.491125e-01
      vertex   -1.103997e-02 4.505581e-02 1.505432e-01
    endloop
  endfacet
  facet normal 6.002703e-02 -3.465664e-02 -9.975949e-01
    outer loop
      vertex   3.508105e-02 -1.711017e-02 1.490000e-01
      vertex   3.771909e-02 -2.068503e-02 1.492829e-01
      vertex   3.235837e-02 -2.182600e-02 1.490000e-01
    endloop
  endfacet
  facet normal -5.363315e-01 3.583650e-01 7.641486e-01
    outer loop
      vertex   -3.533293e-02 2.711191e-02 1.651932e-01
      vertex   -3.957901e-02 2.697470e-02 1.622773e-01
      vertex   -3.856946e-02 2.226809e-02 1.651932e-01
    endloop
  endfacet
  facet normal -5.255188e-01 4.090037e-01 7.460201e-01
    outer loop
      vertex   -3.957901e-02 2.697470e-02 1.622773e-01
      vertex   -3.533293e-02 2.711191e-02 1.651932e-01
      vertex   -3.575672e-02 3.037779e-02 1.631041e-01
    endloop
  endfacet
  facet normal 2.891706e-01 -7.598264e-01 5.822750e-01
    outer loop
      vertex   1.148378e-02 -4.147899e-02 1.442136e-01
      vertex   1.615076e-02 -4.174297e-02 1.415514e-01
      vertex   1.912817e-02 -3.825957e-02 1.446184e-01
    endloop
  endfacet
  facet normal -9.029221e-01 -5.918045e-02 -4.257105e-01
    outer loop
      vertex   -4.453618e-02 9.992007e-17 1.651932e-01
      vertex   -4.415516e-02 -5.813138e-03 1.651932e-01
      vertex   -4.703307e-02 -7.107227e-03 1.714771e-01
    endloop
  endfacet
  facet normal 2.966650e-01 8.739483e-01 -3.849730e-01
    outer loop
      vertex   1.704326e-02 4.114606e-02 1.651932e-01
      vertex   1.152681e-02 4.301864e-02 1.651932e-01
      vertex   1.848670e-02 4.423879e-02 1.733265e-01
    endloop
  endfacet
  facet normal -7.206511e-01 -2.037316e-01 6.626881e-01
    outer loop
      vertex   -4.379863e-02 -1.549533e-02 1.633578e-01
      vertex   -4.587691e-02 -1.288193e-02 1.619011e-01
      vertex   -4.536941e-02 -1.798875e-02 1.608830e-01
    endloop
  endfacet
  facet normal -7.866689e-01 5.633612e-01 2.525394e-01
    outer loop
      vertex   -3.382388e-02 3.651157e-02 1.584913e-01
      vertex   -3.707498e-02 3.316322e-02 1.558334e-01
      vertex   -3.492722e-02 3.368078e-02 1.613692e-01
    endloop
  endfacet
  facet normal -6.527840e-01 4.742305e-01 5.907440e-01
    outer loop
      vertex   -3.887569e-02 3.075401e-02 1.593556e-01
      vertex   -3.575672e-02 3.037779e-02 1.631041e-01
      vertex   -3.492722e-02 3.368078e-02 1.613692e-01
    endloop
  endfacet
  facet normal -5.800309e-01 7.097376e-01 -3.997959e-01
    outer loop
      vertex   -2.716798e-02 4.079239e-02 1.535227e-01
      vertex   -3.025499e-02 3.749290e-02 1.521440e-01
      vertex   -3.129041e-02 3.868078e-02 1.557550e-01
    endloop
  endfacet
  facet normal -3.087895e-01 7.674058e-01 -5.619051e-01
    outer loop
      vertex   -2.254878e-02 4.203046e-02 1.517293e-01
      vertex   -1.987368e-02 4.525787e-02 1.546670e-01
      vertex   -1.830939e-02 4.285495e-02 1.505256e-01
    endloop
  endfacet
  facet normal 7.494484e-01 -2.601283e-01 6.088188e-01
    outer loop
      vertex   4.283884e-02 -1.040466e-02 1.426691e-01
      vertex   3.712092e-02 -1.206132e-02 1.490000e-01
      vertex   4.132299e-02 -1.735423e-02 1.415658e-01
    endloop
  endfacet
  facet normal -4.061967e-01 7.153946e-01 -5.685198e-01
    outer loop
      vertex   -1.587236e-02 4.564658e-02 1.522972e-01
      vertex   -1.830939e-02 4.285495e-02 1.505256e-01
      vertex   -1.987368e-02 4.525787e-02 1.546670e-01
    endloop
  endfacet
  facet normal -9.546602e-03 5.417304e-01 -8.404981e-01
    outer loop
      vertex   -1.830939e-02 4.285495e-02 1.505256e-01
      vertex   -1.587236e-02 4.564658e-02 1.522972e-01
      vertex   -1.505831e-02 4.086572e-02 1.492066e-01
    endloop
  endfacet
  facet normal -2.415919e-01 4.974741e-01 -8.331584e-01
    outer loop
      vertex   -1.103997e-02 4.505581e-02 1.505432e-01
      vertex   -1.505831e-02 4.086572e-02 1.492066e-01
      vertex   -1.587236e-02 4.564658e-02 1.522972e-01
    endloop
  endfacet
  facet normal 5.485027e-01 -5.679911e-01 6.136211e-01
    outer loop
      vertex   2.508880e-02 -2.989967e-02 1.490000e-01
      vertex   2.956372e-02 -3.344529e-02 1.417180e-01
      vertex   2.900587e-02 -2.611700e-02 1.490000e-01
    endloop
  endfacet
  facet normal -2.451849e-02 1.744579e-01 -9.843593e-01
    outer loop
      vertex   -2.722682e-03 3.893617e-02 1.490000e-01
      vertex   -8.115053e-03 3.817832e-02 1.490000e-01
      vertex   -7.225201e-03 4.190332e-02 1.496380e-01
    endloop
  endfacet
  facet normal 3.115181e-01 1.211699e-02 9.501630e-01
    outer loop
      vertex   2.133371e-02 3.536871e-03 2.193368e-01
      vertex   1.535221e-02 2.526010e-03 2.213108e-01
      vertex   1.699320e-02 -3.463070e-03 2.208492e-01
    endloop
  endfacet
  facet normal 0.000000e+00 1.816188e-01 -9.833690e-01
    outer loop
      vertex   2.722682e-03 3.893617e-02 1.490000e-01
      vertex   -2.722682e-03 3.893617e-02 1.490000e-01
      vertex   -2.048784e-03 4.290169e-02 1.497324e-01
    endloop
  endfacet
  facet normal -6.433655e-01 7.440866e-01 1.800443e-01
    outer loop
      vertex   -3.887569e-02 3.075401e-02 1.593556e-01
      vertex   -3.492722e-02 3.368078e-02 1.613692e-01
      vertex   -3.707498e-02 3.316322e-02 1.558334e-01
    endloop
  endfacet
  facet normal -5.047438e-01 4.713204e-01 7.232502e-01
    outer loop
      vertex   -3.149183e-02 3.149183e-02 1.651932e-01
      vertex   -3.102285e-02 3.651057e-02 1.622499e-01
      vertex   -3.492722e-02 3.368078e-02 1.613692e-01
    endloop
  endfacet
  facet normal -6.338290e-01 7.730367e-01 2.598189e-02
    outer loop
      vertex   -3.382388e-02 3.651157e-02 1.584913e-01
      vertex   -2.958319e-02 3.997773e-02 1.588146e-01
      vertex   -3.129041e-02 3.868078e-02 1.557550e-01
    endloop
  endfacet
  facet normal -5.885090e-01 6.790844e-01 4.387500e-01
    outer loop
      vertex   -3.102285e-02 3.651057e-02 1.622499e-01
      vertex   -2.958319e-02 3.997773e-02 1.588146e-01
      vertex   -3.382388e-02 3.651157e-02 1.584913e-01
    endloop
  endfacet
  facet normal -6.243518e-01 7.811224e-01 5.713673e-03
    outer loop
      vertex   -2.333189e-02 4.384170e-02 1.558318e-01
      vertex   -2.716798e-02 4.079239e-02 1.535227e-01
      vertex   -2.501761e-02 4.247169e-02 1.589212e-01
    endloop
  endfacet
  facet normal -4.624316e-01 7.751367e-01 -4.304883e-01
    outer loop
      vertex   -2.333189e-02 4.384170e-02 1.558318e-01
      vertex   -1.987368e-02 4.525787e-02 1.546670e-01
      vertex   -2.254878e-02 4.203046e-02 1.517293e-01
    endloop
  endfacet
  facet normal -1.062299e-01 8.163930e-01 -5.676422e-01
    outer loop
      vertex   -1.587236e-02 4.564658e-02 1.522972e-01
      vertex   -1.327531e-02 4.767836e-02 1.547334e-01
      vertex   -1.103997e-02 4.505581e-02 1.505432e-01
    endloop
  endfacet
  facet normal -2.847873e-01 7.368678e-01 -6.131248e-01
    outer loop
      vertex   -8.940634e-03 4.796658e-02 1.530664e-01
      vertex   -1.103997e-02 4.505581e-02 1.505432e-01
      vertex   -1.327531e-02 4.767836e-02 1.547334e-01
    endloop
  endfacet
  facet normal 2.437431e-01 8.847827e-02 9.657955e-01
    outer loop
      vertex   1.093647e-02 6.314173e-03 2.220782e-01
      vertex   1.535221e-02 2.526010e-03 2.213108e-01
      vertex   1.618183e-02 9.342583e-03 2.204769e-01
    endloop
  endfacet
  facet normal -1.472142e-01 7.063503e-01 -6.923851e-01
    outer loop
      vertex   -5.419083e-03 4.667385e-02 1.509988e-01
      vertex   -1.103997e-02 4.505581e-02 1.505432e-01
      vertex   -8.940634e-03 4.796658e-02 1.530664e-01
    endloop
  endfacet
  facet normal -1.148313e-03 2.747129e-01 -9.615256e-01
    outer loop
      vertex   -1.103997e-02 4.505581e-02 1.505432e-01
      vertex   -5.419083e-03 4.667385e-02 1.509988e-01
      vertex   -7.225201e-03 4.190332e-02 1.496380e-01
    endloop
  endfacet
  facet normal -4.269242e-01 4.868136e-01 7.620684e-01
    outer loop
      vertex   -2.711191e-02 3.533293e-02 1.651932e-01
      vertex   -3.102285e-02 3.651057e-02 1.622499e-01
      vertex   -3.149183e-02 3.149183e-02 1.651932e-01
    endloop
  endfacet
  facet normal 8.678540e-01 1.726272e-01 -4.658641e-01
    outer loop
      vertex   4.415516e-02 5.813138e-03 1.058182e-01
      vertex   4.301864e-02 1.152681e-02 1.058182e-01
      vertex   4.591316e-02 8.921638e-03 1.102450e-01
    endloop
  endfacet
  facet normal -3.364211e-01 -9.326279e-01 -1.304840e-01
    outer loop
      vertex   -1.985531e-02 -4.569817e-02 1.828439e-01
      vertex   -1.543796e-02 -4.630570e-02 1.757972e-01
      vertex   -1.363218e-02 -4.777811e-02 1.816654e-01
    endloop
  endfacet
  facet normal -3.942749e-01 5.432212e-01 7.412544e-01
    outer loop
      vertex   -2.618671e-02 3.991197e-02 1.623296e-01
      vertex   -3.102285e-02 3.651057e-02 1.622499e-01
      vertex   -2.711191e-02 3.533293e-02 1.651932e-01
    endloop
  endfacet
  facet normal -5.037327e-01 7.045017e-01 4.999308e-01
    outer loop
      vertex   -2.618671e-02 3.991197e-02 1.623296e-01
      vertex   -2.958319e-02 3.997773e-02 1.588146e-01
      vertex   -3.102285e-02 3.651057e-02 1.622499e-01
    endloop
  endfacet
  facet normal -4.386937e-01 7.843450e-01 4.385780e-01
    outer loop
      vertex   -2.958319e-02 3.997773e-02 1.588146e-01
      vertex   -2.618671e-02 3.991197e-02 1.623296e-01
      vertex   -2.501761e-02 4.247169e-02 1.589212e-01
    endloop
  endfacet
  facet normal -5.161680e-01 8.563394e-01 1.591948e-02
    outer loop
      vertex   -1.703282e-02 4.692415e-02 1.571455e-01
      vertex   -1.987368e-02 4.525787e-02 1.546670e-01
      vertex   -2.014484e-02 4.501288e-02 1.590533e-01
    endloop
  endfacet
  facet normal -2.694731e-01 9.133702e-01 -3.051871e-01
    outer loop
      vertex   -1.987368e-02 4.525787e-02 1.546670e-01
      vertex   -1.703282e-02 4.692415e-02 1.571455e-01
      vertex   -1.587236e-02 4.564658e-02 1.522972e-01
    endloop
  endfacet
  facet normal -5.383356e-02 8.028880e-01 -5.936942e-01
    outer loop
      vertex   -5.419083e-03 4.667385e-02 1.509988e-01
      vertex   -8.940634e-03 4.796658e-02 1.530664e-01
      vertex   -4.326493e-03 4.919063e-02 1.543033e-01
    endloop
  endfacet
  facet normal 4.131149e-02 3.509773e-01 -9.354722e-01
    outer loop
      vertex   -5.419083e-03 4.667385e-02 1.509988e-01
      vertex   -5.382430e-04 4.751502e-02 1.515300e-01
      vertex   -2.048784e-03 4.290169e-02 1.497324e-01
    endloop
  endfacet
  facet normal 1.962758e-02 1.396573e-01 -9.900053e-01
    outer loop
      vertex   8.115053e-03 3.817832e-02 1.490000e-01
      vertex   2.722682e-03 3.893617e-02 1.490000e-01
      vertex   6.390934e-03 4.320532e-02 1.496749e-01
    endloop
  endfacet
  facet normal -3.645412e-01 5.455747e-01 7.546244e-01
    outer loop
      vertex   -2.618671e-02 3.991197e-02 1.623296e-01
      vertex   -2.711191e-02 3.533293e-02 1.651932e-01
      vertex   -2.226809e-02 3.856946e-02 1.651932e-01
    endloop
  endfacet
  facet normal 3.433858e-01 -9.338197e-01 -1.003341e-01
    outer loop
      vertex   2.016039e-02 -4.491399e-02 1.578182e-01
      vertex   1.868893e-02 -4.500535e-02 1.536327e-01
      vertex   2.230175e-02 -4.368905e-02 1.537463e-01
    endloop
  endfacet
  facet normal 7.626258e-01 6.777547e-02 6.432794e-01
    outer loop
      vertex   3.881743e-02 4.079876e-03 1.490000e-01
      vertex   4.218489e-02 6.305561e-04 1.453712e-01
      vertex   4.209857e-02 5.465780e-03 1.449641e-01
    endloop
  endfacet
  facet normal -2.850383e-01 9.578342e-01 -3.615034e-02
    outer loop
      vertex   -1.226722e-02 4.813696e-02 1.589360e-01
      vertex   -8.558486e-03 4.914465e-02 1.563928e-01
      vertex   -1.327531e-02 4.767836e-02 1.547334e-01
    endloop
  endfacet
  facet normal 8.702480e-01 2.085364e-01 -4.462969e-01
    outer loop
      vertex   4.508086e-02 1.402144e-02 1.110050e-01
      vertex   4.591316e-02 8.921638e-03 1.102450e-01
      vertex   4.301864e-02 1.152681e-02 1.058182e-01
    endloop
  endfacet
  facet normal -1.644344e-01 9.355935e-01 -3.124519e-01
    outer loop
      vertex   -4.326493e-03 4.919063e-02 1.543033e-01
      vertex   -8.940634e-03 4.796658e-02 1.530664e-01
      vertex   -8.558486e-03 4.914465e-02 1.563928e-01
    endloop
  endfacet
  facet normal 4.217753e-03 8.584438e-01 -5.128902e-01
    outer loop
      vertex   6.553142e-04 4.948199e-02 1.548320e-01
      vertex   -5.382430e-04 4.751502e-02 1.515300e-01
      vertex   -4.326493e-03 4.919063e-02 1.543033e-01
    endloop
  endfacet
  facet normal -1.381986e-01 -2.404896e-02 -9.901125e-01
    outer loop
      vertex   -3.787185e-02 9.442513e-03 1.490000e-01
      vertex   -4.170702e-02 8.049504e-03 1.495691e-01
      vertex   -3.955048e-02 1.274349e-02 1.491541e-01
    endloop
  endfacet
  facet normal -2.420406e-02 2.037861e-01 -9.787162e-01
    outer loop
      vertex   1.334947e-02 3.667737e-02 1.490000e-01
      vertex   1.515179e-02 4.248109e-02 1.501639e-01
      vertex   1.866805e-02 3.959976e-02 1.494769e-01
    endloop
  endfacet
  facet normal 4.586191e-01 -8.202702e-01 3.417972e-01
    outer loop
      vertex   2.179959e-02 -4.228789e-02 1.619211e-01
      vertex   1.710656e-02 -4.512726e-02 1.614040e-01
      vertex   2.016039e-02 -4.491399e-02 1.578182e-01
    endloop
  endfacet
  facet normal 8.736618e-02 8.416353e-01 -5.329327e-01
    outer loop
      vertex   -5.382430e-04 4.751502e-02 1.515300e-01
      vertex   6.553142e-04 4.948199e-02 1.548320e-01
      vertex   4.085141e-03 4.705925e-02 1.515681e-01
    endloop
  endfacet
  facet normal 5.751740e-02 8.296099e-01 -5.553730e-01
    outer loop
      vertex   5.703612e-03 4.913587e-02 1.548378e-01
      vertex   4.085141e-03 4.705925e-02 1.515681e-01
      vertex   6.553142e-04 4.948199e-02 1.548320e-01
    endloop
  endfacet
  facet normal -5.511521e-02 -1.132395e-01 -9.920379e-01
    outer loop
      vertex   -2.068341e-02 -3.310037e-02 1.490000e-01
      vertex   -2.179123e-02 -3.742795e-02 1.495555e-01
      vertex   -2.539846e-02 -3.363264e-02 1.493227e-01
    endloop
  endfacet
  facet normal 1.895383e-01 -5.885526e-01 -7.859269e-01
    outer loop
      vertex   8.630722e-03 -4.692709e-02 1.520487e-01
      vertex   1.159831e-02 -4.290081e-02 1.497493e-01
      vertex   1.242383e-02 -4.712377e-02 1.531108e-01
    endloop
  endfacet
  facet normal -5.394717e-01 -6.599085e-01 5.229637e-01
    outer loop
      vertex   -2.952821e-02 -3.941106e-02 1.578395e-01
      vertex   -2.655408e-02 -4.185512e-02 1.578234e-01
      vertex   -2.564514e-02 -3.920568e-02 1.621043e-01
    endloop
  endfacet
  facet normal -6.276983e-01 1.085914e-01 7.708455e-01
    outer loop
      vertex   -4.415516e-02 5.813138e-03 1.058182e-01
      vertex   -4.565141e-02 1.020557e-02 1.039810e-01
      vertex   -4.762171e-02 6.184283e-03 1.029431e-01
    endloop
  endfacet
  facet normal -1.505143e-01 -7.876844e-01 -5.974101e-01
    outer loop
      vertex   2.128641e-02 -4.332458e-02 9.388979e-02
      vertex   2.068442e-02 -4.517221e-02 9.647757e-02
      vertex   1.917191e-02 -4.124218e-02 9.167688e-02
    endloop
  endfacet
  facet normal -9.180280e-01 -1.845477e-01 -3.509512e-01
    outer loop
      vertex   -4.875487e-02 -9.967816e-03 9.714690e-02
      vertex   -4.756867e-02 -8.136201e-03 9.308085e-02
      vertex   -4.689372e-02 -1.237566e-02 9.354460e-02
    endloop
  endfacet
  facet normal -8.948850e-01 4.375244e-01 -8.805310e-02
    outer loop
      vertex   -4.060027e-02 2.880818e-02 9.922295e-02
      vertex   -4.147039e-02 2.604003e-02 9.431136e-02
      vertex   -4.291007e-02 2.438228e-02 1.007057e-01
    endloop
  endfacet
  facet normal 3.966947e-01 -5.569052e-01 7.297191e-01
    outer loop
      vertex   2.711191e-02 -3.533293e-02 1.058182e-01
      vertex   3.015480e-02 -3.839300e-02 1.018286e-01
      vertex   3.265452e-02 -3.484798e-02 1.031752e-01
    endloop
  endfacet
  facet normal 3.577370e-01 -5.728670e-01 7.374603e-01
    outer loop
      vertex   2.048102e-02 -4.243610e-02 1.036814e-01
      vertex   2.554525e-02 -4.154184e-02 1.019195e-01
      vertex   2.226809e-02 -3.856946e-02 1.058182e-01
    endloop
  endfacet
  facet normal 7.772888e-01 2.330790e-01 5.843768e-01
    outer loop
      vertex   3.787185e-02 9.442513e-03 1.490000e-01
      vertex   4.209857e-02 5.465780e-03 1.449641e-01
      vertex   4.423650e-02 8.517070e-03 1.409034e-01
    endloop
  endfacet
  facet normal -2.852708e-01 -6.228220e-01 7.285007e-01
    outer loop
      vertex   -1.543030e-02 -4.501367e-02 1.625182e-01
      vertex   -1.704326e-02 -4.114606e-02 1.651932e-01
      vertex   -2.095161e-02 -4.213062e-02 1.628210e-01
    endloop
  endfacet
  facet normal 2.758835e-01 -5.594359e-01 7.816135e-01
    outer loop
      vertex   2.226809e-02 -3.856946e-02 1.058182e-01
      vertex   1.704326e-02 -4.114606e-02 1.058182e-01
      vertex   2.048102e-02 -4.243610e-02 1.036814e-01
    endloop
  endfacet
  facet normal 1.791697e-01 -6.178743e-01 7.655910e-01
    outer loop
      vertex   9.928332e-03 -4.707848e-02 1.029158e-01
      vertex   1.571283e-02 -4.560403e-02 1.027520e-01
      vertex   1.152681e-02 -4.301864e-02 1.058182e-01
    endloop
  endfacet
  facet normal 2.020529e-01 -5.952297e-01 7.777379e-01
    outer loop
      vertex   1.704326e-02 -4.114606e-02 1.058182e-01
      vertex   1.152681e-02 -4.301864e-02 1.058182e-01
      vertex   1.571283e-02 -4.560403e-02 1.027520e-01
    endloop
  endfacet
  facet normal 9.563213e-02 -6.303058e-01 7.704343e-01
    outer loop
      vertex   4.247378e-03 -4.786589e-02 1.029767e-01
      vertex   9.928332e-03 -4.707848e-02 1.029158e-01
      vertex   5.813138e-03 -4.415516e-02 1.058182e-01
    endloop
  endfacet
  facet normal 1.210170e-01 -6.083926e-01 7.843553e-01
    outer loop
      vertex   1.152681e-02 -4.301864e-02 1.058182e-01
      vertex   5.813138e-03 -4.415516e-02 1.058182e-01
      vertex   9.928332e-03 -4.707848e-02 1.029158e-01
    endloop
  endfacet
  facet normal -1.926160e-02 -6.366956e-01 7.708746e-01
    outer loop
      vertex   -1.116843e-16 -4.453618e-02 1.058182e-01
      vertex   -3.114516e-03 -4.757532e-02 1.032302e-01
      vertex   4.843986e-04 -4.797485e-02 1.029902e-01
    endloop
  endfacet
  facet normal 4.051824e-02 -6.181908e-01 7.849831e-01
    outer loop
      vertex   5.813138e-03 -4.415516e-02 1.058182e-01
      vertex   -1.116843e-16 -4.453618e-02 1.058182e-01
      vertex   4.247378e-03 -4.786589e-02 1.029767e-01
    endloop
  endfacet
  facet normal 1.841229e-02 -8.833438e-01 4.683639e-01
    outer loop
      vertex   -4.985096e-03 -4.936822e-02 9.992229e-02
      vertex   3.800573e-04 -4.973596e-02 9.901783e-02
      vertex   -3.114516e-03 -4.757532e-02 1.032302e-01
    endloop
  endfacet
  facet normal -4.084630e-02 -6.231962e-01 7.809981e-01
    outer loop
      vertex   -1.116843e-16 -4.453618e-02 1.058182e-01
      vertex   -5.813138e-03 -4.415516e-02 1.058182e-01
      vertex   -3.114516e-03 -4.757532e-02 1.032302e-01
    endloop
  endfacet
  facet normal -1.350746e-01 -7.058914e-02 -9.883178e-01
    outer loop
      vertex   -3.939231e-02 -6.945927e-03 9.000000e-02
      vertex   -4.274671e-02 -9.722826e-03 9.065679e-02
      vertex   -4.367644e-02 -5.089147e-03 9.045290e-02
    endloop
  endfacet
  facet normal -1.220621e-01 -6.136468e-01 7.800888e-01
    outer loop
      vertex   -5.813138e-03 -4.415516e-02 1.058182e-01
      vertex   -1.152681e-02 -4.301864e-02 1.058182e-01
      vertex   -8.394942e-03 -4.712020e-02 1.030818e-01
    endloop
  endfacet
  facet normal -8.179384e-01 -3.858324e-01 -4.267437e-01
    outer loop
      vertex   -4.322017e-02 -2.089251e-02 9.321550e-02
      vertex   -4.388248e-02 -2.341634e-02 9.676683e-02
      vertex   -4.570595e-02 -1.972795e-02 9.692709e-02
    endloop
  endfacet
  facet normal 6.951864e-01 -6.250495e-01 3.550056e-01
    outer loop
      vertex   3.015480e-02 -3.839300e-02 1.018286e-01
      vertex   3.263748e-02 -3.761105e-02 9.834369e-02
      vertex   3.265452e-02 -3.484798e-02 1.031752e-01
    endloop
  endfacet
  facet normal -1.835132e-02 -1.762405e-01 -9.841761e-01
    outer loop
      vertex   5.566924e-03 -3.961072e-02 9.000000e-02
      vertex   6.740264e-03 -4.383115e-02 9.073389e-02
      vertex   2.677664e-03 -4.337708e-02 9.072833e-02
    endloop
  endfacet
  facet normal 7.125818e-01 -6.294241e-01 -3.099232e-01
    outer loop
      vertex   3.991501e-02 -2.977633e-02 9.870197e-02
      vertex   3.588869e-02 -3.444990e-02 9.893614e-02
      vertex   3.530467e-02 -3.227588e-02 9.317814e-02
    endloop
  endfacet
  facet normal 3.686837e-01 -4.600797e-01 -8.077122e-01
    outer loop
      vertex   3.641372e-02 -2.871887e-02 9.165827e-02
      vertex   3.530467e-02 -3.227588e-02 9.317814e-02
      vertex   3.205009e-02 -3.017081e-02 9.049351e-02
    endloop
  endfacet
  facet normal 8.032314e-01 2.650802e-01 -5.334340e-01
    outer loop
      vertex   4.702510e-02 1.619733e-02 9.662665e-02
      vertex   4.450853e-02 1.509117e-02 9.228759e-02
      vertex   4.436460e-02 1.859611e-02 9.381258e-02
    endloop
  endfacet
  facet normal -5.038050e-03 9.395001e-01 -3.425115e-01
    outer loop
      vertex   7.516704e-05 4.824095e-02 9.325841e-02
      vertex   3.154043e-03 4.979623e-02 9.747923e-02
      vertex   5.754382e-03 4.866368e-02 9.433441e-02
    endloop
  endfacet
  facet normal 3.076387e-01 -8.839183e-01 3.522029e-01
    outer loop
      vertex   1.571283e-02 -4.560403e-02 1.027520e-01
      vertex   1.730777e-02 -4.675619e-02 9.846729e-02
      vertex   2.068040e-02 -4.465952e-02 1.007834e-01
    endloop
  endfacet
  facet normal -2.757976e-02 9.825957e-01 1.836983e-01
    outer loop
      vertex   -5.249861e-03 4.913888e-02 9.989895e-02
      vertex   8.152793e-04 4.900039e-02 1.015503e-01
      vertex   -1.213746e-03 4.966475e-02 9.769200e-02
    endloop
  endfacet
  facet normal 2.376440e-01 -8.887870e-01 3.918966e-01
    outer loop
      vertex   9.928332e-03 -4.707848e-02 1.029158e-01
      vertex   1.208713e-02 -4.830964e-02 9.881451e-02
      vertex   1.571283e-02 -4.560403e-02 1.027520e-01
    endloop
  endfacet
  facet normal 5.302351e-01 -7.591538e-01 -3.775397e-01
    outer loop
      vertex   3.991501e-02 -2.977633e-02 9.870197e-02
      vertex   3.641372e-02 -2.871887e-02 9.165827e-02
      vertex   4.013684e-02 -2.706600e-02 9.356361e-02
    endloop
  endfacet
  facet normal 1.282646e-01 -8.918004e-01 4.338665e-01
    outer loop
      vertex   4.247378e-03 -4.786589e-02 1.029767e-01
      vertex   6.801867e-03 -4.927544e-02 9.932425e-02
      vertex   9.928332e-03 -4.707848e-02 1.029158e-01
    endloop
  endfacet
  facet normal 7.469113e-02 -9.947206e-01 -7.037199e-02
    outer loop
      vertex   4.148672e-03 -4.923734e-02 9.596968e-02
      vertex   6.801867e-03 -4.927544e-02 9.932425e-02
      vertex   3.800573e-04 -4.973596e-02 9.901783e-02
    endloop
  endfacet
  facet normal 2.791261e-02 -9.140999e-01 4.045271e-01
    outer loop
      vertex   3.800573e-04 -4.973596e-02 9.901783e-02
      vertex   4.247378e-03 -4.786589e-02 1.029767e-01
      vertex   4.843986e-04 -4.797485e-02 1.029902e-01
    endloop
  endfacet
  facet normal 7.480762e-01 3.934611e-01 -5.343879e-01
    outer loop
      vertex   3.678100e-02 3.244307e-02 9.461137e-02
      vertex   4.002321e-02 2.969630e-02 9.712765e-02
      vertex   3.668867e-02 2.938091e-02 9.222750e-02
    endloop
  endfacet
  facet normal 2.266002e-01 -3.617259e-02 -9.733159e-01
    outer loop
      vertex   4.513602e-02 -6.459293e-03 9.131912e-02
      vertex   4.219429e-02 -1.157943e-02 9.082454e-02
      vertex   3.939231e-02 -6.945927e-03 9.000000e-02
    endloop
  endfacet
  facet normal -7.678733e-01 -5.890274e-01 -2.518279e-01
    outer loop
      vertex   -3.818304e-02 -3.175348e-02 1.199092e-01
      vertex   -3.985018e-02 -2.677917e-02 1.133576e-01
      vertex   -3.581870e-02 -3.192248e-02 1.130951e-01
    endloop
  endfacet
  facet normal -2.411337e-01 -8.945826e-01 3.762664e-01
    outer loop
      vertex   -4.985096e-03 -4.936822e-02 9.992229e-02
      vertex   -8.394942e-03 -4.712020e-02 1.030818e-01
      vertex   -8.909338e-03 -4.897211e-02 9.834919e-02
    endloop
  endfacet
  facet normal 8.015705e-01 -5.497333e-01 -2.351129e-01
    outer loop
      vertex   4.013684e-02 -2.706600e-02 9.356361e-02
      vertex   4.324083e-02 -2.290881e-02 9.442585e-02
      vertex   4.274668e-02 -2.540050e-02 9.856711e-02
    endloop
  endfacet
  facet normal -2.349753e-01 -9.600815e-01 1.517569e-01
    outer loop
      vertex   -1.368853e-02 -4.772898e-02 9.648005e-02
      vertex   -1.281436e-02 -4.713386e-02 1.015986e-01
      vertex   -1.742232e-02 -4.636861e-02 9.930510e-02
    endloop
  endfacet
  facet normal -6.018904e-01 -2.048793e-01 -7.718500e-01
    outer loop
      vertex   -4.864015e-02 -4.109922e-03 9.406368e-02
      vertex   -4.570168e-02 -1.656931e-03 9.112114e-02
      vertex   -4.367644e-02 -5.089147e-03 9.045290e-02
    endloop
  endfacet
  facet normal 5.680183e-01 -7.910447e-01 2.271641e-01
    outer loop
      vertex   2.836152e-02 -4.095538e-02 9.738977e-02
      vertex   3.263748e-02 -3.761105e-02 9.834369e-02
      vertex   3.015480e-02 -3.839300e-02 1.018286e-01
    endloop
  endfacet
  facet normal -3.546395e-01 -8.429739e-01 4.045069e-01
    outer loop
      vertex   -2.347889e-02 -4.242317e-02 1.023776e-01
      vertex   -2.126092e-02 -4.494537e-02 9.906597e-02
      vertex   -1.979384e-02 -4.359657e-02 1.031630e-01
    endloop
  endfacet
  facet normal 4.387131e-01 -6.235527e-01 6.470803e-01
    outer loop
      vertex   2.696815e-02 -3.867582e-02 1.037166e-01
      vertex   2.554525e-02 -4.154184e-02 1.019195e-01
      vertex   3.015480e-02 -3.839300e-02 1.018286e-01
    endloop
  endfacet
  facet normal 3.054788e-01 -9.266142e-01 -2.192461e-01
    outer loop
      vertex   1.730777e-02 -4.675619e-02 9.846729e-02
      vertex   1.716264e-02 -4.578085e-02 9.414295e-02
      vertex   2.068442e-02 -4.517221e-02 9.647757e-02
    endloop
  endfacet
  facet normal -4.368714e-01 -8.723946e-01 2.192510e-01
    outer loop
      vertex   -2.664566e-02 -4.104591e-02 1.015477e-01
      vertex   -2.384137e-02 -4.357531e-02 9.707101e-02
      vertex   -2.347889e-02 -4.242317e-02 1.023776e-01
    endloop
  endfacet
  facet normal 2.752204e-01 -9.530888e-01 -1.259978e-01
    outer loop
      vertex   1.730777e-02 -4.675619e-02 9.846729e-02
      vertex   1.208713e-02 -4.830964e-02 9.881451e-02
      vertex   1.369215e-02 -4.737042e-02 9.521585e-02
    endloop
  endfacet
  facet normal 2.885910e-01 -8.922252e-01 3.473463e-01
    outer loop
      vertex   1.208713e-02 -4.830964e-02 9.881451e-02
      vertex   1.730777e-02 -4.675619e-02 9.846729e-02
      vertex   1.571283e-02 -4.560403e-02 1.027520e-01
    endloop
  endfacet
  facet normal 1.689208e-01 -9.749537e-01 -1.446754e-01
    outer loop
      vertex   6.801867e-03 -4.927544e-02 9.932425e-02
      vertex   4.148672e-03 -4.923734e-02 9.596968e-02
      vertex   8.750846e-03 -4.826244e-02 9.477336e-02
    endloop
  endfacet
  facet normal 1.640841e-01 -9.754533e-01 -1.468580e-01
    outer loop
      vertex   8.750846e-03 -4.826244e-02 9.477336e-02
      vertex   1.208713e-02 -4.830964e-02 9.881451e-02
      vertex   6.801867e-03 -4.927544e-02 9.932425e-02
    endloop
  endfacet
  facet normal -5.360268e-02 -9.727902e-01 -2.254019e-01
    outer loop
      vertex   -4.748738e-04 -4.851580e-02 9.395517e-02
      vertex   4.148672e-03 -4.923734e-02 9.596968e-02
      vertex   3.800573e-04 -4.973596e-02 9.901783e-02
    endloop
  endfacet
  facet normal 4.746493e-02 -9.202886e-01 3.883504e-01
    outer loop
      vertex   4.247378e-03 -4.786589e-02 1.029767e-01
      vertex   3.800573e-04 -4.973596e-02 9.901783e-02
      vertex   6.801867e-03 -4.927544e-02 9.932425e-02
    endloop
  endfacet
  facet normal -7.406036e-02 -9.109519e-01 4.058100e-01
    outer loop
      vertex   4.843986e-04 -4.797485e-02 1.029902e-01
      vertex   -3.114516e-03 -4.757532e-02 1.032302e-01
      vertex   3.800573e-04 -4.973596e-02 9.901783e-02
    endloop
  endfacet
  facet normal 4.729152e-01 2.953375e-02 -8.806128e-01
    outer loop
      vertex   4.763428e-02 2.223105e-04 9.272481e-02
      vertex   4.427145e-02 -2.069448e-03 9.084201e-02
      vertex   4.363318e-02 2.329159e-03 9.064676e-02
    endloop
  endfacet
  facet normal -3.071118e-01 -9.378710e-01 1.614943e-01
    outer loop
      vertex   -1.368853e-02 -4.772898e-02 9.648005e-02
      vertex   -8.909338e-03 -4.897211e-02 9.834919e-02
      vertex   -1.281436e-02 -4.713386e-02 1.015986e-01
    endloop
  endfacet
  facet normal 4.954210e-01 -8.455605e-01 1.989608e-01
    outer loop
      vertex   2.398712e-02 -4.347158e-02 9.759811e-02
      vertex   2.554525e-02 -4.154184e-02 1.019195e-01
      vertex   2.068040e-02 -4.465952e-02 1.007834e-01
    endloop
  endfacet
  facet normal -9.580402e-01 -2.370297e-01 1.611703e-01
    outer loop
      vertex   -4.875487e-02 -9.967816e-03 9.714690e-02
      vertex   -4.761057e-02 -1.467968e-02 9.701929e-02
      vertex   -4.773728e-02 -1.141054e-02 1.010740e-01
    endloop
  endfacet
  facet normal 2.255233e-02 -2.078286e-01 -9.779052e-01
    outer loop
      vertex   -1.566072e-02 -4.144560e-02 9.052964e-02
      vertex   -1.102549e-02 -3.845047e-02 9.000000e-02
      vertex   -1.011699e-02 -4.264557e-02 9.091251e-02
    endloop
  endfacet
  facet normal 3.501621e-01 -9.111454e-01 -2.172568e-01
    outer loop
      vertex   1.730777e-02 -4.675619e-02 9.846729e-02
      vertex   1.369215e-02 -4.737042e-02 9.521585e-02
      vertex   1.716264e-02 -4.578085e-02 9.414295e-02
    endloop
  endfacet
  facet normal -1.965466e-01 9.709964e-01 -1.361450e-01
    outer loop
      vertex   -1.016091e-02 4.870867e-02 9.952658e-02
      vertex   -7.873763e-03 4.850280e-02 9.475647e-02
      vertex   -1.201802e-02 4.766284e-02 9.474867e-02
    endloop
  endfacet
  facet normal 1.896689e-01 -9.673882e-01 -1.678861e-01
    outer loop
      vertex   1.369215e-02 -4.737042e-02 9.521585e-02
      vertex   1.208713e-02 -4.830964e-02 9.881451e-02
      vertex   8.750846e-03 -4.826244e-02 9.477336e-02
    endloop
  endfacet
  facet normal -6.920433e-01 4.141675e-01 5.912203e-01
    outer loop
      vertex   -4.088611e-02 2.358513e-02 1.036333e-01
      vertex   -3.886848e-02 2.716932e-02 1.034842e-01
      vertex   -4.291007e-02 2.438228e-02 1.007057e-01
    endloop
  endfacet
  facet normal -5.746123e-01 1.579904e-01 -8.030316e-01
    outer loop
      vertex   -4.474823e-02 2.734704e-03 9.078434e-02
      vertex   -4.770413e-02 6.574032e-03 9.365480e-02
      vertex   -4.333508e-02 7.064515e-03 9.062501e-02
    endloop
  endfacet
  facet normal -9.255496e-02 -9.955109e-01 -1.979007e-02
    outer loop
      vertex   -8.909338e-03 -4.897211e-02 9.834919e-02
      vertex   -4.614955e-03 -4.932275e-02 9.590361e-02
      vertex   -4.985096e-03 -4.936822e-02 9.992229e-02
    endloop
  endfacet
  facet normal -2.234023e-01 -9.400986e-01 -2.574995e-01
    outer loop
      vertex   -4.614955e-03 -4.932275e-02 9.590361e-02
      vertex   -8.909338e-03 -4.897211e-02 9.834919e-02
      vertex   -9.269962e-03 -4.759988e-02 9.365223e-02
    endloop
  endfacet
  facet normal -8.780642e-01 4.679629e-01 1.000699e-01
    outer loop
      vertex   -4.470347e-02 2.189792e-02 9.658730e-02
      vertex   -4.548782e-02 1.962731e-02 1.003232e-01
      vertex   -4.291007e-02 2.438228e-02 1.007057e-01
    endloop
  endfacet
  facet normal 4.778333e-01 -4.821788e-01 7.342880e-01
    outer loop
      vertex   2.711191e-02 -3.533293e-02 1.058182e-01
      vertex   2.696815e-02 -3.867582e-02 1.037166e-01
      vertex   3.015480e-02 -3.839300e-02 1.018286e-01
    endloop
  endfacet
  facet normal -9.500887e-01 3.119719e-01 2.222702e-03
    outer loop
      vertex   -4.624617e-02 1.735223e-02 9.549526e-02
      vertex   -4.703690e-02 1.490660e-02 1.007616e-01
      vertex   -4.548782e-02 1.962731e-02 1.003232e-01
    endloop
  endfacet
  facet normal -8.560827e-01 -5.070776e-01 9.997355e-02
    outer loop
      vertex   -4.279528e-02 -2.442237e-02 1.009740e-01
      vertex   -4.489295e-02 -2.100066e-02 1.003667e-01
      vertex   -4.388248e-02 -2.341634e-02 9.676683e-02
    endloop
  endfacet
  facet normal -8.802093e-02 -8.540577e-01 5.126771e-01
    outer loop
      vertex   -4.985096e-03 -4.936822e-02 9.992229e-02
      vertex   -3.114516e-03 -4.757532e-02 1.032302e-01
      vertex   -8.394942e-03 -4.712020e-02 1.030818e-01
    endloop
  endfacet
  facet normal 6.184914e-01 4.710093e-01 -6.289822e-01
    outer loop
      vertex   3.678100e-02 3.244307e-02 9.461137e-02
      vertex   3.668867e-02 2.938091e-02 9.222750e-02
      vertex   3.375170e-02 3.366861e-02 9.255033e-02
    endloop
  endfacet
  facet normal 3.625486e-01 4.368191e-01 -8.232543e-01
    outer loop
      vertex   3.871068e-02 2.309016e-02 9.102059e-02
      vertex   3.563203e-02 2.539371e-02 9.088707e-02
      vertex   4.060981e-02 2.636562e-02 9.359490e-02
    endloop
  endfacet
  facet normal -1.296015e-01 -7.880846e-01 -6.017692e-01
    outer loop
      vertex   -4.748738e-04 -4.851580e-02 9.395517e-02
      vertex   -4.614955e-03 -4.932275e-02 9.590361e-02
      vertex   -5.716088e-03 -4.577073e-02 9.148898e-02
    endloop
  endfacet
  facet normal 6.349951e-01 6.119397e-01 -4.714986e-01
    outer loop
      vertex   4.060981e-02 2.636562e-02 9.359490e-02
      vertex   3.668867e-02 2.938091e-02 9.222750e-02
      vertex   4.002321e-02 2.969630e-02 9.712765e-02
    endloop
  endfacet
  facet normal -3.301951e-01 -7.664481e-01 -5.509342e-01
    outer loop
      vertex   -9.269962e-03 -4.759988e-02 9.365223e-02
      vertex   -1.368853e-02 -4.772898e-02 9.648005e-02
      vertex   -1.283351e-02 -4.530039e-02 9.258900e-02
    endloop
  endfacet
  facet normal -1.432805e-01 -9.528778e-01 -2.673846e-01
    outer loop
      vertex   -1.368853e-02 -4.772898e-02 9.648005e-02
      vertex   -9.269962e-03 -4.759988e-02 9.365223e-02
      vertex   -8.909338e-03 -4.897211e-02 9.834919e-02
    endloop
  endfacet
  facet normal -3.299053e-01 -9.230354e-01 -1.979096e-01
    outer loop
      vertex   -1.742232e-02 -4.636861e-02 9.930510e-02
      vertex   -2.126092e-02 -4.494537e-02 9.906597e-02
      vertex   -1.886580e-02 -4.476164e-02 9.421652e-02
    endloop
  endfacet
  facet normal -4.304557e-01 -7.106700e-01 -5.564675e-01
    outer loop
      vertex   -2.838690e-02 -3.771310e-02 9.292034e-02
      vertex   -2.736434e-02 -4.080757e-02 9.608131e-02
      vertex   -3.105430e-02 -3.843153e-02 9.590122e-02
    endloop
  endfacet
  facet normal 2.421983e-01 -5.322154e-01 -8.112255e-01
    outer loop
      vertex   1.446397e-02 -4.211494e-02 9.093217e-02
      vertex   1.716264e-02 -4.578085e-02 9.414295e-02
      vertex   1.186013e-02 -4.524608e-02 9.220900e-02
    endloop
  endfacet
  facet normal 3.085105e-02 -6.656769e-01 -7.456021e-01
    outer loop
      vertex   8.750846e-03 -4.826244e-02 9.477336e-02
      vertex   6.740264e-03 -4.383115e-02 9.073389e-02
      vertex   1.186013e-02 -4.524608e-02 9.220900e-02
    endloop
  endfacet
  facet normal 4.206088e-02 -8.476205e-01 -5.289333e-01
    outer loop
      vertex   8.750846e-03 -4.826244e-02 9.477336e-02
      vertex   4.148672e-03 -4.923734e-02 9.596968e-02
      vertex   3.719348e-03 -4.706488e-02 9.245416e-02
    endloop
  endfacet
  facet normal 1.902844e-01 8.999286e-01 3.923267e-01
    outer loop
      vertex   1.122793e-02 4.683987e-02 1.028252e-01
      vertex   8.745040e-03 4.903764e-02 9.898816e-02
      vertex   5.742007e-03 4.811520e-02 1.025606e-01
    endloop
  endfacet
  facet normal 1.681580e-02 -7.769533e-01 -6.293336e-01
    outer loop
      vertex   -9.269962e-03 -4.759988e-02 9.365223e-02
      vertex   -5.716088e-03 -4.577073e-02 9.148898e-02
      vertex   -4.614955e-03 -4.932275e-02 9.590361e-02
    endloop
  endfacet
  facet normal -2.470714e-01 -5.009356e-01 -8.294693e-01
    outer loop
      vertex   -5.716088e-03 -4.577073e-02 9.148898e-02
      vertex   -9.269962e-03 -4.759988e-02 9.365223e-02
      vertex   -1.011699e-02 -4.264557e-02 9.091251e-02
    endloop
  endfacet
  facet normal -3.325760e-01 -5.952558e-01 7.314805e-01
    outer loop
      vertex   -2.324223e-02 -3.030891e-02 2.090680e-01
      vertex   -1.923602e-02 -3.478492e-02 2.072471e-01
      vertex   -1.821276e-02 -2.958448e-02 2.119443e-01
    endloop
  endfacet
  facet normal 2.057188e-01 -8.371190e-01 5.068644e-01
    outer loop
      vertex   6.281456e-03 -4.508966e-02 1.403618e-01
      vertex   1.315820e-02 -4.466331e-02 1.382749e-01
      vertex   1.148378e-02 -4.147899e-02 1.442136e-01
    endloop
  endfacet
  facet normal -2.148419e-01 -5.517396e-01 -8.058700e-01
    outer loop
      vertex   -2.040737e-02 -3.922811e-02 9.083896e-02
      vertex   -1.886580e-02 -4.476164e-02 9.421652e-02
      vertex   -2.384056e-02 -4.124398e-02 9.313440e-02
    endloop
  endfacet
  facet normal 1.399818e-02 -2.001829e-01 -9.796585e-01
    outer loop
      vertex   1.043610e-16 -4.000000e-02 9.000000e-02
      vertex   5.566924e-03 -3.961072e-02 9.000000e-02
      vertex   2.677664e-03 -4.337708e-02 9.072833e-02
    endloop
  endfacet
  facet normal -4.424730e-01 -2.645420e-01 -8.568752e-01
    outer loop
      vertex   -4.103460e-02 -2.453318e-02 9.290529e-02
      vertex   -3.905359e-02 -2.109889e-02 9.082208e-02
      vertex   -3.747929e-02 -2.484508e-02 9.116570e-02
    endloop
  endfacet
  facet normal 5.546463e-01 2.735215e-01 7.858457e-01
    outer loop
      vertex   4.114606e-02 1.704326e-02 1.058182e-01
      vertex   4.278255e-02 2.031389e-02 1.035248e-01
      vertex   3.856946e-02 2.226809e-02 1.058182e-01
    endloop
  endfacet
  facet normal 9.410859e-01 -3.659388e-02 3.361818e-01
    outer loop
      vertex   4.845418e-02 -5.118086e-03 1.021448e-01
      vertex   4.979308e-02 -2.147353e-03 9.872018e-02
      vertex   4.864095e-02 2.070164e-04 1.022017e-01
    endloop
  endfacet
  facet normal -5.253492e-01 -5.955398e-01 6.077339e-01
    outer loop
      vertex   -3.582724e-02 -3.148149e-02 1.033086e-01
      vertex   -3.374649e-02 -3.630426e-02 1.003812e-01
      vertex   -3.123599e-02 -3.495331e-02 1.038753e-01
    endloop
  endfacet
  facet normal -1.332424e-02 -1.905451e-01 -9.815880e-01
    outer loop
      vertex   -5.566924e-03 -3.961072e-02 9.000000e-02
      vertex   1.043610e-16 -4.000000e-02 9.000000e-02
      vertex   -1.082573e-03 -4.441290e-02 9.087132e-02
    endloop
  endfacet
  facet normal -4.720050e-02 -2.220610e-01 -9.738896e-01
    outer loop
      vertex   -1.102549e-02 -3.845047e-02 9.000000e-02
      vertex   -5.566924e-03 -3.961072e-02 9.000000e-02
      vertex   -1.011699e-02 -4.264557e-02 9.091251e-02
    endloop
  endfacet
  facet normal -3.103165e-01 -5.567662e-01 -7.705291e-01
    outer loop
      vertex   -2.040737e-02 -3.922811e-02 9.083896e-02
      vertex   -1.566072e-02 -4.144560e-02 9.052964e-02
      vertex   -1.886580e-02 -4.476164e-02 9.421652e-02
    endloop
  endfacet
  facet normal -4.087639e-02 -1.123069e-01 -9.928325e-01
    outer loop
      vertex   -1.566072e-02 -4.144560e-02 9.052964e-02
      vertex   -1.626947e-02 -3.654182e-02 9.000000e-02
      vertex   -1.102549e-02 -3.845047e-02 9.000000e-02
    endloop
  endfacet
  facet normal 1.411317e-01 9.495614e-01 -2.800269e-01
    outer loop
      vertex   1.844123e-02 4.554976e-02 9.481325e-02
      vertex   1.408954e-02 4.587400e-02 9.371953e-02
      vertex   1.571095e-02 4.716978e-02 9.893063e-02
    endloop
  endfacet
  facet normal -7.324075e-01 -6.698349e-01 -1.220673e-01
    outer loop
      vertex   -3.334393e-02 -3.562876e-02 9.425908e-02
      vertex   -3.105430e-02 -3.843153e-02 9.590122e-02
      vertex   -3.374649e-02 -3.630426e-02 1.003812e-01
    endloop
  endfacet
  facet normal 1.600274e-01 5.116510e-01 -8.441591e-01
    outer loop
      vertex   1.408954e-02 4.587400e-02 9.371953e-02
      vertex   1.162390e-02 4.219591e-02 9.102280e-02
      vertex   1.018650e-02 4.746177e-02 9.394198e-02
    endloop
  endfacet
  facet normal -9.276013e-01 1.361779e-01 3.478670e-01
    outer loop
      vertex   -4.900836e-02 1.023919e-03 1.012656e-01
      vertex   -4.762171e-02 6.184283e-03 1.029431e-01
      vertex   -4.934051e-02 5.784983e-03 9.851618e-02
    endloop
  endfacet
  facet normal -1.702236e-01 1.148172e-01 -9.786935e-01
    outer loop
      vertex   -3.687611e-02 2.583819e-02 9.107367e-02
      vertex   -3.152043e-02 2.462646e-02 9.000000e-02
      vertex   -3.464102e-02 2.000000e-02 9.000000e-02
    endloop
  endfacet
  facet normal -1.379049e-01 9.890808e-01 -5.197454e-02
    outer loop
      vertex   -5.249861e-03 4.913888e-02 9.989895e-02
      vertex   -3.775350e-03 4.908420e-02 9.494606e-02
      vertex   -7.873763e-03 4.850280e-02 9.475647e-02
    endloop
  endfacet
  facet normal -4.330205e-01 -3.817925e-01 -8.165340e-01
    outer loop
      vertex   -3.747929e-02 -2.484508e-02 9.116570e-02
      vertex   -3.864046e-02 -2.985415e-02 9.412360e-02
      vertex   -4.103460e-02 -2.453318e-02 9.290529e-02
    endloop
  endfacet
  facet normal -5.635440e-01 6.025551e-01 -5.651066e-01
    outer loop
      vertex   -3.134946e-02 3.493218e-02 9.178893e-02
      vertex   -3.164004e-02 3.801948e-02 9.537060e-02
      vertex   -2.801964e-02 3.914920e-02 9.296478e-02
    endloop
  endfacet
  facet normal -1.442492e-02 7.161378e-01 6.978098e-01
    outer loop
      vertex   5.742007e-03 4.811520e-02 1.025606e-01
      vertex   8.152793e-04 4.900039e-02 1.015503e-01
      vertex   2.235019e-03 4.654619e-02 1.040983e-01
    endloop
  endfacet
  facet normal -9.837852e-01 -1.139517e-01 -1.384982e-01
    outer loop
      vertex   -4.950701e-02 -3.272035e-03 9.953185e-02
      vertex   -4.944158e-02 1.158915e-03 9.542144e-02
      vertex   -4.864015e-02 -4.109922e-03 9.406368e-02
    endloop
  endfacet
  facet normal 5.668783e-02 -4.170480e-01 -9.071149e-01
    outer loop
      vertex   1.446397e-02 -4.211494e-02 9.093217e-02
      vertex   1.186013e-02 -4.524608e-02 9.220900e-02
      vertex   1.005318e-02 -4.202181e-02 9.061371e-02
    endloop
  endfacet
  facet normal 1.816418e-01 5.901899e-02 -9.815921e-01
    outer loop
      vertex   3.708735e-02 1.498426e-02 9.000000e-02
      vertex   4.098542e-02 1.257050e-02 9.057620e-02
      vertex   3.881183e-02 9.676876e-03 9.000000e-02
    endloop
  endfacet
  facet normal -7.364324e-01 -4.943734e-01 -4.618033e-01
    outer loop
      vertex   -3.334393e-02 -3.562876e-02 9.425908e-02
      vertex   -3.657721e-02 -3.386494e-02 9.752693e-02
      vertex   -3.469334e-02 -3.201340e-02 9.254063e-02
    endloop
  endfacet
  facet normal -7.452183e-01 -6.383678e-01 -1.927075e-01
    outer loop
      vertex   -4.170321e-02 -2.712972e-02 9.694256e-02
      vertex   -3.864046e-02 -2.985415e-02 9.412360e-02
      vertex   -3.877611e-02 -3.126493e-02 9.932160e-02
    endloop
  endfacet
  facet normal -4.987774e-01 4.374162e-01 7.482568e-01
    outer loop
      vertex   -3.685858e-02 3.182193e-02 1.020478e-01
      vertex   -3.533293e-02 2.711191e-02 1.058182e-01
      vertex   -3.149183e-02 3.149183e-02 1.058182e-01
    endloop
  endfacet
  facet normal 6.131117e-01 6.289016e-01 -4.780970e-01
    outer loop
      vertex   3.045015e-02 3.744000e-02 9.327741e-02
      vertex   3.395562e-02 3.630663e-02 9.628196e-02
      vertex   3.375170e-02 3.366861e-02 9.255033e-02
    endloop
  endfacet
  facet normal -4.953752e-01 -2.468120e-01 -8.328789e-01
    outer loop
      vertex   -4.348196e-02 -1.362392e-02 9.147386e-02
      vertex   -4.065806e-02 -1.670162e-02 9.070631e-02
      vertex   -4.524342e-02 -1.727444e-02 9.360331e-02
    endloop
  endfacet
  facet normal -6.052812e-01 -2.333667e-01 7.610353e-01
    outer loop
      vertex   -4.114606e-02 -1.704326e-02 1.058182e-01
      vertex   -4.446170e-02 -1.513109e-02 1.037675e-01
      vertex   -4.298392e-02 -1.978281e-02 1.035164e-01
    endloop
  endfacet
  facet normal -2.734185e-01 8.794316e-01 -3.896695e-01
    outer loop
      vertex   -1.812023e-02 4.648815e-02 9.747767e-02
      vertex   -1.518213e-02 4.545079e-02 9.307491e-02
      vertex   -2.046971e-02 4.438847e-02 9.438753e-02
    endloop
  endfacet
  facet normal 9.803415e-01 -1.042609e-02 -1.970328e-01
    outer loop
      vertex   4.979308e-02 -2.147353e-03 9.872018e-02
      vertex   4.957365e-02 -5.775808e-03 9.782040e-02
      vertex   4.891005e-02 -3.393105e-03 9.439256e-02
    endloop
  endfacet
  facet normal -9.462022e-01 3.234734e-01 8.147392e-03
    outer loop
      vertex   -4.828065e-02 1.137671e-02 9.646287e-02
      vertex   -4.703690e-02 1.490660e-02 1.007616e-01
      vertex   -4.624617e-02 1.735223e-02 9.549526e-02
    endloop
  endfacet
  facet normal 1.720001e-02 -1.977402e-01 -9.801035e-01
    outer loop
      vertex   -1.082573e-03 -4.441290e-02 9.087132e-02
      vertex   1.043610e-16 -4.000000e-02 9.000000e-02
      vertex   2.677664e-03 -4.337708e-02 9.072833e-02
    endloop
  endfacet
  facet normal -5.713265e-01 2.111739e-02 -8.204511e-01
    outer loop
      vertex   -4.770413e-02 6.574032e-03 9.365480e-02
      vertex   -4.480469e-02 1.069320e-02 9.174178e-02
      vertex   -4.333508e-02 7.064515e-03 9.062501e-02
    endloop
  endfacet
  facet normal -3.828333e-01 -5.729508e-01 7.246834e-01
    outer loop
      vertex   -2.226809e-02 -3.856946e-02 1.058182e-01
      vertex   -2.711191e-02 -3.533293e-02 1.058182e-01
      vertex   -2.664566e-02 -4.104591e-02 1.015477e-01
    endloop
  endfacet
  facet normal -7.838447e-02 8.745319e-01 4.785915e-01
    outer loop
      vertex   -8.279552e-03 4.672927e-02 1.034517e-01
      vertex   -1.016091e-02 4.870867e-02 9.952658e-02
      vertex   -1.233941e-02 4.669530e-02 1.028488e-01
    endloop
  endfacet
  facet normal -2.756391e-01 8.956055e-02 -9.570799e-01
    outer loop
      vertex   -3.881183e-02 9.676876e-03 9.000000e-02
      vertex   -4.206101e-02 1.545780e-02 9.147673e-02
      vertex   -3.708735e-02 1.498426e-02 9.000000e-02
    endloop
  endfacet
  facet normal -1.994652e-01 -2.745404e-01 -9.406600e-01
    outer loop
      vertex   -2.571151e-02 -3.064178e-02 9.000000e-02
      vertex   -2.119677e-02 -3.392192e-02 9.000000e-02
      vertex   -2.443192e-02 -3.636016e-02 9.139763e-02
    endloop
  endfacet
  facet normal 7.459666e-01 -5.308182e-01 4.022012e-01
    outer loop
      vertex   4.273116e-02 -2.221355e-02 1.028020e-01
      vertex   3.980464e-02 -2.588125e-02 1.033892e-01
      vertex   4.274668e-02 -2.540050e-02 9.856711e-02
    endloop
  endfacet
  facet normal 5.196024e-01 -3.471870e-01 7.806885e-01
    outer loop
      vertex   3.533293e-02 -2.711191e-02 1.058182e-01
      vertex   3.980464e-02 -2.588125e-02 1.033892e-01
      vertex   3.856946e-02 -2.226809e-02 1.058182e-01
    endloop
  endfacet
  facet normal 1.915414e-01 -7.428202e-01 -6.415061e-01
    outer loop
      vertex   8.750846e-03 -4.826244e-02 9.477336e-02
      vertex   1.186013e-02 -4.524608e-02 9.220900e-02
      vertex   1.369215e-02 -4.737042e-02 9.521585e-02
    endloop
  endfacet
  facet normal 5.200830e-01 -3.827527e-01 7.635535e-01
    outer loop
      vertex   3.533293e-02 -2.711191e-02 1.058182e-01
      vertex   3.652579e-02 -3.039217e-02 1.033614e-01
      vertex   3.980464e-02 -2.588125e-02 1.033892e-01
    endloop
  endfacet
  facet normal -4.395189e-01 8.982138e-01 5.923505e-03
    outer loop
      vertex   -2.849154e-02 4.091861e-02 9.684328e-02
      vertex   -2.590023e-02 4.216236e-02 1.005195e-01
      vertex   -2.459748e-02 4.283498e-02 9.518837e-02
    endloop
  endfacet
  facet normal -5.605784e-01 -1.984824e-01 -8.039631e-01
    outer loop
      vertex   -4.348196e-02 -1.362392e-02 9.147386e-02
      vertex   -4.524342e-02 -1.727444e-02 9.360331e-02
      vertex   -4.689372e-02 -1.237566e-02 9.354460e-02
    endloop
  endfacet
  facet normal -8.755055e-01 -2.994847e-01 -3.792086e-01
    outer loop
      vertex   -4.761057e-02 -1.467968e-02 9.701929e-02
      vertex   -4.689372e-02 -1.237566e-02 9.354460e-02
      vertex   -4.524342e-02 -1.727444e-02 9.360331e-02
    endloop
  endfacet
  facet normal -5.372355e-01 -7.470589e-02 -8.401173e-01
    outer loop
      vertex   -4.348196e-02 -1.362392e-02 9.147386e-02
      vertex   -4.689372e-02 -1.237566e-02 9.354460e-02
      vertex   -4.274671e-02 -9.722826e-03 9.065679e-02
    endloop
  endfacet
  facet normal -4.869132e-01 -1.712118e-01 -8.565057e-01
    outer loop
      vertex   -4.756867e-02 -8.136201e-03 9.308085e-02
      vertex   -4.274671e-02 -9.722826e-03 9.065679e-02
      vertex   -4.689372e-02 -1.237566e-02 9.354460e-02
    endloop
  endfacet
  facet normal 3.982901e-01 5.094575e-01 7.627700e-01
    outer loop
      vertex   2.711191e-02 3.533293e-02 1.058182e-01
      vertex   3.149536e-02 3.668044e-02 1.026293e-01
      vertex   2.746827e-02 3.950638e-02 1.028446e-01
    endloop
  endfacet
  facet normal -1.949089e-01 7.538806e-02 -9.779198e-01
    outer loop
      vertex   -4.570168e-02 -1.656931e-03 9.112114e-02
      vertex   -3.997563e-02 -1.395980e-03 9.000000e-02
      vertex   -4.367644e-02 -5.089147e-03 9.045290e-02
    endloop
  endfacet
  facet normal -1.575268e-01 5.500949e-03 -9.874994e-01
    outer loop
      vertex   -3.978088e-02 4.181139e-03 9.000000e-02
      vertex   -3.997563e-02 -1.395980e-03 9.000000e-02
      vertex   -4.474823e-02 2.734704e-03 9.078434e-02
    endloop
  endfacet
  facet normal -1.520004e-01 2.680179e-02 -9.880170e-01
    outer loop
      vertex   -3.881183e-02 9.676876e-03 9.000000e-02
      vertex   -3.978088e-02 4.181139e-03 9.000000e-02
      vertex   -4.333508e-02 7.064515e-03 9.062501e-02
    endloop
  endfacet
  facet normal -4.113607e-01 -4.690669e-01 7.815105e-01
    outer loop
      vertex   -2.711191e-02 -3.533293e-02 1.058182e-01
      vertex   -3.149183e-02 -3.149183e-02 1.058182e-01
      vertex   -3.123599e-02 -3.495331e-02 1.038753e-01
    endloop
  endfacet
  facet normal -4.592718e-01 -4.027707e-01 7.917355e-01
    outer loop
      vertex   -3.149183e-02 -3.149183e-02 1.058182e-01
      vertex   -3.533293e-02 -2.711191e-02 1.058182e-01
      vertex   -3.582724e-02 -3.148149e-02 1.033086e-01
    endloop
  endfacet
  facet normal -6.517789e-01 1.408687e-01 -7.452116e-01
    outer loop
      vertex   -4.279886e-02 2.050049e-02 9.307529e-02
      vertex   -4.206101e-02 1.545780e-02 9.147673e-02
      vertex   -4.624617e-02 1.735223e-02 9.549526e-02
    endloop
  endfacet
  facet normal -6.589225e-01 -3.986647e-01 6.378775e-01
    outer loop
      vertex   -3.962183e-02 -2.870174e-02 1.015776e-01
      vertex   -3.865566e-02 -2.646848e-02 1.039714e-01
      vertex   -4.279528e-02 -2.442237e-02 1.009740e-01
    endloop
  endfacet
  facet normal -8.514714e-01 -4.755213e-01 2.210790e-01
    outer loop
      vertex   -4.170321e-02 -2.712972e-02 9.694256e-02
      vertex   -3.877611e-02 -3.126493e-02 9.932160e-02
      vertex   -3.962183e-02 -2.870174e-02 1.015776e-01
    endloop
  endfacet
  facet normal 7.683752e-02 -4.047234e-01 -9.112052e-01
    outer loop
      vertex   -1.082573e-03 -4.441290e-02 9.087132e-02
      vertex   2.677664e-03 -4.337708e-02 9.072833e-02
      vertex   3.719348e-03 -4.706488e-02 9.245416e-02
    endloop
  endfacet
  facet normal 4.707316e-01 -4.128207e-01 7.797377e-01
    outer loop
      vertex   3.533293e-02 -2.711191e-02 1.058182e-01
      vertex   3.149183e-02 -3.149183e-02 1.058182e-01
      vertex   3.652579e-02 -3.039217e-02 1.033614e-01
    endloop
  endfacet
  facet normal -8.748578e-01 -3.234832e-01 -3.605307e-01
    outer loop
      vertex   -4.761057e-02 -1.467968e-02 9.701929e-02
      vertex   -4.524342e-02 -1.727444e-02 9.360331e-02
      vertex   -4.570595e-02 -1.972795e-02 9.692709e-02
    endloop
  endfacet
  facet normal 1.001788e-01 3.589825e-01 -9.279525e-01
    outer loop
      vertex   2.127219e-02 3.872463e-02 9.095599e-02
      vertex   1.781813e-02 3.888564e-02 9.064539e-02
      vertex   2.015825e-02 4.261530e-02 9.234086e-02
    endloop
  endfacet
  facet normal -5.821082e-01 4.329122e-02 -8.119581e-01
    outer loop
      vertex   -4.756867e-02 -8.136201e-03 9.308085e-02
      vertex   -4.864015e-02 -4.109922e-03 9.406368e-02
      vertex   -4.367644e-02 -5.089147e-03 9.045290e-02
    endloop
  endfacet
  facet normal -2.624407e-01 9.772135e-02 -9.599872e-01
    outer loop
      vertex   -3.881183e-02 9.676876e-03 9.000000e-02
      vertex   -4.480469e-02 1.069320e-02 9.174178e-02
      vertex   -4.206101e-02 1.545780e-02 9.147673e-02
    endloop
  endfacet
  facet normal -7.015580e-01 -7.375279e-03 -7.125742e-01
    outer loop
      vertex   -4.770413e-02 6.574032e-03 9.365480e-02
      vertex   -4.474823e-02 2.734704e-03 9.078434e-02
      vertex   -4.944158e-02 1.158915e-03 9.542144e-02
    endloop
  endfacet
  facet normal -7.700900e-01 2.230572e-01 5.976679e-01
    outer loop
      vertex   -4.565141e-02 1.020557e-02 1.039810e-01
      vertex   -4.857905e-02 9.397460e-03 1.005104e-01
      vertex   -4.762171e-02 6.184283e-03 1.029431e-01
    endloop
  endfacet
  facet normal -2.042079e-01 -6.015783e-01 7.722711e-01
    outer loop
      vertex   -1.704326e-02 -4.114606e-02 1.058182e-01
      vertex   -1.611290e-02 -4.507890e-02 1.030006e-01
      vertex   -1.152681e-02 -4.301864e-02 1.058182e-01
    endloop
  endfacet
  facet normal 9.630419e-01 2.056642e-01 1.739327e-01
    outer loop
      vertex   4.702510e-02 1.619733e-02 9.662665e-02
      vertex   4.592175e-02 1.945772e-02 9.888054e-02
      vertex   4.623424e-02 1.540247e-02 1.019454e-01
    endloop
  endfacet
  facet normal 5.106868e-01 8.091678e-01 -2.905968e-01
    outer loop
      vertex   3.395562e-02 3.630663e-02 9.628196e-02
      vertex   3.045015e-02 3.744000e-02 9.327741e-02
      vertex   3.081427e-02 3.918782e-02 9.878411e-02
    endloop
  endfacet
  facet normal -7.407933e-01 4.686002e-01 4.812890e-01
    outer loop
      vertex   -3.685858e-02 3.182193e-02 1.020478e-01
      vertex   -4.060027e-02 2.880818e-02 9.922295e-02
      vertex   -3.886848e-02 2.716932e-02 1.034842e-01
    endloop
  endfacet
  facet normal -8.467238e-01 3.368593e-02 5.309652e-01
    outer loop
      vertex   -4.681348e-02 -3.207291e-03 1.038231e-01
      vertex   -4.950701e-02 -3.272035e-03 9.953185e-02
      vertex   -4.862223e-02 -7.110497e-03 1.011863e-01
    endloop
  endfacet
  facet normal -3.751159e-01 9.124500e-01 -1.634721e-01
    outer loop
      vertex   -2.252331e-02 4.439626e-02 9.914336e-02
      vertex   -2.046971e-02 4.438847e-02 9.438753e-02
      vertex   -2.459748e-02 4.283498e-02 9.518837e-02
    endloop
  endfacet
  facet normal -6.897779e-01 6.552419e-01 3.080007e-01
    outer loop
      vertex   -3.340264e-02 3.556210e-02 1.018307e-01
      vertex   -3.478062e-02 3.576981e-02 9.830274e-02
      vertex   -3.685858e-02 3.182193e-02 1.020478e-01
    endloop
  endfacet
  facet normal -9.188056e-01 -2.141567e-01 -3.315618e-01
    outer loop
      vertex   -4.875487e-02 -9.967816e-03 9.714690e-02
      vertex   -4.689372e-02 -1.237566e-02 9.354460e-02
      vertex   -4.761057e-02 -1.467968e-02 9.701929e-02
    endloop
  endfacet
  facet normal -9.305618e-01 -1.682633e-01 -3.251801e-01
    outer loop
      vertex   -4.864015e-02 -4.109922e-03 9.406368e-02
      vertex   -4.756867e-02 -8.136201e-03 9.308085e-02
      vertex   -4.937284e-02 -6.412179e-03 9.735171e-02
    endloop
  endfacet
  facet normal 9.589422e-01 -1.093678e-01 -2.616649e-01
    outer loop
      vertex   4.957365e-02 -5.775808e-03 9.782040e-02
      vertex   4.846477e-02 -8.942342e-03 9.508010e-02
      vertex   4.891005e-02 -3.393105e-03 9.439256e-02
    endloop
  endfacet
  facet normal -3.423097e-01 2.380507e-01 -9.089312e-01
    outer loop
      vertex   -4.279886e-02 2.050049e-02 9.307529e-02
      vertex   -3.920481e-02 1.871287e-02 9.125357e-02
      vertex   -4.206101e-02 1.545780e-02 9.147673e-02
    endloop
  endfacet
  facet normal -2.204209e-01 6.377770e-01 7.380075e-01
    outer loop
      vertex   -1.266321e-02 4.630319e-02 1.620153e-01
      vertex   -1.638130e-02 4.545510e-02 1.616377e-01
      vertex   -1.152681e-02 4.301864e-02 1.651932e-01
    endloop
  endfacet
  facet normal -1.855061e-01 6.493677e-01 7.375019e-01
    outer loop
      vertex   -1.152681e-02 4.301864e-02 1.651932e-01
      vertex   -8.962815e-03 4.654986e-02 1.627289e-01
      vertex   -1.266321e-02 4.630319e-02 1.620153e-01
    endloop
  endfacet
  facet normal -5.063668e-01 -3.383433e-01 7.931686e-01
    outer loop
      vertex   -3.533293e-02 -2.711191e-02 1.058182e-01
      vertex   -3.856946e-02 -2.226809e-02 1.058182e-01
      vertex   -3.865566e-02 -2.646848e-02 1.039714e-01
    endloop
  endfacet
  facet normal -1.067875e-01 7.703843e-01 -6.285734e-01
    outer loop
      vertex   -4.439849e-03 4.644581e-02 9.182532e-02
      vertex   -3.775350e-03 4.908420e-02 9.494606e-02
      vertex   7.516704e-05 4.824095e-02 9.325841e-02
    endloop
  endfacet
  facet normal -5.620227e-01 -5.510059e-01 6.168654e-01
    outer loop
      vertex   -3.123599e-02 -3.495331e-02 1.038753e-01
      vertex   -3.374649e-02 -3.630426e-02 1.003812e-01
      vertex   -3.004456e-02 -3.874276e-02 1.015759e-01
    endloop
  endfacet
  facet normal 1.834285e-01 9.634383e-01 -1.952961e-01
    outer loop
      vertex   5.754382e-03 4.866368e-02 9.433441e-02
      vertex   3.154043e-03 4.979623e-02 9.747923e-02
      vertex   8.745040e-03 4.903764e-02 9.898816e-02
    endloop
  endfacet
  facet normal -6.345193e-01 4.887089e-02 7.713604e-01
    outer loop
      vertex   -4.415516e-02 5.813138e-03 1.058182e-01
      vertex   -4.762171e-02 6.184283e-03 1.029431e-01
      vertex   -4.647701e-02 2.272575e-03 1.041326e-01
    endloop
  endfacet
  facet normal -1.919165e-01 7.518246e-01 -6.308152e-01
    outer loop
      vertex   -1.002193e-02 4.555798e-02 9.163275e-02
      vertex   -1.518213e-02 4.545079e-02 9.307491e-02
      vertex   -1.201802e-02 4.766284e-02 9.474867e-02
    endloop
  endfacet
  facet normal -9.831346e-01 7.408111e-02 -1.672073e-01
    outer loop
      vertex   -4.950701e-02 -3.272035e-03 9.953185e-02
      vertex   -4.864015e-02 -4.109922e-03 9.406368e-02
      vertex   -4.937284e-02 -6.412179e-03 9.735171e-02
    endloop
  endfacet
  facet normal -7.321092e-01 6.341657e-02 -6.782289e-01
    outer loop
      vertex   -4.864015e-02 -4.109922e-03 9.406368e-02
      vertex   -4.944158e-02 1.158915e-03 9.542144e-02
      vertex   -4.570168e-02 -1.656931e-03 9.112114e-02
    endloop
  endfacet
  facet normal -5.969719e-01 -2.026443e-01 7.762473e-01
    outer loop
      vertex   -4.446170e-02 -1.513109e-02 1.037675e-01
      vertex   -4.114606e-02 -1.704326e-02 1.058182e-01
      vertex   -4.301864e-02 -1.152681e-02 1.058182e-01
    endloop
  endfacet
  facet normal 6.643750e-01 -5.960598e-01 4.509086e-01
    outer loop
      vertex   3.588869e-02 -3.444990e-02 9.893614e-02
      vertex   3.652579e-02 -3.039217e-02 1.033614e-01
      vertex   3.265452e-02 -3.484798e-02 1.031752e-01
    endloop
  endfacet
  facet normal -9.529014e-01 -2.499584e-01 1.717549e-01
    outer loop
      vertex   -4.642121e-02 -1.651823e-02 1.009422e-01
      vertex   -4.773728e-02 -1.141054e-02 1.010740e-01
      vertex   -4.761057e-02 -1.467968e-02 9.701929e-02
    endloop
  endfacet
  facet normal -9.634233e-01 -2.028488e-01 1.751226e-01
    outer loop
      vertex   -4.773728e-02 -1.141054e-02 1.010740e-01
      vertex   -4.862223e-02 -7.110497e-03 1.011863e-01
      vertex   -4.875487e-02 -9.967816e-03 9.714690e-02
    endloop
  endfacet
  facet normal -7.372434e-02 -6.061522e-01 -7.919244e-01
    outer loop
      vertex   3.719348e-03 -4.706488e-02 9.245416e-02
      vertex   -4.748738e-04 -4.851580e-02 9.395517e-02
      vertex   -1.082573e-03 -4.441290e-02 9.087132e-02
    endloop
  endfacet
  facet normal 1.683172e-01 5.877757e-03 -9.857154e-01
    outer loop
      vertex   3.978088e-02 4.181139e-03 9.000000e-02
      vertex   4.363318e-02 2.329159e-03 9.064676e-02
      vertex   3.997563e-02 -1.395980e-03 9.000000e-02
    endloop
  endfacet
  facet normal 1.699587e-01 9.400313e-03 -9.854063e-01
    outer loop
      vertex   4.363318e-02 2.329159e-03 9.064676e-02
      vertex   3.978088e-02 4.181139e-03 9.000000e-02
      vertex   4.236526e-02 7.034614e-03 9.047297e-02
    endloop
  endfacet
  facet normal -8.031098e-01 -5.720598e-01 1.666200e-01
    outer loop
      vertex   -3.962183e-02 -2.870174e-02 1.015776e-01
      vertex   -4.279528e-02 -2.442237e-02 1.009740e-01
      vertex   -4.170321e-02 -2.712972e-02 9.694256e-02
    endloop
  endfacet
  facet normal -7.913105e-01 1.186529e-01 -5.997910e-01
    outer loop
      vertex   -4.536341e-02 1.419237e-02 9.317112e-02
      vertex   -4.480469e-02 1.069320e-02 9.174178e-02
      vertex   -4.828065e-02 1.137671e-02 9.646287e-02
    endloop
  endfacet
  facet normal -1.831810e-01 5.981915e-02 -9.812576e-01
    outer loop
      vertex   -3.687611e-02 2.583819e-02 9.107367e-02
      vertex   -3.333426e-02 2.807479e-02 9.054882e-02
      vertex   -3.152043e-02 2.462646e-02 9.000000e-02
    endloop
  endfacet
  facet normal -7.345411e-01 -1.117497e-01 6.692992e-01
    outer loop
      vertex   -4.862223e-02 -7.110497e-03 1.011863e-01
      vertex   -4.577491e-02 -9.112421e-03 1.039769e-01
      vertex   -4.681348e-02 -3.207291e-03 1.038231e-01
    endloop
  endfacet
  facet normal 6.850214e-01 2.969521e-01 -6.652557e-01
    outer loop
      vertex   4.406904e-02 2.222216e-02 9.530739e-02
      vertex   4.141854e-02 2.082546e-02 9.195469e-02
      vertex   4.060981e-02 2.636562e-02 9.359490e-02
    endloop
  endfacet
  facet normal -7.265038e-01 -2.650203e-01 6.340004e-01
    outer loop
      vertex   -4.446170e-02 -1.513109e-02 1.037675e-01
      vertex   -4.642121e-02 -1.651823e-02 1.009422e-01
      vertex   -4.298392e-02 -1.978281e-02 1.035164e-01
    endloop
  endfacet
  facet normal 7.421308e-01 4.053849e-01 -5.337648e-01
    outer loop
      vertex   4.702510e-02 1.619733e-02 9.662665e-02
      vertex   4.699967e-02 1.285678e-02 9.405421e-02
      vertex   4.450853e-02 1.509117e-02 9.228759e-02
    endloop
  endfacet
  facet normal 2.466118e-01 -9.831032e-02 -9.641150e-01
    outer loop
      vertex   3.987810e-02 -1.651598e-02 9.062683e-02
      vertex   4.026533e-02 -2.188508e-02 9.127337e-02
      vertex   3.694195e-02 -2.115495e-02 9.034883e-02
    endloop
  endfacet
  facet normal 4.597975e-01 -2.683710e-03 -8.880198e-01
    outer loop
      vertex   4.363318e-02 2.329159e-03 9.064676e-02
      vertex   4.715950e-02 4.443479e-03 9.246622e-02
      vertex   4.763428e-02 2.223105e-04 9.272481e-02
    endloop
  endfacet
  facet normal 7.608487e-01 6.276565e-01 -1.647926e-01
    outer loop
      vertex   3.678100e-02 3.244307e-02 9.461137e-02
      vertex   3.395562e-02 3.630663e-02 9.628196e-02
      vertex   3.732185e-02 3.286939e-02 9.873220e-02
    endloop
  endfacet
  facet normal -9.366191e-01 2.087123e-01 -2.813963e-01
    outer loop
      vertex   -4.944158e-02 1.158915e-03 9.542144e-02
      vertex   -4.934051e-02 5.784983e-03 9.851618e-02
      vertex   -4.770413e-02 6.574032e-03 9.365480e-02
    endloop
  endfacet
  facet normal 5.113198e-01 3.703644e-01 7.754884e-01
    outer loop
      vertex   4.068229e-02 2.590422e-02 1.028679e-01
      vertex   3.801276e-02 2.982008e-02 1.027578e-01
      vertex   3.533293e-02 2.711191e-02 1.058182e-01
    endloop
  endfacet
  facet normal -7.515023e-01 8.888601e-03 6.596706e-01
    outer loop
      vertex   -4.900836e-02 1.023919e-03 1.012656e-01
      vertex   -4.681348e-02 -3.207291e-03 1.038231e-01
      vertex   -4.647701e-02 2.272575e-03 1.041326e-01
    endloop
  endfacet
  facet normal 3.346142e-01 -7.364036e-01 5.879992e-01
    outer loop
      vertex   2.048102e-02 -4.243610e-02 1.036814e-01
      vertex   2.068040e-02 -4.465952e-02 1.007834e-01
      vertex   2.554525e-02 -4.154184e-02 1.019195e-01
    endloop
  endfacet
  facet normal 8.508847e-01 -4.887899e-01 -1.925606e-01
    outer loop
      vertex   4.477921e-02 -2.175341e-02 9.829077e-02
      vertex   4.274668e-02 -2.540050e-02 9.856711e-02
      vertex   4.324083e-02 -2.290881e-02 9.442585e-02
    endloop
  endfacet
  facet normal -9.745125e-01 -1.545385e-01 1.626138e-01
    outer loop
      vertex   -4.950701e-02 -3.272035e-03 9.953185e-02
      vertex   -4.937284e-02 -6.412179e-03 9.735171e-02
      vertex   -4.862223e-02 -7.110497e-03 1.011863e-01
    endloop
  endfacet
  facet normal -9.488638e-01 6.652908e-02 -3.085957e-01
    outer loop
      vertex   -4.770413e-02 6.574032e-03 9.365480e-02
      vertex   -4.934051e-02 5.784983e-03 9.851618e-02
      vertex   -4.828065e-02 1.137671e-02 9.646287e-02
    endloop
  endfacet
  facet normal 5.509272e-01 -7.995970e-01 2.390059e-01
    outer loop
      vertex   2.836152e-02 -4.095538e-02 9.738977e-02
      vertex   3.015480e-02 -3.839300e-02 1.018286e-01
      vertex   2.554525e-02 -4.154184e-02 1.019195e-01
    endloop
  endfacet
  facet normal -5.556531e-01 2.740181e-01 7.849610e-01
    outer loop
      vertex   -3.856946e-02 2.226809e-02 1.058182e-01
      vertex   -4.233617e-02 2.052576e-02 1.037601e-01
      vertex   -4.114606e-02 1.704326e-02 1.058182e-01
    endloop
  endfacet
  facet normal -2.986471e-01 6.082045e-02 -9.524236e-01
    outer loop
      vertex   -3.687611e-02 2.583819e-02 9.107367e-02
      vertex   -3.464102e-02 2.000000e-02 9.000000e-02
      vertex   -3.941297e-02 2.267493e-02 9.166714e-02
    endloop
  endfacet
  facet normal 8.647235e-01 -4.741261e-01 1.657037e-01
    outer loop
      vertex   4.603443e-02 -1.855287e-02 9.632561e-02
      vertex   4.749758e-02 -1.477638e-02 9.949580e-02
      vertex   4.546056e-02 -1.769902e-02 1.017635e-01
    endloop
  endfacet
  facet normal -1.300007e-01 1.077902e-01 -9.856374e-01
    outer loop
      vertex   -2.750451e-02 3.242917e-02 9.036261e-02
      vertex   -2.778634e-02 2.877359e-02 9.000000e-02
      vertex   -3.096307e-02 3.108111e-02 9.067135e-02
    endloop
  endfacet
  facet normal -6.558956e-01 -9.584805e-02 7.487417e-01
    outer loop
      vertex   -4.415516e-02 -5.813138e-03 1.058182e-01
      vertex   -4.681348e-02 -3.207291e-03 1.038231e-01
      vertex   -4.577491e-02 -9.112421e-03 1.039769e-01
    endloop
  endfacet
  facet normal -3.467515e-01 -8.405551e-01 4.162097e-01
    outer loop
      vertex   -1.611290e-02 -4.507890e-02 1.030006e-01
      vertex   -1.742232e-02 -4.636861e-02 9.930510e-02
      vertex   -1.281436e-02 -4.713386e-02 1.015986e-01
    endloop
  endfacet
  facet normal -7.937094e-01 6.079312e-01 -2.109556e-02
    outer loop
      vertex   -4.470347e-02 2.189792e-02 9.658730e-02
      vertex   -4.291007e-02 2.438228e-02 1.007057e-01
      vertex   -4.147039e-02 2.604003e-02 9.431136e-02
    endloop
  endfacet
  facet normal -2.577003e-01 6.052363e-01 7.531797e-01
    outer loop
      vertex   -1.894842e-02 4.473625e-02 1.022814e-01
      vertex   -1.704326e-02 4.114606e-02 1.058182e-01
      vertex   -1.499354e-02 4.426607e-02 1.040123e-01
    endloop
  endfacet
  facet normal 7.194538e-01 -5.257547e-01 4.538372e-01
    outer loop
      vertex   3.991501e-02 -2.977633e-02 9.870197e-02
      vertex   3.980464e-02 -2.588125e-02 1.033892e-01
      vertex   3.652579e-02 -3.039217e-02 1.033614e-01
    endloop
  endfacet
  facet normal 9.091990e-01 4.146803e-01 -3.738144e-02
    outer loop
      vertex   4.398112e-02 2.285556e-02 1.001953e-01
      vertex   4.406904e-02 2.222216e-02 9.530739e-02
      vertex   4.253642e-02 2.586862e-02 9.848152e-02
    endloop
  endfacet
  facet normal -7.792950e-01 3.085884e-01 -5.454103e-01
    outer loop
      vertex   -4.279886e-02 2.050049e-02 9.307529e-02
      vertex   -4.470347e-02 2.189792e-02 9.658730e-02
      vertex   -4.147039e-02 2.604003e-02 9.431136e-02
    endloop
  endfacet
  facet normal -5.372811e-01 3.157146e-01 -7.820826e-01
    outer loop
      vertex   -3.687611e-02 2.583819e-02 9.107367e-02
      vertex   -4.147039e-02 2.604003e-02 9.431136e-02
      vertex   -3.642640e-02 3.034999e-02 9.258607e-02
    endloop
  endfacet
  facet normal 9.706429e-02 2.024171e-01 -9.744772e-01
    outer loop
      vertex   1.877886e-02 3.531790e-02 9.000000e-02
      vertex   1.781813e-02 3.888564e-02 9.064539e-02
      vertex   2.127219e-02 3.872463e-02 9.095599e-02
    endloop
  endfacet
  facet normal 7.135089e-02 2.207428e-01 -9.727187e-01
    outer loop
      vertex   1.877886e-02 3.531790e-02 9.000000e-02
      vertex   2.127219e-02 3.872463e-02 9.095599e-02
      vertex   2.499989e-02 3.686145e-02 9.080661e-02
    endloop
  endfacet
  facet normal 4.957555e-01 -8.454088e-01 1.987725e-01
    outer loop
      vertex   2.836152e-02 -4.095538e-02 9.738977e-02
      vertex   2.554525e-02 -4.154184e-02 1.019195e-01
      vertex   2.398712e-02 -4.347158e-02 9.759811e-02
    endloop
  endfacet
  facet normal 1.038219e-01 9.348164e-02 -9.901930e-01
    outer loop
      vertex   3.152043e-02 2.462646e-02 9.000000e-02
      vertex   2.778634e-02 2.877359e-02 9.000000e-02
      vertex   3.271318e-02 2.915954e-02 9.055302e-02
    endloop
  endfacet
  facet normal 1.093895e-01 1.788680e-01 -9.777731e-01
    outer loop
      vertex   3.464102e-02 2.000000e-02 9.000000e-02
      vertex   3.871068e-02 2.309016e-02 9.102059e-02
      vertex   3.867334e-02 1.904732e-02 9.027684e-02
    endloop
  endfacet
  facet normal 1.835763e-01 -4.679851e-03 -9.829943e-01
    outer loop
      vertex   4.122295e-02 1.668255e-02 9.076425e-02
      vertex   3.708735e-02 1.498426e-02 9.000000e-02
      vertex   3.867334e-02 1.904732e-02 9.027684e-02
    endloop
  endfacet
  facet normal -4.952760e-01 -2.029541e-01 -8.446960e-01
    outer loop
      vertex   -3.905359e-02 -2.109889e-02 9.082208e-02
      vertex   -4.322017e-02 -2.089251e-02 9.321550e-02
      vertex   -4.065806e-02 -1.670162e-02 9.070631e-02
    endloop
  endfacet
  facet normal 2.037175e-01 -5.079241e-02 -9.777113e-01
    outer loop
      vertex   3.804226e-02 -1.236068e-02 9.000000e-02
      vertex   3.939231e-02 -6.945927e-03 9.000000e-02
      vertex   4.219429e-02 -1.157943e-02 9.082454e-02
    endloop
  endfacet
  facet normal 1.751357e-01 -7.075942e-02 -9.819983e-01
    outer loop
      vertex   3.595176e-02 -1.753485e-02 9.000000e-02
      vertex   3.804226e-02 -1.236068e-02 9.000000e-02
      vertex   3.987810e-02 -1.651598e-02 9.062683e-02
    endloop
  endfacet
  facet normal 3.449034e-01 1.473151e-01 -9.270059e-01
    outer loop
      vertex   4.098542e-02 1.257050e-02 9.057620e-02
      vertex   4.450853e-02 1.509117e-02 9.228759e-02
      vertex   4.517549e-02 9.335257e-03 9.162104e-02
    endloop
  endfacet
  facet normal 8.716960e-01 6.831814e-02 -4.852615e-01
    outer loop
      vertex   4.981338e-02 1.848776e-03 9.686820e-02
      vertex   4.763428e-02 2.223105e-04 9.272481e-02
      vertex   4.715950e-02 4.443479e-03 9.246622e-02
    endloop
  endfacet
  facet normal 3.816321e-01 -4.915379e-03 -9.243012e-01
    outer loop
      vertex   4.517549e-02 9.335257e-03 9.162104e-02
      vertex   4.715950e-02 4.443479e-03 9.246622e-02
      vertex   4.236526e-02 7.034614e-03 9.047297e-02
    endloop
  endfacet
  facet normal -7.136573e-02 -9.972903e-01 -1.785858e-02
    outer loop
      vertex   3.800573e-04 -4.973596e-02 9.901783e-02
      vertex   -4.985096e-03 -4.936822e-02 9.992229e-02
      vertex   -4.614955e-03 -4.932275e-02 9.590361e-02
    endloop
  endfacet
  facet normal -8.946263e-01 -4.443312e-01 4.704958e-02
    outer loop
      vertex   -4.570595e-02 -1.972795e-02 9.692709e-02
      vertex   -4.388248e-02 -2.341634e-02 9.676683e-02
      vertex   -4.489295e-02 -2.100066e-02 1.003667e-01
    endloop
  endfacet
  facet normal 3.702141e-01 9.142193e-01 -1.647560e-01
    outer loop
      vertex   1.844123e-02 4.554976e-02 9.481325e-02
      vertex   2.025313e-02 4.553010e-02 9.877556e-02
      vertex   2.255170e-02 4.418816e-02 9.649426e-02
    endloop
  endfacet
  facet normal 8.064053e-01 -2.483105e-01 5.367052e-01
    outer loop
      vertex   4.845418e-02 -5.118086e-03 1.021448e-01
      vertex   4.626001e-02 -8.886941e-03 1.036979e-01
      vertex   4.878433e-02 -1.008473e-02 9.935093e-02
    endloop
  endfacet
  facet normal 6.488687e-01 -2.250935e-01 7.268441e-01
    outer loop
      vertex   4.114606e-02 -1.704326e-02 1.058182e-01
      vertex   4.273116e-02 -2.221355e-02 1.028020e-01
      vertex   4.546056e-02 -1.769902e-02 1.017635e-01
    endloop
  endfacet
  facet normal 6.231742e-01 -1.484345e-01 7.678679e-01
    outer loop
      vertex   4.626001e-02 -8.886941e-03 1.036979e-01
      vertex   4.301864e-02 -1.152681e-02 1.058182e-01
      vertex   4.618421e-02 -1.288231e-02 1.029871e-01
    endloop
  endfacet
  facet normal 3.700246e-01 2.064521e-01 -9.057921e-01
    outer loop
      vertex   3.271318e-02 2.915954e-02 9.055302e-02
      vertex   3.668867e-02 2.938091e-02 9.222750e-02
      vertex   3.563203e-02 2.539371e-02 9.088707e-02
    endloop
  endfacet
  facet normal 6.548023e-01 -7.580231e-02 7.519893e-01
    outer loop
      vertex   4.643625e-02 -2.633233e-03 1.041525e-01
      vertex   4.415516e-02 -5.813138e-03 1.058182e-01
      vertex   4.845418e-02 -5.118086e-03 1.021448e-01
    endloop
  endfacet
  facet normal 6.611247e-01 -1.831600e-03 7.502738e-01
    outer loop
      vertex   4.667291e-02 3.387471e-03 1.039436e-01
      vertex   4.453618e-02 -6.605129e-17 1.058182e-01
      vertex   4.864095e-02 2.070164e-04 1.022017e-01
    endloop
  endfacet
  facet normal 6.545835e-01 -7.093327e-02 7.526545e-01
    outer loop
      vertex   4.626001e-02 -8.886941e-03 1.036979e-01
      vertex   4.845418e-02 -5.118086e-03 1.021448e-01
      vertex   4.415516e-02 -5.813138e-03 1.058182e-01
    endloop
  endfacet
  facet normal 6.407501e-01 7.455484e-02 7.641210e-01
    outer loop
      vertex   4.710978e-02 8.830950e-03 1.030462e-01
      vertex   4.415516e-02 5.813138e-03 1.058182e-01
      vertex   4.667291e-02 3.387471e-03 1.039436e-01
    endloop
  endfacet
  facet normal 6.610071e-01 2.291101e-03 7.503762e-01
    outer loop
      vertex   4.643625e-02 -2.633233e-03 1.041525e-01
      vertex   4.864095e-02 2.070164e-04 1.022017e-01
      vertex   4.453618e-02 -6.605129e-17 1.058182e-01
    endloop
  endfacet
  facet normal 6.392285e-01 2.091255e-01 7.400361e-01
    outer loop
      vertex   4.301864e-02 1.152681e-02 1.058182e-01
      vertex   4.710978e-02 8.830950e-03 1.030462e-01
      vertex   4.623424e-02 1.540247e-02 1.019454e-01
    endloop
  endfacet
  facet normal 1.434492e-01 1.348872e-01 -9.804222e-01
    outer loop
      vertex   3.464102e-02 2.000000e-02 9.000000e-02
      vertex   3.563203e-02 2.539371e-02 9.088707e-02
      vertex   3.871068e-02 2.309016e-02 9.102059e-02
    endloop
  endfacet
  facet normal 6.338400e-01 2.056856e-01 7.456141e-01
    outer loop
      vertex   4.114606e-02 1.704326e-02 1.058182e-01
      vertex   4.623424e-02 1.540247e-02 1.019454e-01
      vertex   4.278255e-02 2.031389e-02 1.035248e-01
    endloop
  endfacet
  facet normal -2.759594e-01 1.195534e-01 -9.537051e-01
    outer loop
      vertex   -2.649337e-02 3.582760e-02 9.049604e-02
      vertex   -2.750451e-02 3.242917e-02 9.036261e-02
      vertex   -3.134946e-02 3.493218e-02 9.178893e-02
    endloop
  endfacet
  facet normal -5.135913e-01 3.431705e-01 7.864210e-01
    outer loop
      vertex   -3.533293e-02 2.711191e-02 1.058182e-01
      vertex   -3.886848e-02 2.716932e-02 1.034842e-01
      vertex   -3.856946e-02 2.226809e-02 1.058182e-01
    endloop
  endfacet
  facet normal 7.736511e-01 1.403118e-01 6.178807e-01
    outer loop
      vertex   4.864095e-02 2.070164e-04 1.022017e-01
      vertex   4.930558e-02 4.767305e-03 1.003339e-01
      vertex   4.667291e-02 3.387471e-03 1.039436e-01
    endloop
  endfacet
  facet normal -5.123601e-01 -6.906538e-01 -5.103768e-01
    outer loop
      vertex   -2.384056e-02 -4.124398e-02 9.313440e-02
      vertex   -2.736434e-02 -4.080757e-02 9.608131e-02
      vertex   -2.838690e-02 -3.771310e-02 9.292034e-02
    endloop
  endfacet
  facet normal 4.820116e-01 4.024849e-01 7.782485e-01
    outer loop
      vertex   3.496755e-02 3.066092e-02 1.042091e-01
      vertex   3.533293e-02 2.711191e-02 1.058182e-01
      vertex   3.801276e-02 2.982008e-02 1.027578e-01
    endloop
  endfacet
  facet normal -4.731259e-02 -4.343208e-01 -8.995148e-01
    outer loop
      vertex   3.719348e-03 -4.706488e-02 9.245416e-02
      vertex   2.677664e-03 -4.337708e-02 9.072833e-02
      vertex   6.740264e-03 -4.383115e-02 9.073389e-02
    endloop
  endfacet
  facet normal 3.498582e-01 5.236001e-01 7.768154e-01
    outer loop
      vertex   2.746827e-02 3.950638e-02 1.028446e-01
      vertex   2.226809e-02 3.856946e-02 1.058182e-01
      vertex   2.711191e-02 3.533293e-02 1.058182e-01
    endloop
  endfacet
  facet normal 3.353730e-01 5.548772e-01 7.613384e-01
    outer loop
      vertex   2.230257e-02 4.260078e-02 1.028649e-01
      vertex   2.226809e-02 3.856946e-02 1.058182e-01
      vertex   2.746827e-02 3.950638e-02 1.028446e-01
    endloop
  endfacet
  facet normal -8.121726e-01 -4.096461e-01 -4.154103e-01
    outer loop
      vertex   -4.524342e-02 -1.727444e-02 9.360331e-02
      vertex   -4.322017e-02 -2.089251e-02 9.321550e-02
      vertex   -4.570595e-02 -1.972795e-02 9.692709e-02
    endloop
  endfacet
  facet normal 8.195836e-01 2.732317e-01 5.036141e-01
    outer loop
      vertex   4.592175e-02 1.945772e-02 9.888054e-02
      vertex   4.398112e-02 2.285556e-02 1.001953e-01
      vertex   4.278255e-02 2.031389e-02 1.035248e-01
    endloop
  endfacet
  facet normal 8.463150e-01 -1.088280e-01 5.214473e-01
    outer loop
      vertex   4.878433e-02 -1.008473e-02 9.935093e-02
      vertex   4.626001e-02 -8.886941e-03 1.036979e-01
      vertex   4.618421e-02 -1.288231e-02 1.029871e-01
    endloop
  endfacet
  facet normal 9.615853e-01 -8.323044e-02 2.615843e-01
    outer loop
      vertex   4.957365e-02 -5.775808e-03 9.782040e-02
      vertex   4.845418e-02 -5.118086e-03 1.021448e-01
      vertex   4.878433e-02 -1.008473e-02 9.935093e-02
    endloop
  endfacet
  facet normal 9.559039e-01 -1.238429e-01 2.662904e-01
    outer loop
      vertex   4.845418e-02 -5.118086e-03 1.021448e-01
      vertex   4.957365e-02 -5.775808e-03 9.782040e-02
      vertex   4.979308e-02 -2.147353e-03 9.872018e-02
    endloop
  endfacet
  facet normal 9.633402e-01 1.087654e-01 2.452463e-01
    outer loop
      vertex   4.981338e-02 1.848776e-03 9.686820e-02
      vertex   4.864095e-02 2.070164e-04 1.022017e-01
      vertex   4.979308e-02 -2.147353e-03 9.872018e-02
    endloop
  endfacet
  facet normal 9.786327e-01 -6.238397e-02 1.959242e-01
    outer loop
      vertex   4.864095e-02 2.070164e-04 1.022017e-01
      vertex   4.981338e-02 1.848776e-03 9.686820e-02
      vertex   4.930558e-02 4.767305e-03 1.003339e-01
    endloop
  endfacet
  facet normal 8.943910e-01 2.254397e-01 3.863180e-01
    outer loop
      vertex   4.710978e-02 8.830950e-03 1.030462e-01
      vertex   4.930558e-02 4.767305e-03 1.003339e-01
      vertex   4.921172e-02 8.550802e-03 9.834330e-02
    endloop
  endfacet
  facet normal 4.432011e-01 1.779146e-01 -8.785893e-01
    outer loop
      vertex   4.060981e-02 2.636562e-02 9.359490e-02
      vertex   3.563203e-02 2.539371e-02 9.088707e-02
      vertex   3.668867e-02 2.938091e-02 9.222750e-02
    endloop
  endfacet
  facet normal 7.896791e-01 4.074880e-01 4.586507e-01
    outer loop
      vertex   4.278255e-02 2.031389e-02 1.035248e-01
      vertex   4.623424e-02 1.540247e-02 1.019454e-01
      vertex   4.592175e-02 1.945772e-02 9.888054e-02
    endloop
  endfacet
  facet normal 7.634503e-01 3.505685e-01 5.424439e-01
    outer loop
      vertex   4.068229e-02 2.590422e-02 1.028679e-01
      vertex   4.278255e-02 2.031389e-02 1.035248e-01
      vertex   4.398112e-02 2.285556e-02 1.001953e-01
    endloop
  endfacet
  facet normal 4.478857e-01 -1.725873e-01 -8.772753e-01
    outer loop
      vertex   4.513602e-02 -6.459293e-03 9.131912e-02
      vertex   4.536841e-02 -1.170227e-02 9.246922e-02
      vertex   4.219429e-02 -1.157943e-02 9.082454e-02
    endloop
  endfacet
  facet normal 7.413927e-01 5.959283e-01 3.085552e-01
    outer loop
      vertex   4.253642e-02 2.586862e-02 9.848152e-02
      vertex   4.002321e-02 2.969630e-02 9.712765e-02
      vertex   4.068229e-02 2.590422e-02 1.028679e-01
    endloop
  endfacet
  facet normal 6.878861e-01 6.014697e-01 4.062597e-01
    outer loop
      vertex   3.422262e-02 3.561653e-02 9.991270e-02
      vertex   3.417230e-02 3.356724e-02 1.030319e-01
      vertex   3.732185e-02 3.286939e-02 9.873220e-02
    endloop
  endfacet
  facet normal 5.430040e-01 7.441574e-01 3.890713e-01
    outer loop
      vertex   3.081427e-02 3.918782e-02 9.878411e-02
      vertex   2.746827e-02 3.950638e-02 1.028446e-01
      vertex   3.149536e-02 3.668044e-02 1.026293e-01
    endloop
  endfacet
  facet normal 6.207778e-01 7.024641e-01 3.481079e-01
    outer loop
      vertex   3.422262e-02 3.561653e-02 9.991270e-02
      vertex   3.081427e-02 3.918782e-02 9.878411e-02
      vertex   3.149536e-02 3.668044e-02 1.026293e-01
    endloop
  endfacet
  facet normal 4.674456e-01 7.775859e-01 4.205411e-01
    outer loop
      vertex   2.230257e-02 4.260078e-02 1.028649e-01
      vertex   2.746827e-02 3.950638e-02 1.028446e-01
      vertex   2.570154e-02 4.273791e-02 9.883327e-02
    endloop
  endfacet
  facet normal 5.305598e-01 7.588656e-01 3.776630e-01
    outer loop
      vertex   2.570154e-02 4.273791e-02 9.883327e-02
      vertex   2.746827e-02 3.950638e-02 1.028446e-01
      vertex   3.081427e-02 3.918782e-02 9.878411e-02
    endloop
  endfacet
  facet normal 9.481351e-01 -2.831174e-01 1.445140e-01
    outer loop
      vertex   4.546056e-02 -1.769902e-02 1.017635e-01
      vertex   4.477921e-02 -2.175341e-02 9.829077e-02
      vertex   4.603443e-02 -1.855287e-02 9.632561e-02
    endloop
  endfacet
  facet normal -1.604444e-01 9.853013e-01 -5.864299e-02
    outer loop
      vertex   -5.249861e-03 4.913888e-02 9.989895e-02
      vertex   -1.213746e-03 4.966475e-02 9.769200e-02
      vertex   -3.775350e-03 4.908420e-02 9.494606e-02
    endloop
  endfacet
  facet normal 8.380857e-01 -4.292372e-01 3.367013e-01
    outer loop
      vertex   4.477921e-02 -2.175341e-02 9.829077e-02
      vertex   4.546056e-02 -1.769902e-02 1.017635e-01
      vertex   4.273116e-02 -2.221355e-02 1.028020e-01
    endloop
  endfacet
  facet normal 8.565230e-01 -2.441896e-01 4.546865e-01
    outer loop
      vertex   4.749758e-02 -1.477638e-02 9.949580e-02
      vertex   4.618421e-02 -1.288231e-02 1.029871e-01
      vertex   4.546056e-02 -1.769902e-02 1.017635e-01
    endloop
  endfacet
  facet normal -3.402540e-01 -8.501982e-01 4.017340e-01
    outer loop
      vertex   -2.126092e-02 -4.494537e-02 9.906597e-02
      vertex   -1.742232e-02 -4.636861e-02 9.930510e-02
      vertex   -1.979384e-02 -4.359657e-02 1.031630e-01
    endloop
  endfacet
  facet normal 2.360376e-01 9.447140e-01 -2.275998e-01
    outer loop
      vertex   8.745040e-03 4.903764e-02 9.898816e-02
      vertex   1.018650e-02 4.746177e-02 9.394198e-02
      vertex   5.754382e-03 4.866368e-02 9.433441e-02
    endloop
  endfacet
  facet normal -1.137994e-01 1.299015e-01 -9.849748e-01
    outer loop
      vertex   -3.333426e-02 2.807479e-02 9.054882e-02
      vertex   -3.096307e-02 3.108111e-02 9.067135e-02
      vertex   -2.778634e-02 2.877359e-02 9.000000e-02
    endloop
  endfacet
  facet normal -3.836170e-01 5.020090e-01 7.751290e-01
    outer loop
      vertex   -2.660316e-02 3.941825e-02 1.034241e-01
      vertex   -2.998432e-02 3.654404e-02 1.036122e-01
      vertex   -2.711191e-02 3.533293e-02 1.058182e-01
    endloop
  endfacet
  facet normal 9.020310e-01 3.866657e-01 1.919106e-01
    outer loop
      vertex   4.623424e-02 1.540247e-02 1.019454e-01
      vertex   4.835836e-02 1.230690e-02 9.819846e-02
      vertex   4.702510e-02 1.619733e-02 9.662665e-02
    endloop
  endfacet
  facet normal 1.533655e-01 -7.606200e-01 -6.308218e-01
    outer loop
      vertex   1.369215e-02 -4.737042e-02 9.521585e-02
      vertex   1.186013e-02 -4.524608e-02 9.220900e-02
      vertex   1.716264e-02 -4.578085e-02 9.414295e-02
    endloop
  endfacet
  facet normal 3.136492e-02 2.853455e-01 -9.579114e-01
    outer loop
      vertex   7.433158e-03 4.359619e-02 9.130270e-02
      vertex   1.162390e-02 4.219591e-02 9.102280e-02
      vertex   8.316467e-03 3.912591e-02 9.000000e-02
    endloop
  endfacet
  facet normal -1.128733e-01 8.643817e-01 4.900039e-01
    outer loop
      vertex   -8.279552e-03 4.672927e-02 1.034517e-01
      vertex   -5.249861e-03 4.913888e-02 9.989895e-02
      vertex   -1.016091e-02 4.870867e-02 9.952658e-02
    endloop
  endfacet
  facet normal -6.651278e-01 7.153947e-01 -2.140451e-01
    outer loop
      vertex   -3.478062e-02 3.576981e-02 9.830274e-02
      vertex   -3.432050e-02 3.508835e-02 9.459534e-02
      vertex   -3.752059e-02 3.288805e-02 9.718538e-02
    endloop
  endfacet
  facet normal -6.638989e-01 6.851611e-01 2.996540e-01
    outer loop
      vertex   -3.478062e-02 3.576981e-02 9.830274e-02
      vertex   -3.340264e-02 3.556210e-02 1.018307e-01
      vertex   -3.086744e-02 3.894243e-02 9.971835e-02
    endloop
  endfacet
  facet normal 2.109694e-02 -6.332804e-01 7.736348e-01
    outer loop
      vertex   -1.116843e-16 -4.453618e-02 1.058182e-01
      vertex   4.843986e-04 -4.797485e-02 1.029902e-01
      vertex   4.247378e-03 -4.786589e-02 1.029767e-01
    endloop
  endfacet
  facet normal 6.793835e-01 7.284280e-01 8.849095e-02
    outer loop
      vertex   3.422262e-02 3.561653e-02 9.991270e-02
      vertex   3.732185e-02 3.286939e-02 9.873220e-02
      vertex   3.395562e-02 3.630663e-02 9.628196e-02
    endloop
  endfacet
  facet normal 7.297212e-02 -9.666950e-01 -2.453076e-01
    outer loop
      vertex   3.800573e-04 -4.973596e-02 9.901783e-02
      vertex   -4.614955e-03 -4.932275e-02 9.590361e-02
      vertex   -4.748738e-04 -4.851580e-02 9.395517e-02
    endloop
  endfacet
  facet normal -1.567016e-01 -9.047174e-02 -9.834935e-01
    outer loop
      vertex   -3.316150e-02 -2.236772e-02 9.000000e-02
      vertex   -3.905359e-02 -2.109889e-02 9.082208e-02
      vertex   -3.595176e-02 -1.753485e-02 9.000000e-02
    endloop
  endfacet
  facet normal 8.496042e-01 -2.481114e-02 -5.268369e-01
    outer loop
      vertex   4.715950e-02 4.443479e-03 9.246622e-02
      vertex   4.923008e-02 5.849896e-03 9.573912e-02
      vertex   4.981338e-02 1.848776e-03 9.686820e-02
    endloop
  endfacet
  facet normal 1.513652e-01 2.668980e-02 -9.881175e-01
    outer loop
      vertex   3.881183e-02 9.676876e-03 9.000000e-02
      vertex   4.236526e-02 7.034614e-03 9.047297e-02
      vertex   3.978088e-02 4.181139e-03 9.000000e-02
    endloop
  endfacet
  facet normal 8.620754e-01 -4.636774e-01 -2.045222e-01
    outer loop
      vertex   4.324083e-02 -2.290881e-02 9.442585e-02
      vertex   4.603443e-02 -1.855287e-02 9.632561e-02
      vertex   4.477921e-02 -2.175341e-02 9.829077e-02
    endloop
  endfacet
  facet normal 4.190195e-01 7.950023e-02 -9.044901e-01
    outer loop
      vertex   4.363318e-02 2.329159e-03 9.064676e-02
      vertex   4.236526e-02 7.034614e-03 9.047297e-02
      vertex   4.715950e-02 4.443479e-03 9.246622e-02
    endloop
  endfacet
  facet normal -6.161612e-01 7.855357e-01 -5.726331e-02
    outer loop
      vertex   -3.086744e-02 3.894243e-02 9.971835e-02
      vertex   -3.164004e-02 3.801948e-02 9.537060e-02
      vertex   -3.478062e-02 3.576981e-02 9.830274e-02
    endloop
  endfacet
  facet normal 9.665377e-01 -2.203913e-01 -1.312732e-01
    outer loop
      vertex   4.878433e-02 -1.008473e-02 9.935093e-02
      vertex   4.735648e-02 -1.400439e-02 9.541858e-02
      vertex   4.846477e-02 -8.942342e-03 9.508010e-02
    endloop
  endfacet
  facet normal 8.686781e-01 8.110266e-02 -4.886929e-01
    outer loop
      vertex   4.763428e-02 2.223105e-04 9.272481e-02
      vertex   4.981338e-02 1.848776e-03 9.686820e-02
      vertex   4.891005e-02 -3.393105e-03 9.439256e-02
    endloop
  endfacet
  facet normal -2.082852e-01 -6.016962e-01 7.710894e-01
    outer loop
      vertex   -1.704326e-02 -4.114606e-02 1.058182e-01
      vertex   -1.979384e-02 -4.359657e-02 1.031630e-01
      vertex   -1.611290e-02 -4.507890e-02 1.030006e-01
    endloop
  endfacet
  facet normal 2.100832e-01 -6.048731e-01 -7.681104e-01
    outer loop
      vertex   8.750846e-03 -4.826244e-02 9.477336e-02
      vertex   3.719348e-03 -4.706488e-02 9.245416e-02
      vertex   6.740264e-03 -4.383115e-02 9.073389e-02
    endloop
  endfacet
  facet normal 9.885838e-01 1.494729e-01 1.897322e-02
    outer loop
      vertex   4.981338e-02 1.848776e-03 9.686820e-02
      vertex   4.923008e-02 5.849896e-03 9.573912e-02
      vertex   4.930558e-02 4.767305e-03 1.003339e-01
    endloop
  endfacet
  facet normal 9.295210e-01 2.493889e-01 -2.716540e-01
    outer loop
      vertex   4.699967e-02 1.285678e-02 9.405421e-02
      vertex   4.835836e-02 1.230690e-02 9.819846e-02
      vertex   4.810236e-02 9.006898e-03 9.429296e-02
    endloop
  endfacet
  facet normal 7.432161e-01 -1.827341e-01 -6.436133e-01
    outer loop
      vertex   4.536841e-02 -1.170227e-02 9.246922e-02
      vertex   4.735648e-02 -1.400439e-02 9.541858e-02
      vertex   4.367010e-02 -1.773613e-02 9.222122e-02
    endloop
  endfacet
  facet normal 9.372519e-01 2.082156e-01 -2.796517e-01
    outer loop
      vertex   4.835836e-02 1.230690e-02 9.819846e-02
      vertex   4.699967e-02 1.285678e-02 9.405421e-02
      vertex   4.702510e-02 1.619733e-02 9.662665e-02
    endloop
  endfacet
  facet normal 8.586724e-01 5.100166e-01 -5.064446e-02
    outer loop
      vertex   4.398112e-02 2.285556e-02 1.001953e-01
      vertex   4.592175e-02 1.945772e-02 9.888054e-02
      vertex   4.406904e-02 2.222216e-02 9.530739e-02
    endloop
  endfacet
  facet normal -5.603494e-01 -8.274027e-01 3.759498e-02
    outer loop
      vertex   -2.736434e-02 -4.080757e-02 9.608131e-02
      vertex   -2.664566e-02 -4.104591e-02 1.015477e-01
      vertex   -3.004456e-02 -3.874276e-02 1.015759e-01
    endloop
  endfacet
  facet normal 6.025720e-01 -6.936913e-01 3.945876e-01
    outer loop
      vertex   3.588869e-02 -3.444990e-02 9.893614e-02
      vertex   3.265452e-02 -3.484798e-02 1.031752e-01
      vertex   3.263748e-02 -3.761105e-02 9.834369e-02
    endloop
  endfacet
  facet normal -4.794251e-02 -4.977921e-01 -8.659703e-01
    outer loop
      vertex   -1.566072e-02 -4.144560e-02 9.052964e-02
      vertex   -1.011699e-02 -4.264557e-02 9.091251e-02
      vertex   -1.283351e-02 -4.530039e-02 9.258900e-02
    endloop
  endfacet
  facet normal -7.245876e-01 5.158378e-01 -4.570384e-01
    outer loop
      vertex   -3.642640e-02 3.034999e-02 9.258607e-02
      vertex   -3.752059e-02 3.288805e-02 9.718538e-02
      vertex   -3.432050e-02 3.508835e-02 9.459534e-02
    endloop
  endfacet
  facet normal 5.672513e-01 8.182297e-01 -9.341343e-02
    outer loop
      vertex   3.081427e-02 3.918782e-02 9.878411e-02
      vertex   2.814315e-02 4.064902e-02 9.536281e-02
      vertex   2.570154e-02 4.273791e-02 9.883327e-02
    endloop
  endfacet
  facet normal 3.667411e-01 8.882457e-01 -2.766234e-01
    outer loop
      vertex   2.814315e-02 4.064902e-02 9.536281e-02
      vertex   2.407652e-02 4.171811e-02 9.340424e-02
      vertex   2.570154e-02 4.273791e-02 9.883327e-02
    endloop
  endfacet
  facet normal 1.675401e-01 3.537717e-02 -9.852303e-01
    outer loop
      vertex   3.708735e-02 1.498426e-02 9.000000e-02
      vertex   4.122295e-02 1.668255e-02 9.076425e-02
      vertex   4.098542e-02 1.257050e-02 9.057620e-02
    endloop
  endfacet
  facet normal 3.175624e-02 5.770562e-01 -8.160868e-01
    outer loop
      vertex   1.604445e-02 4.205695e-02 9.109655e-02
      vertex   1.162390e-02 4.219591e-02 9.102280e-02
      vertex   1.408954e-02 4.587400e-02 9.371953e-02
    endloop
  endfacet
  facet normal -4.791746e-01 6.946407e-01 5.365314e-01
    outer loop
      vertex   -3.340264e-02 3.556210e-02 1.018307e-01
      vertex   -2.998432e-02 3.654404e-02 1.036122e-01
      vertex   -3.086744e-02 3.894243e-02 9.971835e-02
    endloop
  endfacet
  facet normal -4.800371e-01 -1.344614e-01 -8.668821e-01
    outer loop
      vertex   -4.756867e-02 -8.136201e-03 9.308085e-02
      vertex   -4.367644e-02 -5.089147e-03 9.045290e-02
      vertex   -4.274671e-02 -9.722826e-03 9.065679e-02
    endloop
  endfacet
  facet normal 2.283025e-01 -6.064613e-02 -9.716995e-01
    outer loop
      vertex   4.513602e-02 -6.459293e-03 9.131912e-02
      vertex   3.939231e-02 -6.945927e-03 9.000000e-02
      vertex   4.427145e-02 -2.069448e-03 9.084201e-02
    endloop
  endfacet
  facet normal 5.317370e-01 3.108556e-01 -7.877973e-01
    outer loop
      vertex   3.871068e-02 2.309016e-02 9.102059e-02
      vertex   4.060981e-02 2.636562e-02 9.359490e-02
      vertex   4.141854e-02 2.082546e-02 9.195469e-02
    endloop
  endfacet
  facet normal 6.607343e-01 6.224040e-01 4.195753e-01
    outer loop
      vertex   3.422262e-02 3.561653e-02 9.991270e-02
      vertex   3.149536e-02 3.668044e-02 1.026293e-01
      vertex   3.417230e-02 3.356724e-02 1.030319e-01
    endloop
  endfacet
  facet normal -4.668683e-02 1.628566e-01 -9.855446e-01
    outer loop
      vertex   -1.781210e-02 4.034434e-02 9.078480e-02
      vertex   -1.877886e-02 3.531790e-02 9.000000e-02
      vertex   -2.222377e-02 3.629158e-02 9.032409e-02
    endloop
  endfacet
  facet normal -5.327385e-01 6.612677e-01 5.281238e-01
    outer loop
      vertex   -2.660316e-02 3.941825e-02 1.034241e-01
      vertex   -3.086744e-02 3.894243e-02 9.971835e-02
      vertex   -2.998432e-02 3.654404e-02 1.036122e-01
    endloop
  endfacet
  facet normal -6.667859e-01 7.442022e-01 -3.949288e-02
    outer loop
      vertex   -3.086744e-02 3.894243e-02 9.971835e-02
      vertex   -2.849154e-02 4.091861e-02 9.684328e-02
      vertex   -3.164004e-02 3.801948e-02 9.537060e-02
    endloop
  endfacet
  facet normal 6.692123e-01 3.291759e-01 -6.661818e-01
    outer loop
      vertex   4.141854e-02 2.082546e-02 9.195469e-02
      vertex   4.406904e-02 2.222216e-02 9.530739e-02
      vertex   4.436460e-02 1.859611e-02 9.381258e-02
    endloop
  endfacet
  facet normal 2.346613e-01 3.480018e-01 -9.076502e-01
    outer loop
      vertex   3.375170e-02 3.366861e-02 9.255033e-02
      vertex   3.271318e-02 2.915954e-02 9.055302e-02
      vertex   2.902743e-02 3.273242e-02 9.096999e-02
    endloop
  endfacet
  facet normal 2.015631e-01 -9.038386e-01 3.774229e-01
    outer loop
      vertex   9.928332e-03 -4.707848e-02 1.029158e-01
      vertex   6.801867e-03 -4.927544e-02 9.932425e-02
      vertex   1.208713e-02 -4.830964e-02 9.881451e-02
    endloop
  endfacet
  facet normal -9.713243e-01 -1.779012e-01 1.577351e-01
    outer loop
      vertex   -4.937284e-02 -6.412179e-03 9.735171e-02
      vertex   -4.875487e-02 -9.967816e-03 9.714690e-02
      vertex   -4.862223e-02 -7.110497e-03 1.011863e-01
    endloop
  endfacet
  facet normal 5.913182e-01 6.429233e-01 -4.868186e-01
    outer loop
      vertex   3.375170e-02 3.366861e-02 9.255033e-02
      vertex   3.395562e-02 3.630663e-02 9.628196e-02
      vertex   3.678100e-02 3.244307e-02 9.461137e-02
    endloop
  endfacet
  facet normal 4.722396e-01 -8.752354e-01 1.046554e-01
    outer loop
      vertex   2.068442e-02 -4.517221e-02 9.647757e-02
      vertex   2.068040e-02 -4.465952e-02 1.007834e-01
      vertex   1.730777e-02 -4.675619e-02 9.846729e-02
    endloop
  endfacet
  facet normal 6.969324e-01 6.689613e-01 -2.584106e-01
    outer loop
      vertex   2.814315e-02 4.064902e-02 9.536281e-02
      vertex   3.081427e-02 3.918782e-02 9.878411e-02
      vertex   3.045015e-02 3.744000e-02 9.327741e-02
    endloop
  endfacet
  facet normal -7.474572e-01 1.296213e-01 6.515412e-01
    outer loop
      vertex   -4.233617e-02 2.052576e-02 1.037601e-01
      vertex   -4.548782e-02 1.962731e-02 1.003232e-01
      vertex   -4.114606e-02 1.704326e-02 1.058182e-01
    endloop
  endfacet
  facet normal 5.797344e-01 7.515777e-01 -3.147046e-01
    outer loop
      vertex   2.255170e-02 4.418816e-02 9.649426e-02
      vertex   2.570154e-02 4.273791e-02 9.883327e-02
      vertex   2.407652e-02 4.171811e-02 9.340424e-02
    endloop
  endfacet
  facet normal 4.797598e-01 4.829943e-01 -7.324938e-01
    outer loop
      vertex   2.407652e-02 4.171811e-02 9.340424e-02
      vertex   2.814315e-02 4.064902e-02 9.536281e-02
      vertex   2.499989e-02 3.686145e-02 9.080661e-02
    endloop
  endfacet
  facet normal 6.322349e-01 -3.263147e-01 -7.027075e-01
    outer loop
      vertex   4.324083e-02 -2.290881e-02 9.442585e-02
      vertex   4.013684e-02 -2.706600e-02 9.356361e-02
      vertex   4.026533e-02 -2.188508e-02 9.127337e-02
    endloop
  endfacet
  facet normal 2.047634e-01 -5.693896e-02 -9.771540e-01
    outer loop
      vertex   3.987810e-02 -1.651598e-02 9.062683e-02
      vertex   3.804226e-02 -1.236068e-02 9.000000e-02
      vertex   4.219429e-02 -1.157943e-02 9.082454e-02
    endloop
  endfacet
  facet normal -6.479004e-01 5.453660e-01 -5.317904e-01
    outer loop
      vertex   -3.951370e-02 2.994958e-02 9.593681e-02
      vertex   -3.642640e-02 3.034999e-02 9.258607e-02
      vertex   -4.147039e-02 2.604003e-02 9.431136e-02
    endloop
  endfacet
  facet normal 6.922972e-01 -1.431807e-01 -7.072651e-01
    outer loop
      vertex   4.891005e-02 -3.393105e-03 9.439256e-02
      vertex   4.846477e-02 -8.942342e-03 9.508010e-02
      vertex   4.513602e-02 -6.459293e-03 9.131912e-02
    endloop
  endfacet
  facet normal -9.379415e-01 -3.324567e-01 9.868237e-02
    outer loop
      vertex   -4.489295e-02 -2.100066e-02 1.003667e-01
      vertex   -4.642121e-02 -1.651823e-02 1.009422e-01
      vertex   -4.570595e-02 -1.972795e-02 9.692709e-02
    endloop
  endfacet
  facet normal 5.675696e-01 -1.712093e-01 -8.053273e-01
    outer loop
      vertex   4.763428e-02 2.223105e-04 9.272481e-02
      vertex   4.891005e-02 -3.393105e-03 9.439256e-02
      vertex   4.427145e-02 -2.069448e-03 9.084201e-02
    endloop
  endfacet
  facet normal -3.400739e-01 -5.645900e-01 7.520558e-01
    outer loop
      vertex   -2.226809e-02 -3.856946e-02 1.058182e-01
      vertex   -2.347889e-02 -4.242317e-02 1.023776e-01
      vertex   -1.979384e-02 -4.359657e-02 1.031630e-01
    endloop
  endfacet
  facet normal 6.107602e-01 -1.214880e-01 7.824402e-01
    outer loop
      vertex   4.301864e-02 -1.152681e-02 1.058182e-01
      vertex   4.626001e-02 -8.886941e-03 1.036979e-01
      vertex   4.415516e-02 -5.813138e-03 1.058182e-01
    endloop
  endfacet
  facet normal 9.493564e-01 2.065569e-01 -2.367627e-01
    outer loop
      vertex   4.921172e-02 8.550802e-03 9.834330e-02
      vertex   4.810236e-02 9.006898e-03 9.429296e-02
      vertex   4.835836e-02 1.230690e-02 9.819846e-02
    endloop
  endfacet
  facet normal 6.631407e-01 1.614771e-01 -7.308691e-01
    outer loop
      vertex   4.699967e-02 1.285678e-02 9.405421e-02
      vertex   4.517549e-02 9.335257e-03 9.162104e-02
      vertex   4.450853e-02 1.509117e-02 9.228759e-02
    endloop
  endfacet
  facet normal 5.295769e-01 3.566220e-01 -7.696552e-01
    outer loop
      vertex   4.450853e-02 1.509117e-02 9.228759e-02
      vertex   4.122295e-02 1.668255e-02 9.076425e-02
      vertex   4.436460e-02 1.859611e-02 9.381258e-02
    endloop
  endfacet
  facet normal -9.076264e-01 4.075922e-01 1.004134e-01
    outer loop
      vertex   -4.597737e-02 1.781126e-02 1.887022e-01
      vertex   -4.308311e-02 2.487405e-02 1.861942e-01
      vertex   -4.553268e-02 2.033617e-02 1.824727e-01
    endloop
  endfacet
  facet normal -9.467257e-01 3.220266e-01 -3.043710e-03
    outer loop
      vertex   -4.624617e-02 1.735223e-02 9.549526e-02
      vertex   -4.548782e-02 1.962731e-02 1.003232e-01
      vertex   -4.470347e-02 2.189792e-02 9.658730e-02
    endloop
  endfacet
  facet normal -8.086395e-01 1.848810e-01 -5.584990e-01
    outer loop
      vertex   -4.828065e-02 1.137671e-02 9.646287e-02
      vertex   -4.624617e-02 1.735223e-02 9.549526e-02
      vertex   -4.536341e-02 1.419237e-02 9.317112e-02
    endloop
  endfacet
  facet normal 6.682684e-02 -1.866265e-01 -9.801555e-01
    outer loop
      vertex   1.446397e-02 -4.211494e-02 9.093217e-02
      vertex   1.005318e-02 -4.202181e-02 9.061371e-02
      vertex   1.102549e-02 -3.845047e-02 9.000000e-02
    endloop
  endfacet
  facet normal -7.985538e-02 7.695360e-01 -6.335909e-01
    outer loop
      vertex   -4.439849e-03 4.644581e-02 9.182532e-02
      vertex   -7.873763e-03 4.850280e-02 9.475647e-02
      vertex   -3.775350e-03 4.908420e-02 9.494606e-02
    endloop
  endfacet
  facet normal -8.358839e-01 3.744401e-01 4.013636e-01
    outer loop
      vertex   -4.179981e-02 2.413313e-02 1.937387e-01
      vertex   -4.378254e-02 1.789824e-02 1.954261e-01
      vertex   -3.950604e-02 2.280883e-02 1.997512e-01
    endloop
  endfacet
  facet normal -7.022580e-01 5.429200e-01 4.605124e-01
    outer loop
      vertex   -3.761719e-02 2.930469e-02 1.949733e-01
      vertex   -3.950604e-02 2.280883e-02 1.997512e-01
      vertex   -3.317677e-02 3.077156e-02 2.000153e-01
    endloop
  endfacet
  facet normal -3.751561e-01 8.667367e-02 9.229006e-01
    outer loop
      vertex   -2.540867e-02 6.991042e-03 2.172470e-01
      vertex   -2.336408e-02 8.582981e-04 2.186541e-01
      vertex   -1.874222e-02 4.697770e-03 2.201723e-01
    endloop
  endfacet
  facet normal -3.654749e-01 1.157103e-01 9.236012e-01
    outer loop
      vertex   -2.540867e-02 6.991042e-03 2.172470e-01
      vertex   -1.874222e-02 4.697770e-03 2.201723e-01
      vertex   -2.116380e-02 1.221893e-02 2.182718e-01
    endloop
  endfacet
  facet normal -3.294178e-01 2.331290e-02 9.438964e-01
    outer loop
      vertex   -1.841399e-02 -2.186296e-03 2.204569e-01
      vertex   -1.874222e-02 4.697770e-03 2.201723e-01
      vertex   -2.336408e-02 8.582981e-04 2.186541e-01
    endloop
  endfacet
  facet normal 8.103614e-01 -5.319672e-01 -2.456120e-01
    outer loop
      vertex   4.013684e-02 -2.706600e-02 9.356361e-02
      vertex   4.274668e-02 -2.540050e-02 9.856711e-02
      vertex   3.991501e-02 -2.977633e-02 9.870197e-02
    endloop
  endfacet
  facet normal 6.948319e-01 -5.771022e-01 4.291406e-01
    outer loop
      vertex   3.588869e-02 -3.444990e-02 9.893614e-02
      vertex   3.991501e-02 -2.977633e-02 9.870197e-02
      vertex   3.652579e-02 -3.039217e-02 1.033614e-01
    endloop
  endfacet
  facet normal 5.190625e-01 -5.739337e-01 -6.333831e-01
    outer loop
      vertex   1.716264e-02 -4.578085e-02 9.414295e-02
      vertex   1.917191e-02 -4.124218e-02 9.167688e-02
      vertex   2.068442e-02 -4.517221e-02 9.647757e-02
    endloop
  endfacet
  facet normal 2.120487e-01 4.919524e-01 -8.444041e-01
    outer loop
      vertex   2.499989e-02 3.686145e-02 9.080661e-02
      vertex   2.127219e-02 3.872463e-02 9.095599e-02
      vertex   2.407652e-02 4.171811e-02 9.340424e-02
    endloop
  endfacet
  facet normal -5.708897e-01 -8.111389e-01 -1.270380e-01
    outer loop
      vertex   -3.374649e-02 -3.630426e-02 1.003812e-01
      vertex   -3.657721e-02 -3.386494e-02 9.752693e-02
      vertex   -3.334393e-02 -3.562876e-02 9.425908e-02
    endloop
  endfacet
  facet normal 3.090820e-01 9.468719e-02 -9.463100e-01
    outer loop
      vertex   4.517549e-02 9.335257e-03 9.162104e-02
      vertex   4.236526e-02 7.034614e-03 9.047297e-02
      vertex   4.098542e-02 1.257050e-02 9.057620e-02
    endloop
  endfacet
  facet normal -1.649622e-01 -4.846058e-01 -8.590371e-01
    outer loop
      vertex   -2.443192e-02 -3.636016e-02 9.139763e-02
      vertex   -2.838690e-02 -3.771310e-02 9.292034e-02
      vertex   -2.981113e-02 -3.411113e-02 9.116187e-02
    endloop
  endfacet
  facet normal -7.359543e-01 -3.481244e-01 5.806726e-01
    outer loop
      vertex   -4.298392e-02 -1.978281e-02 1.035164e-01
      vertex   -4.489295e-02 -2.100066e-02 1.003667e-01
      vertex   -4.279528e-02 -2.442237e-02 1.009740e-01
    endloop
  endfacet
  facet normal -8.083057e-02 9.933797e-01 -8.162790e-02
    outer loop
      vertex   -1.016091e-02 4.870867e-02 9.952658e-02
      vertex   -5.249861e-03 4.913888e-02 9.989895e-02
      vertex   -7.873763e-03 4.850280e-02 9.475647e-02
    endloop
  endfacet
  facet normal 3.629353e-01 3.193770e-01 -8.753721e-01
    outer loop
      vertex   2.499989e-02 3.686145e-02 9.080661e-02
      vertex   3.045015e-02 3.744000e-02 9.327741e-02
      vertex   2.902743e-02 3.273242e-02 9.096999e-02
    endloop
  endfacet
  facet normal 2.557649e-01 6.493133e-01 -7.162238e-01
    outer loop
      vertex   3.045015e-02 3.744000e-02 9.327741e-02
      vertex   2.499989e-02 3.686145e-02 9.080661e-02
      vertex   2.814315e-02 4.064902e-02 9.536281e-02
    endloop
  endfacet
  facet normal 2.062848e-01 6.076964e-01 7.669105e-01
    outer loop
      vertex   1.678862e-02 4.490950e-02 1.029045e-01
      vertex   1.152681e-02 4.301864e-02 1.058182e-01
      vertex   1.704326e-02 4.114606e-02 1.058182e-01
    endloop
  endfacet
  facet normal 2.937015e-01 8.629450e-01 4.111756e-01
    outer loop
      vertex   1.122793e-02 4.683987e-02 1.028252e-01
      vertex   1.678862e-02 4.490950e-02 1.029045e-01
      vertex   1.571095e-02 4.716978e-02 9.893063e-02
    endloop
  endfacet
  facet normal -7.127286e-01 6.585795e-01 2.414352e-01
    outer loop
      vertex   -3.685858e-02 3.182193e-02 1.020478e-01
      vertex   -3.752059e-02 3.288805e-02 9.718538e-02
      vertex   -4.060027e-02 2.880818e-02 9.922295e-02
    endloop
  endfacet
  facet normal -6.444509e-01 -1.665842e-01 7.462793e-01
    outer loop
      vertex   -4.301864e-02 -1.152681e-02 1.058182e-01
      vertex   -4.577491e-02 -9.112421e-03 1.039769e-01
      vertex   -4.446170e-02 -1.513109e-02 1.037675e-01
    endloop
  endfacet
  facet normal -4.076361e-01 4.648198e-01 7.859869e-01
    outer loop
      vertex   -3.149183e-02 3.149183e-02 1.058182e-01
      vertex   -2.711191e-02 3.533293e-02 1.058182e-01
      vertex   -2.998432e-02 3.654404e-02 1.036122e-01
    endloop
  endfacet
  facet normal 3.232344e-01 8.575726e-01 4.001110e-01
    outer loop
      vertex   1.571095e-02 4.716978e-02 9.893063e-02
      vertex   1.678862e-02 4.490950e-02 1.029045e-01
      vertex   2.025313e-02 4.553010e-02 9.877556e-02
    endloop
  endfacet
  facet normal 1.100844e-01 6.326047e-01 7.666112e-01
    outer loop
      vertex   5.742007e-03 4.811520e-02 1.025606e-01
      vertex   5.813138e-03 4.415516e-02 1.058182e-01
      vertex   1.122793e-02 4.683987e-02 1.028252e-01
    endloop
  endfacet
  facet normal 5.385357e-02 6.349421e-01 7.706805e-01
    outer loop
      vertex   5.813138e-03 4.415516e-02 1.058182e-01
      vertex   5.742007e-03 4.811520e-02 1.025606e-01
      vertex   2.235019e-03 4.654619e-02 1.040983e-01
    endloop
  endfacet
  facet normal 3.314169e-01 9.319739e-01 -1.469266e-01
    outer loop
      vertex   1.844123e-02 4.554976e-02 9.481325e-02
      vertex   1.571095e-02 4.716978e-02 9.893063e-02
      vertex   2.025313e-02 4.553010e-02 9.877556e-02
    endloop
  endfacet
  facet normal 4.498664e-01 8.238412e-01 -3.448273e-01
    outer loop
      vertex   1.255184e-02 4.820276e-02 9.727715e-02
      vertex   1.571095e-02 4.716978e-02 9.893063e-02
      vertex   1.408954e-02 4.587400e-02 9.371953e-02
    endloop
  endfacet
  facet normal 1.671203e-01 9.474929e-01 2.726317e-01
    outer loop
      vertex   1.571095e-02 4.716978e-02 9.893063e-02
      vertex   1.255184e-02 4.820276e-02 9.727715e-02
      vertex   1.122793e-02 4.683987e-02 1.028252e-01
    endloop
  endfacet
  facet normal 3.306329e-01 8.952078e-01 2.988058e-01
    outer loop
      vertex   1.122793e-02 4.683987e-02 1.028252e-01
      vertex   1.255184e-02 4.820276e-02 9.727715e-02
      vertex   8.745040e-03 4.903764e-02 9.898816e-02
    endloop
  endfacet
  facet normal 1.197719e-01 9.591460e-01 2.563079e-01
    outer loop
      vertex   5.742007e-03 4.811520e-02 1.025606e-01
      vertex   3.154043e-03 4.979623e-02 9.747923e-02
      vertex   8.152793e-04 4.900039e-02 1.015503e-01
    endloop
  endfacet
  facet normal -2.254042e-03 6.515812e-01 7.585755e-01
    outer loop
      vertex   8.879417e-17 4.453618e-02 1.058182e-01
      vertex   2.235019e-03 4.654619e-02 1.040983e-01
      vertex   -2.846993e-03 4.669138e-02 1.039585e-01
    endloop
  endfacet
  facet normal -4.072652e-02 6.213685e-01 7.824593e-01
    outer loop
      vertex   -5.813138e-03 4.415516e-02 1.058182e-01
      vertex   8.879417e-17 4.453618e-02 1.058182e-01
      vertex   -2.846993e-03 4.669138e-02 1.039585e-01
    endloop
  endfacet
  facet normal 8.928004e-02 2.005262e-01 -9.756118e-01
    outer loop
      vertex   1.368081e-02 3.758770e-02 9.000000e-02
      vertex   1.781813e-02 3.888564e-02 9.064539e-02
      vertex   1.877886e-02 3.531790e-02 9.000000e-02
    endloop
  endfacet
  facet normal -2.772315e-01 6.300538e-01 7.253791e-01
    outer loop
      vertex   -2.203158e-02 4.162912e-02 1.032510e-01
      vertex   -2.660316e-02 3.941825e-02 1.034241e-01
      vertex   -2.226809e-02 3.856946e-02 1.058182e-01
    endloop
  endfacet
  facet normal 4.129462e-01 -4.708747e-01 7.795848e-01
    outer loop
      vertex   2.711191e-02 -3.533293e-02 1.058182e-01
      vertex   3.265452e-02 -3.484798e-02 1.031752e-01
      vertex   3.149183e-02 -3.149183e-02 1.058182e-01
    endloop
  endfacet
  facet normal -7.598859e-01 2.577164e-01 -5.967878e-01
    outer loop
      vertex   -4.770413e-02 6.574032e-03 9.365480e-02
      vertex   -4.828065e-02 1.137671e-02 9.646287e-02
      vertex   -4.480469e-02 1.069320e-02 9.174178e-02
    endloop
  endfacet
  facet normal 5.140523e-02 9.556536e-01 2.899720e-01
    outer loop
      vertex   8.745040e-03 4.903764e-02 9.898816e-02
      vertex   3.154043e-03 4.979623e-02 9.747923e-02
      vertex   5.742007e-03 4.811520e-02 1.025606e-01
    endloop
  endfacet
  facet normal -1.365537e-01 8.105614e-01 5.695115e-01
    outer loop
      vertex   -2.846993e-03 4.669138e-02 1.039585e-01
      vertex   8.152793e-04 4.900039e-02 1.015503e-01
      vertex   -5.249861e-03 4.913888e-02 9.989895e-02
    endloop
  endfacet
  facet normal 6.757573e-01 1.487811e-01 -7.219530e-01
    outer loop
      vertex   4.699967e-02 1.285678e-02 9.405421e-02
      vertex   4.810236e-02 9.006898e-03 9.429296e-02
      vertex   4.517549e-02 9.335257e-03 9.162104e-02
    endloop
  endfacet
  facet normal -1.206825e-01 6.067107e-01 7.857085e-01
    outer loop
      vertex   -1.152681e-02 4.301864e-02 1.058182e-01
      vertex   -5.813138e-03 4.415516e-02 1.058182e-01
      vertex   -8.279552e-03 4.672927e-02 1.034517e-01
    endloop
  endfacet
  facet normal 3.219608e-01 8.498915e-01 -4.171639e-01
    outer loop
      vertex   1.018650e-02 4.746177e-02 9.394198e-02
      vertex   1.255184e-02 4.820276e-02 9.727715e-02
      vertex   1.408954e-02 4.587400e-02 9.371953e-02
    endloop
  endfacet
  facet normal -4.394726e-01 -8.848236e-01 -1.547613e-01
    outer loop
      vertex   -1.742232e-02 -4.636861e-02 9.930510e-02
      vertex   -1.886580e-02 -4.476164e-02 9.421652e-02
      vertex   -1.368853e-02 -4.772898e-02 9.648005e-02
    endloop
  endfacet
  facet normal 8.675004e-02 9.577215e-01 -2.743064e-01
    outer loop
      vertex   8.745040e-03 4.903764e-02 9.898816e-02
      vertex   1.255184e-02 4.820276e-02 9.727715e-02
      vertex   1.018650e-02 4.746177e-02 9.394198e-02
    endloop
  endfacet
  facet normal 3.123784e-01 -3.320939e-01 -8.900187e-01
    outer loop
      vertex   2.152303e-02 -3.772264e-02 9.118883e-02
      vertex   2.451490e-02 -4.075031e-02 9.336864e-02
      vertex   1.917191e-02 -4.124218e-02 9.167688e-02
    endloop
  endfacet
  facet normal -2.081968e-02 9.833948e-01 1.802809e-01
    outer loop
      vertex   3.154043e-03 4.979623e-02 9.747923e-02
      vertex   -1.213746e-03 4.966475e-02 9.769200e-02
      vertex   8.152793e-04 4.900039e-02 1.015503e-01
    endloop
  endfacet
  facet normal 8.660287e-01 -2.237135e-01 4.471539e-01
    outer loop
      vertex   4.878433e-02 -1.008473e-02 9.935093e-02
      vertex   4.618421e-02 -1.288231e-02 1.029871e-01
      vertex   4.749758e-02 -1.477638e-02 9.949580e-02
    endloop
  endfacet
  facet normal -1.960543e-01 5.895244e-01 7.835966e-01
    outer loop
      vertex   -1.152681e-02 4.301864e-02 1.058182e-01
      vertex   -1.233941e-02 4.669530e-02 1.028488e-01
      vertex   -1.499354e-02 4.426607e-02 1.040123e-01
    endloop
  endfacet
  facet normal 1.256910e-01 6.812035e-01 -7.212237e-01
    outer loop
      vertex   1.604445e-02 4.205695e-02 9.109655e-02
      vertex   1.844123e-02 4.554976e-02 9.481325e-02
      vertex   2.015825e-02 4.261530e-02 9.234086e-02
    endloop
  endfacet
  facet normal 4.543095e-01 7.143182e-01 -5.323086e-01
    outer loop
      vertex   1.844123e-02 4.554976e-02 9.481325e-02
      vertex   2.255170e-02 4.418816e-02 9.649426e-02
      vertex   2.015825e-02 4.261530e-02 9.234086e-02
    endloop
  endfacet
  facet normal 3.115746e-01 -6.110040e-01 7.277331e-01
    outer loop
      vertex   2.696815e-02 -3.867582e-02 1.037166e-01
      vertex   2.226809e-02 -3.856946e-02 1.058182e-01
      vertex   2.554525e-02 -4.154184e-02 1.019195e-01
    endloop
  endfacet
  facet normal -5.629031e-01 -7.358566e-01 3.763709e-01
    outer loop
      vertex   -3.582724e-02 -3.148149e-02 1.033086e-01
      vertex   -3.877611e-02 -3.126493e-02 9.932160e-02
      vertex   -3.657721e-02 -3.386494e-02 9.752693e-02
    endloop
  endfacet
  facet normal -6.522114e-01 -6.105833e-01 4.492308e-01
    outer loop
      vertex   -3.582724e-02 -3.148149e-02 1.033086e-01
      vertex   -3.962183e-02 -2.870174e-02 1.015776e-01
      vertex   -3.877611e-02 -3.126493e-02 9.932160e-02
    endloop
  endfacet
  facet normal 3.412768e-01 -5.107571e-01 7.890864e-01
    outer loop
      vertex   2.226809e-02 -3.856946e-02 1.058182e-01
      vertex   2.696815e-02 -3.867582e-02 1.037166e-01
      vertex   2.711191e-02 -3.533293e-02 1.058182e-01
    endloop
  endfacet
  facet normal 4.185006e-01 8.244960e-01 3.808722e-01
    outer loop
      vertex   2.230257e-02 4.260078e-02 1.028649e-01
      vertex   2.570154e-02 4.273791e-02 9.883327e-02
      vertex   2.025313e-02 4.553010e-02 9.877556e-02
    endloop
  endfacet
  facet normal 3.527965e-01 8.353495e-01 4.215755e-01
    outer loop
      vertex   1.678862e-02 4.490950e-02 1.029045e-01
      vertex   2.230257e-02 4.260078e-02 1.028649e-01
      vertex   2.025313e-02 4.553010e-02 9.877556e-02
    endloop
  endfacet
  facet normal -6.516322e-01 -2.940551e-01 6.992189e-01
    outer loop
      vertex   -3.865566e-02 -2.646848e-02 1.039714e-01
      vertex   -3.856946e-02 -2.226809e-02 1.058182e-01
      vertex   -4.279528e-02 -2.442237e-02 1.009740e-01
    endloop
  endfacet
  facet normal 2.790885e-01 5.659349e-01 7.757753e-01
    outer loop
      vertex   2.226809e-02 3.856946e-02 1.058182e-01
      vertex   2.230257e-02 4.260078e-02 1.028649e-01
      vertex   1.704326e-02 4.114606e-02 1.058182e-01
    endloop
  endfacet
  facet normal 8.373250e-02 -8.670752e-02 -9.927088e-01
    outer loop
      vertex   2.571151e-02 -3.064178e-02 9.000000e-02
      vertex   2.972579e-02 -2.676522e-02 9.000000e-02
      vertex   3.205009e-02 -3.017081e-02 9.049351e-02
    endloop
  endfacet
  facet normal 1.088941e-01 -5.395002e-02 -9.925883e-01
    outer loop
      vertex   3.694195e-02 -2.115495e-02 9.034883e-02
      vertex   3.724734e-02 -2.515841e-02 9.059993e-02
      vertex   3.316150e-02 -2.236772e-02 9.000000e-02
    endloop
  endfacet
  facet normal -4.392432e-02 8.725731e-01 4.865047e-01
    outer loop
      vertex   2.119117e-03 4.932179e-02 1.586259e-01
      vertex   -2.937216e-03 4.934965e-02 1.581194e-01
      vertex   -1.233590e-03 4.707627e-02 1.623507e-01
    endloop
  endfacet
  facet normal 8.549564e-02 9.123817e-01 -4.003126e-01
    outer loop
      vertex   1.327918e-02 4.665972e-02 1.526746e-01
      vertex   8.855872e-03 4.663897e-02 1.516827e-01
      vertex   1.036564e-02 4.870535e-02 1.567147e-01
    endloop
  endfacet
  facet normal 7.781469e-01 -4.358558e-01 -4.522357e-01
    outer loop
      vertex   3.641372e-02 -2.871887e-02 9.165827e-02
      vertex   3.991501e-02 -2.977633e-02 9.870197e-02
      vertex   3.530467e-02 -3.227588e-02 9.317814e-02
    endloop
  endfacet
  facet normal 9.562837e-02 -2.888564e-01 -9.525845e-01
    outer loop
      vertex   3.048138e-02 -3.404886e-02 9.151198e-02
      vertex   2.571151e-02 -3.064178e-02 9.000000e-02
      vertex   3.205009e-02 -3.017081e-02 9.049351e-02
    endloop
  endfacet
  facet normal 1.506435e-01 -2.833193e-01 -9.471202e-01
    outer loop
      vertex   2.119677e-02 -3.392192e-02 9.000000e-02
      vertex   2.152303e-02 -3.772264e-02 9.118883e-02
      vertex   1.626947e-02 -3.654182e-02 9.000000e-02
    endloop
  endfacet
  facet normal 5.484844e-01 -3.494117e-01 -7.596554e-01
    outer loop
      vertex   4.026533e-02 -2.188508e-02 9.127337e-02
      vertex   4.013684e-02 -2.706600e-02 9.356361e-02
      vertex   3.724734e-02 -2.515841e-02 9.059993e-02
    endloop
  endfacet
  facet normal -3.343452e-01 -9.209796e-01 -2.000245e-01
    outer loop
      vertex   -1.886580e-02 -4.476164e-02 9.421652e-02
      vertex   -2.126092e-02 -4.494537e-02 9.906597e-02
      vertex   -2.384137e-02 -4.357531e-02 9.707101e-02
    endloop
  endfacet
  facet normal 4.249073e-01 -3.868197e-01 -8.184280e-01
    outer loop
      vertex   3.205009e-02 -3.017081e-02 9.049351e-02
      vertex   3.530467e-02 -3.227588e-02 9.317814e-02
      vertex   3.048138e-02 -3.404886e-02 9.151198e-02
    endloop
  endfacet
  facet normal 5.130477e-01 -4.716228e-01 -7.171848e-01
    outer loop
      vertex   2.985126e-02 -3.803798e-02 9.368447e-02
      vertex   3.048138e-02 -3.404886e-02 9.151198e-02
      vertex   3.434750e-02 -3.524451e-02 9.506392e-02
    endloop
  endfacet
  facet normal 8.339434e-01 -4.394670e-01 3.337772e-01
    outer loop
      vertex   4.273116e-02 -2.221355e-02 1.028020e-01
      vertex   4.274668e-02 -2.540050e-02 9.856711e-02
      vertex   4.477921e-02 -2.175341e-02 9.829077e-02
    endloop
  endfacet
  facet normal -5.714860e-02 -4.906049e-01 -8.695061e-01
    outer loop
      vertex   -9.269962e-03 -4.759988e-02 9.365223e-02
      vertex   -1.283351e-02 -4.530039e-02 9.258900e-02
      vertex   -1.011699e-02 -4.264557e-02 9.091251e-02
    endloop
  endfacet
  facet normal -7.459601e-01 -3.286968e-01 5.792253e-01
    outer loop
      vertex   -4.298392e-02 -1.978281e-02 1.035164e-01
      vertex   -4.642121e-02 -1.651823e-02 1.009422e-01
      vertex   -4.489295e-02 -2.100066e-02 1.003667e-01
    endloop
  endfacet
  facet normal -3.822961e-01 -5.730565e-01 7.248834e-01
    outer loop
      vertex   -2.711191e-02 -3.533293e-02 1.058182e-01
      vertex   -3.004456e-02 -3.874276e-02 1.015759e-01
      vertex   -2.664566e-02 -4.104591e-02 1.015477e-01
    endloop
  endfacet
  facet normal 3.544692e-01 3.092455e-01 -8.824505e-01
    outer loop
      vertex   3.271318e-02 2.915954e-02 9.055302e-02
      vertex   3.375170e-02 3.366861e-02 9.255033e-02
      vertex   3.668867e-02 2.938091e-02 9.222750e-02
    endloop
  endfacet
  facet normal 7.032552e-01 -6.976639e-01 -1.367375e-01
    outer loop
      vertex   3.263748e-02 -3.761105e-02 9.834369e-02
      vertex   3.434750e-02 -3.524451e-02 9.506392e-02
      vertex   3.588869e-02 -3.444990e-02 9.893614e-02
    endloop
  endfacet
  facet normal 5.663636e-01 -7.796221e-01 -2.672485e-01
    outer loop
      vertex   3.434750e-02 -3.524451e-02 9.506392e-02
      vertex   3.263748e-02 -3.761105e-02 9.834369e-02
      vertex   2.985126e-02 -3.803798e-02 9.368447e-02
    endloop
  endfacet
  facet normal 6.276747e-01 -7.141273e-01 -3.099140e-01
    outer loop
      vertex   2.836152e-02 -4.095538e-02 9.738977e-02
      vertex   2.985126e-02 -3.803798e-02 9.368447e-02
      vertex   3.263748e-02 -3.761105e-02 9.834369e-02
    endloop
  endfacet
  facet normal -9.935245e-01 8.480905e-02 7.560720e-02
    outer loop
      vertex   -4.900836e-02 1.023919e-03 1.012656e-01
      vertex   -4.944158e-02 1.158915e-03 9.542144e-02
      vertex   -4.950701e-02 -3.272035e-03 9.953185e-02
    endloop
  endfacet
  facet normal 1.668142e-01 -4.917673e-01 -8.545981e-01
    outer loop
      vertex   3.048138e-02 -3.404886e-02 9.151198e-02
      vertex   2.985126e-02 -3.803798e-02 9.368447e-02
      vertex   2.550351e-02 -3.556446e-02 9.141246e-02
    endloop
  endfacet
  facet normal 6.765252e-02 -1.858737e-01 -9.802419e-01
    outer loop
      vertex   1.626947e-02 -3.654182e-02 9.000000e-02
      vertex   1.446397e-02 -4.211494e-02 9.093217e-02
      vertex   1.102549e-02 -3.845047e-02 9.000000e-02
    endloop
  endfacet
  facet normal 3.811289e-02 -1.793071e-01 -9.830546e-01
    outer loop
      vertex   5.566924e-03 -3.961072e-02 9.000000e-02
      vertex   1.102549e-02 -3.845047e-02 9.000000e-02
      vertex   1.005318e-02 -4.202181e-02 9.061371e-02
    endloop
  endfacet
  facet normal 4.620813e-01 4.052345e-01 7.888383e-01
    outer loop
      vertex   3.533293e-02 2.711191e-02 1.058182e-01
      vertex   3.496755e-02 3.066092e-02 1.042091e-01
      vertex   3.149183e-02 3.149183e-02 1.058182e-01
    endloop
  endfacet
  facet normal -8.078383e-01 -5.631572e-01 -1.739289e-01
    outer loop
      vertex   -3.864046e-02 -2.985415e-02 9.412360e-02
      vertex   -3.657721e-02 -3.386494e-02 9.752693e-02
      vertex   -3.877611e-02 -3.126493e-02 9.932160e-02
    endloop
  endfacet
  facet normal -2.561708e-01 3.132762e-01 9.144586e-01
    outer loop
      vertex   -1.874853e-02 1.961166e-02 2.169150e-01
      vertex   -1.567885e-02 1.505547e-02 2.193358e-01
      vertex   -1.126468e-02 1.911520e-02 2.191815e-01
    endloop
  endfacet
  facet normal -7.391030e-01 3.838143e-01 -5.535461e-01
    outer loop
      vertex   -4.470347e-02 2.189792e-02 9.658730e-02
      vertex   -4.279886e-02 2.050049e-02 9.307529e-02
      vertex   -4.624617e-02 1.735223e-02 9.549526e-02
    endloop
  endfacet
  facet normal 4.331059e-01 4.717374e-01 7.680385e-01
    outer loop
      vertex   3.417230e-02 3.356724e-02 1.030319e-01
      vertex   3.149536e-02 3.668044e-02 1.026293e-01
      vertex   3.149183e-02 3.149183e-02 1.058182e-01
    endloop
  endfacet
  facet normal 4.379947e-01 1.587386e-01 -8.848518e-01
    outer loop
      vertex   3.871068e-02 2.309016e-02 9.102059e-02
      vertex   4.141854e-02 2.082546e-02 9.195469e-02
      vertex   3.867334e-02 1.904732e-02 9.027684e-02
    endloop
  endfacet
  facet normal 6.048400e-01 -1.983267e-01 7.712555e-01
    outer loop
      vertex   4.301864e-02 -1.152681e-02 1.058182e-01
      vertex   4.384573e-02 -1.486293e-02 1.043117e-01
      vertex   4.618421e-02 -1.288231e-02 1.029871e-01
    endloop
  endfacet
  facet normal 2.283236e-01 -5.409132e-01 -8.094944e-01
    outer loop
      vertex   1.716264e-02 -4.578085e-02 9.414295e-02
      vertex   1.446397e-02 -4.211494e-02 9.093217e-02
      vertex   1.917191e-02 -4.124218e-02 9.167688e-02
    endloop
  endfacet
  facet normal -2.975937e-01 -3.244249e-01 -8.978789e-01
    outer loop
      vertex   -3.114128e-02 -3.041812e-02 9.078691e-02
      vertex   -3.469334e-02 -3.201340e-02 9.254063e-02
      vertex   -3.456557e-02 -2.762537e-02 9.091278e-02
    endloop
  endfacet
  facet normal -9.285684e-01 -3.524567e-01 1.163402e-01
    outer loop
      vertex   -4.761057e-02 -1.467968e-02 9.701929e-02
      vertex   -4.570595e-02 -1.972795e-02 9.692709e-02
      vertex   -4.642121e-02 -1.651823e-02 1.009422e-01
    endloop
  endfacet
  facet normal -1.600754e-01 -3.991121e-02 -9.862976e-01
    outer loop
      vertex   -3.804226e-02 -1.236068e-02 9.000000e-02
      vertex   -4.274671e-02 -9.722826e-03 9.065679e-02
      vertex   -3.939231e-02 -6.945927e-03 9.000000e-02
    endloop
  endfacet
  facet normal -1.575836e-01 -1.492247e-01 -9.761657e-01
    outer loop
      vertex   -3.114128e-02 -3.041812e-02 9.078691e-02
      vertex   -3.456557e-02 -2.762537e-02 9.091278e-02
      vertex   -2.972579e-02 -2.676522e-02 9.000000e-02
    endloop
  endfacet
  facet normal -5.424403e-01 -8.385734e-01 5.052880e-02
    outer loop
      vertex   -3.004456e-02 -3.874276e-02 1.015759e-01
      vertex   -3.105430e-02 -3.843153e-02 9.590122e-02
      vertex   -2.736434e-02 -4.080757e-02 9.608131e-02
    endloop
  endfacet
  facet normal -4.209608e-01 -5.269089e-01 -7.383489e-01
    outer loop
      vertex   -2.981113e-02 -3.411113e-02 9.116187e-02
      vertex   -2.838690e-02 -3.771310e-02 9.292034e-02
      vertex   -3.334393e-02 -3.562876e-02 9.425908e-02
    endloop
  endfacet
  facet normal -4.447726e-01 -6.946148e-01 -5.654093e-01
    outer loop
      vertex   -3.105430e-02 -3.843153e-02 9.590122e-02
      vertex   -3.334393e-02 -3.562876e-02 9.425908e-02
      vertex   -2.838690e-02 -3.771310e-02 9.292034e-02
    endloop
  endfacet
  facet normal -5.172324e-01 6.270568e-01 -5.824692e-01
    outer loop
      vertex   -3.134946e-02 3.493218e-02 9.178893e-02
      vertex   -3.432050e-02 3.508835e-02 9.459534e-02
      vertex   -3.164004e-02 3.801948e-02 9.537060e-02
    endloop
  endfacet
  facet normal -1.478993e-01 -1.524842e-01 -9.771767e-01
    outer loop
      vertex   -2.571151e-02 -3.064178e-02 9.000000e-02
      vertex   -2.981113e-02 -3.411113e-02 9.116187e-02
      vertex   -3.114128e-02 -3.041812e-02 9.078691e-02
    endloop
  endfacet
  facet normal 5.262086e-01 -7.434922e-01 -4.127031e-01
    outer loop
      vertex   2.451490e-02 -4.075031e-02 9.336864e-02
      vertex   2.398712e-02 -4.347158e-02 9.759811e-02
      vertex   2.128641e-02 -4.332458e-02 9.388979e-02
    endloop
  endfacet
  facet normal 7.086528e-01 6.862322e-01 -1.640020e-01
    outer loop
      vertex   3.678100e-02 3.244307e-02 9.461137e-02
      vertex   3.732185e-02 3.286939e-02 9.873220e-02
      vertex   4.002321e-02 2.969630e-02 9.712765e-02
    endloop
  endfacet
  facet normal -5.615049e-01 -8.256681e-01 5.462895e-02
    outer loop
      vertex   -3.374649e-02 -3.630426e-02 1.003812e-01
      vertex   -3.105430e-02 -3.843153e-02 9.590122e-02
      vertex   -3.004456e-02 -3.874276e-02 1.015759e-01
    endloop
  endfacet
  facet normal 1.005238e-01 -8.408330e-01 -5.318786e-01
    outer loop
      vertex   3.719348e-03 -4.706488e-02 9.245416e-02
      vertex   4.148672e-03 -4.923734e-02 9.596968e-02
      vertex   -4.748738e-04 -4.851580e-02 9.395517e-02
    endloop
  endfacet
  facet normal -9.969400e-01 -2.723537e-02 7.327225e-02
    outer loop
      vertex   -4.900836e-02 1.023919e-03 1.012656e-01
      vertex   -4.934051e-02 5.784983e-03 9.851618e-02
      vertex   -4.944158e-02 1.158915e-03 9.542144e-02
    endloop
  endfacet
  facet normal -4.889328e-01 -2.908541e-01 -8.224041e-01
    outer loop
      vertex   -3.864046e-02 -2.985415e-02 9.412360e-02
      vertex   -3.456557e-02 -2.762537e-02 9.091278e-02
      vertex   -3.469334e-02 -3.201340e-02 9.254063e-02
    endloop
  endfacet
  facet normal 8.005229e-01 4.996608e-01 -3.309112e-01
    outer loop
      vertex   4.702510e-02 1.619733e-02 9.662665e-02
      vertex   4.436460e-02 1.859611e-02 9.381258e-02
      vertex   4.592175e-02 1.945772e-02 9.888054e-02
    endloop
  endfacet
  facet normal -1.620647e-01 -1.266188e-01 -9.786229e-01
    outer loop
      vertex   -3.316150e-02 -2.236772e-02 9.000000e-02
      vertex   -2.972579e-02 -2.676522e-02 9.000000e-02
      vertex   -3.456557e-02 -2.762537e-02 9.091278e-02
    endloop
  endfacet
  facet normal -1.592380e-01 -6.433635e-02 -9.851417e-01
    outer loop
      vertex   -3.804226e-02 -1.236068e-02 9.000000e-02
      vertex   -3.595176e-02 -1.753485e-02 9.000000e-02
      vertex   -4.065806e-02 -1.670162e-02 9.070631e-02
    endloop
  endfacet
  facet normal 9.447384e-01 2.308482e-01 -2.327625e-01
    outer loop
      vertex   4.923008e-02 5.849896e-03 9.573912e-02
      vertex   4.810236e-02 9.006898e-03 9.429296e-02
      vertex   4.921172e-02 8.550802e-03 9.834330e-02
    endloop
  endfacet
  facet normal -6.571974e-01 -2.212786e-03 7.537153e-01
    outer loop
      vertex   -4.453618e-02 1.165600e-16 1.058182e-01
      vertex   -4.647701e-02 2.272575e-03 1.041326e-01
      vertex   -4.681348e-02 -3.207291e-03 1.038231e-01
    endloop
  endfacet
  facet normal -9.619804e-01 2.665730e-01 5.943544e-02
    outer loop
      vertex   -4.828065e-02 1.137671e-02 9.646287e-02
      vertex   -4.857905e-02 9.397460e-03 1.005104e-01
      vertex   -4.703690e-02 1.490660e-02 1.007616e-01
    endloop
  endfacet
  facet normal -7.718645e-01 1.883698e-01 6.072413e-01
    outer loop
      vertex   -4.565141e-02 1.020557e-02 1.039810e-01
      vertex   -4.703690e-02 1.490660e-02 1.007616e-01
      vertex   -4.857905e-02 9.397460e-03 1.005104e-01
    endloop
  endfacet
  facet normal -2.676452e-01 2.705355e-02 9.631377e-01
    outer loop
      vertex   -1.217818e-02 5.732866e-04 2.221122e-01
      vertex   -1.874222e-02 4.697770e-03 2.201723e-01
      vertex   -1.841399e-02 -2.186296e-03 2.204569e-01
    endloop
  endfacet
  facet normal 2.336815e-02 2.265489e-01 -9.737194e-01
    outer loop
      vertex   1.368081e-02 3.758770e-02 9.000000e-02
      vertex   1.162390e-02 4.219591e-02 9.102280e-02
      vertex   1.604445e-02 4.205695e-02 9.109655e-02
    endloop
  endfacet
  facet normal 7.308133e-01 -2.035682e-01 -6.515151e-01
    outer loop
      vertex   4.846477e-02 -8.942342e-03 9.508010e-02
      vertex   4.735648e-02 -1.400439e-02 9.541858e-02
      vertex   4.536841e-02 -1.170227e-02 9.246922e-02
    endloop
  endfacet
  facet normal 1.893040e-01 -1.989670e-02 -9.817169e-01
    outer loop
      vertex   3.997563e-02 -1.395980e-03 9.000000e-02
      vertex   4.427145e-02 -2.069448e-03 9.084201e-02
      vertex   3.939231e-02 -6.945927e-03 9.000000e-02
    endloop
  endfacet
  facet normal -3.490935e-01 2.286953e-01 -9.087531e-01
    outer loop
      vertex   -3.134946e-02 3.493218e-02 9.178893e-02
      vertex   -3.096307e-02 3.108111e-02 9.067135e-02
      vertex   -3.642640e-02 3.034999e-02 9.258607e-02
    endloop
  endfacet
  facet normal -5.432240e-01 2.876700e-01 -7.887672e-01
    outer loop
      vertex   -3.941297e-02 2.267493e-02 9.166714e-02
      vertex   -4.147039e-02 2.604003e-02 9.431136e-02
      vertex   -3.687611e-02 2.583819e-02 9.107367e-02
    endloop
  endfacet
  facet normal -1.847636e-01 2.567610e-01 -9.486497e-01
    outer loop
      vertex   -3.096307e-02 3.108111e-02 9.067135e-02
      vertex   -3.134946e-02 3.493218e-02 9.178893e-02
      vertex   -2.750451e-02 3.242917e-02 9.036261e-02
    endloop
  endfacet
  facet normal -6.889245e-02 2.789727e-01 -9.578247e-01
    outer loop
      vertex   -2.649337e-02 3.582760e-02 9.049604e-02
      vertex   -2.313900e-02 4.010997e-02 9.150205e-02
      vertex   -2.222377e-02 3.629158e-02 9.032409e-02
    endloop
  endfacet
  facet normal -6.288450e-01 2.134637e-01 7.476544e-01
    outer loop
      vertex   -4.114606e-02 1.704326e-02 1.058182e-01
      vertex   -4.565141e-02 1.020557e-02 1.039810e-01
      vertex   -4.301864e-02 1.152681e-02 1.058182e-01
    endloop
  endfacet
  facet normal 8.622010e-01 -4.387921e-01 -2.531226e-01
    outer loop
      vertex   3.434750e-02 -3.524451e-02 9.506392e-02
      vertex   3.530467e-02 -3.227588e-02 9.317814e-02
      vertex   3.588869e-02 -3.444990e-02 9.893614e-02
    endloop
  endfacet
  facet normal 8.956965e-01 2.184302e-01 3.873190e-01
    outer loop
      vertex   4.710978e-02 8.830950e-03 1.030462e-01
      vertex   4.921172e-02 8.550802e-03 9.834330e-02
      vertex   4.835836e-02 1.230690e-02 9.819846e-02
    endloop
  endfacet
  facet normal 8.348937e-01 4.702341e-02 -5.483989e-01
    outer loop
      vertex   4.923008e-02 5.849896e-03 9.573912e-02
      vertex   4.715950e-02 4.443479e-03 9.246622e-02
      vertex   4.810236e-02 9.006898e-03 9.429296e-02
    endloop
  endfacet
  facet normal 2.489594e-01 -5.981951e-01 7.616966e-01
    outer loop
      vertex   1.704326e-02 -4.114606e-02 1.058182e-01
      vertex   1.571283e-02 -4.560403e-02 1.027520e-01
      vertex   2.048102e-02 -4.243610e-02 1.036814e-01
    endloop
  endfacet
  facet normal -8.672609e-01 4.834627e-01 -1.188376e-01
    outer loop
      vertex   -4.147039e-02 2.604003e-02 9.431136e-02
      vertex   -4.060027e-02 2.880818e-02 9.922295e-02
      vertex   -3.951370e-02 2.994958e-02 9.593681e-02
    endloop
  endfacet
  facet normal -5.708894e-01 5.223328e-01 -6.334459e-01
    outer loop
      vertex   -3.134946e-02 3.493218e-02 9.178893e-02
      vertex   -3.642640e-02 3.034999e-02 9.258607e-02
      vertex   -3.432050e-02 3.508835e-02 9.459534e-02
    endloop
  endfacet
  facet normal -6.924150e-01 6.894464e-01 -2.126622e-01
    outer loop
      vertex   -3.478062e-02 3.576981e-02 9.830274e-02
      vertex   -3.164004e-02 3.801948e-02 9.537060e-02
      vertex   -3.432050e-02 3.508835e-02 9.459534e-02
    endloop
  endfacet
  facet normal -3.070761e-01 4.727751e-01 -8.259467e-01
    outer loop
      vertex   -2.801964e-02 3.914920e-02 9.296478e-02
      vertex   -2.649337e-02 3.582760e-02 9.049604e-02
      vertex   -3.134946e-02 3.493218e-02 9.178893e-02
    endloop
  endfacet
  facet normal -1.320665e-01 6.095595e-01 -7.816621e-01
    outer loop
      vertex   -2.313900e-02 4.010997e-02 9.150205e-02
      vertex   -2.046971e-02 4.438847e-02 9.438753e-02
      vertex   -1.781210e-02 4.034434e-02 9.078480e-02
    endloop
  endfacet
  facet normal -6.429836e-02 1.028989e-01 -9.926115e-01
    outer loop
      vertex   -1.877886e-02 3.531790e-02 9.000000e-02
      vertex   -2.351141e-02 3.236068e-02 9.000000e-02
      vertex   -2.222377e-02 3.629158e-02 9.032409e-02
    endloop
  endfacet
  facet normal -6.081660e-01 1.209720e-01 7.845380e-01
    outer loop
      vertex   -4.415516e-02 5.813138e-03 1.058182e-01
      vertex   -4.301864e-02 1.152681e-02 1.058182e-01
      vertex   -4.565141e-02 1.020557e-02 1.039810e-01
    endloop
  endfacet
  facet normal -4.345272e-01 -3.811482e-01 -8.160344e-01
    outer loop
      vertex   -3.864046e-02 -2.985415e-02 9.412360e-02
      vertex   -3.747929e-02 -2.484508e-02 9.116570e-02
      vertex   -3.456557e-02 -2.762537e-02 9.091278e-02
    endloop
  endfacet
  facet normal -8.600006e-01 -4.998486e-01 1.027146e-01
    outer loop
      vertex   -4.388248e-02 -2.341634e-02 9.676683e-02
      vertex   -4.170321e-02 -2.712972e-02 9.694256e-02
      vertex   -4.279528e-02 -2.442237e-02 1.009740e-01
    endloop
  endfacet
  facet normal -6.112980e-01 6.223544e-01 -4.888658e-01
    outer loop
      vertex   -3.642640e-02 3.034999e-02 9.258607e-02
      vertex   -3.951370e-02 2.994958e-02 9.593681e-02
      vertex   -3.752059e-02 3.288805e-02 9.718538e-02
    endloop
  endfacet
  facet normal -7.876224e-01 -4.506076e-01 -4.202424e-01
    outer loop
      vertex   -4.170321e-02 -2.712972e-02 9.694256e-02
      vertex   -4.103460e-02 -2.453318e-02 9.290529e-02
      vertex   -3.864046e-02 -2.985415e-02 9.412360e-02
    endloop
  endfacet
  facet normal -3.367037e-01 4.571243e-01 -8.232059e-01
    outer loop
      vertex   -2.801964e-02 3.914920e-02 9.296478e-02
      vertex   -2.313900e-02 4.010997e-02 9.150205e-02
      vertex   -2.649337e-02 3.582760e-02 9.049604e-02
    endloop
  endfacet
  facet normal -7.473147e-02 1.678496e-01 -9.829760e-01
    outer loop
      vertex   -1.781210e-02 4.034434e-02 9.078480e-02
      vertex   -1.368081e-02 3.758770e-02 9.000000e-02
      vertex   -1.877886e-02 3.531790e-02 9.000000e-02
    endloop
  endfacet
  facet normal -6.817417e-01 2.862439e-01 6.732701e-01
    outer loop
      vertex   -4.548782e-02 1.962731e-02 1.003232e-01
      vertex   -4.703690e-02 1.490660e-02 1.007616e-01
      vertex   -4.114606e-02 1.704326e-02 1.058182e-01
    endloop
  endfacet
  facet normal -6.973616e-01 5.267660e-01 4.860086e-01
    outer loop
      vertex   -4.060027e-02 2.880818e-02 9.922295e-02
      vertex   -4.291007e-02 2.438228e-02 1.007057e-01
      vertex   -3.886848e-02 2.716932e-02 1.034842e-01
    endloop
  endfacet
  facet normal -9.806992e-01 1.942042e-01 2.266665e-02
    outer loop
      vertex   -4.934051e-02 5.784983e-03 9.851618e-02
      vertex   -4.857905e-02 9.397460e-03 1.005104e-01
      vertex   -4.828065e-02 1.137671e-02 9.646287e-02
    endloop
  endfacet
  facet normal -5.600777e-01 2.975002e-01 7.731796e-01
    outer loop
      vertex   -4.233617e-02 2.052576e-02 1.037601e-01
      vertex   -3.856946e-02 2.226809e-02 1.058182e-01
      vertex   -4.088611e-02 2.358513e-02 1.036333e-01
    endloop
  endfacet
  facet normal 7.730995e-02 3.770660e-02 -9.962938e-01
    outer loop
      vertex   3.464102e-02 2.000000e-02 9.000000e-02
      vertex   3.867334e-02 1.904732e-02 9.027684e-02
      vertex   3.708735e-02 1.498426e-02 9.000000e-02
    endloop
  endfacet
  facet normal -1.905509e-01 -3.387163e-02 -9.810928e-01
    outer loop
      vertex   -3.997563e-02 -1.395980e-03 9.000000e-02
      vertex   -4.570168e-02 -1.656931e-03 9.112114e-02
      vertex   -4.474823e-02 2.734704e-03 9.078434e-02
    endloop
  endfacet
  facet normal -5.363033e-01 7.413474e-01 -4.034635e-01
    outer loop
      vertex   -2.459748e-02 4.283498e-02 9.518837e-02
      vertex   -2.801964e-02 3.914920e-02 9.296478e-02
      vertex   -2.849154e-02 4.091861e-02 9.684328e-02
    endloop
  endfacet
  facet normal -3.287645e-01 6.925909e-01 -6.420527e-01
    outer loop
      vertex   -2.459748e-02 4.283498e-02 9.518837e-02
      vertex   -2.313900e-02 4.010997e-02 9.150205e-02
      vertex   -2.801964e-02 3.914920e-02 9.296478e-02
    endloop
  endfacet
  facet normal -5.373085e-02 1.873816e-01 -9.808166e-01
    outer loop
      vertex   -8.316467e-03 3.912591e-02 9.000000e-02
      vertex   -1.368081e-02 3.758770e-02 9.000000e-02
      vertex   -1.194231e-02 4.161724e-02 9.067459e-02
    endloop
  endfacet
  facet normal -4.888593e-01 4.431584e-01 7.514168e-01
    outer loop
      vertex   -3.685858e-02 3.182193e-02 1.020478e-01
      vertex   -3.886848e-02 2.716932e-02 1.034842e-01
      vertex   -3.533293e-02 2.711191e-02 1.058182e-01
    endloop
  endfacet
  facet normal -7.482965e-01 6.193261e-01 2.376712e-01
    outer loop
      vertex   -3.752059e-02 3.288805e-02 9.718538e-02
      vertex   -3.685858e-02 3.182193e-02 1.020478e-01
      vertex   -3.478062e-02 3.576981e-02 9.830274e-02
    endloop
  endfacet
  facet normal 4.480519e-01 -5.778157e-01 -6.821866e-01
    outer loop
      vertex   3.434750e-02 -3.524451e-02 9.506392e-02
      vertex   3.048138e-02 -3.404886e-02 9.151198e-02
      vertex   3.530467e-02 -3.227588e-02 9.317814e-02
    endloop
  endfacet
  facet normal 1.038428e-01 -2.783602e-01 -9.548467e-01
    outer loop
      vertex   2.571151e-02 -3.064178e-02 9.000000e-02
      vertex   3.048138e-02 -3.404886e-02 9.151198e-02
      vertex   2.550351e-02 -3.556446e-02 9.141246e-02
    endloop
  endfacet
  facet normal 8.304643e-01 -3.397428e-01 -4.414791e-01
    outer loop
      vertex   4.207946e-02 -2.064318e-02 1.103443e-01
      vertex   4.114606e-02 -1.704326e-02 1.058182e-01
      vertex   4.456186e-02 -1.556669e-02 1.111073e-01
    endloop
  endfacet
  facet normal -7.273719e-01 -5.491273e-01 -4.115693e-01
    outer loop
      vertex   -3.581870e-02 -3.192248e-02 1.130951e-01
      vertex   -3.985018e-02 -2.677917e-02 1.133576e-01
      vertex   -3.533293e-02 -2.711191e-02 1.058182e-01
    endloop
  endfacet
  facet normal 7.302329e-01 -5.476706e-01 -4.084321e-01
    outer loop
      vertex   3.626449e-02 -3.129767e-02 1.130964e-01
      vertex   3.533293e-02 -2.711191e-02 1.058182e-01
      vertex   4.084495e-02 -2.535707e-02 1.133200e-01
    endloop
  endfacet
  facet normal -3.759635e-01 6.678069e-01 -6.424059e-01
    outer loop
      vertex   -2.459748e-02 4.283498e-02 9.518837e-02
      vertex   -2.046971e-02 4.438847e-02 9.438753e-02
      vertex   -2.313900e-02 4.010997e-02 9.150205e-02
    endloop
  endfacet
  facet normal -1.153139e-01 4.553173e-01 -8.828300e-01
    outer loop
      vertex   -1.781210e-02 4.034434e-02 9.078480e-02
      vertex   -1.518213e-02 4.545079e-02 9.307491e-02
      vertex   -1.194231e-02 4.161724e-02 9.067459e-02
    endloop
  endfacet
  facet normal -2.592304e-01 3.456069e-01 -9.018622e-01
    outer loop
      vertex   -1.002193e-02 4.555798e-02 9.163275e-02
      vertex   -1.194231e-02 4.161724e-02 9.067459e-02
      vertex   -1.518213e-02 4.545079e-02 9.307491e-02
    endloop
  endfacet
  facet normal -2.539173e-02 1.806715e-01 -9.832157e-01
    outer loop
      vertex   -2.790259e-03 3.990256e-02 9.000000e-02
      vertex   -8.316467e-03 3.912591e-02 9.000000e-02
      vertex   -6.278682e-03 4.259718e-02 9.058524e-02
    endloop
  endfacet
  facet normal 7.706158e-01 -4.720759e-01 -4.281303e-01
    outer loop
      vertex   4.084495e-02 -2.535707e-02 1.133200e-01
      vertex   3.856946e-02 -2.226809e-02 1.058182e-01
      vertex   4.207946e-02 -2.064318e-02 1.103443e-01
    endloop
  endfacet
  facet normal 7.493058e-01 -5.006698e-01 -4.334404e-01
    outer loop
      vertex   3.856946e-02 -2.226809e-02 1.058182e-01
      vertex   4.084495e-02 -2.535707e-02 1.133200e-01
      vertex   3.533293e-02 -2.711191e-02 1.058182e-01
    endloop
  endfacet
  facet normal 6.790087e-01 -5.954748e-01 -4.293682e-01
    outer loop
      vertex   3.626449e-02 -3.129767e-02 1.130964e-01
      vertex   3.149183e-02 -3.149183e-02 1.058182e-01
      vertex   3.533293e-02 -2.711191e-02 1.058182e-01
    endloop
  endfacet
  facet normal -5.066803e-01 -1.932833e-01 -8.401885e-01
    outer loop
      vertex   -4.524342e-02 -1.727444e-02 9.360331e-02
      vertex   -4.065806e-02 -1.670162e-02 9.070631e-02
      vertex   -4.322017e-02 -2.089251e-02 9.321550e-02
    endloop
  endfacet
  facet normal -4.816924e-01 4.873750e-01 7.283118e-01
    outer loop
      vertex   -3.685858e-02 3.182193e-02 1.020478e-01
      vertex   -3.149183e-02 3.149183e-02 1.058182e-01
      vertex   -3.340264e-02 3.556210e-02 1.018307e-01
    endloop
  endfacet
  facet normal -5.531046e-01 8.257507e-01 1.105035e-01
    outer loop
      vertex   -2.849154e-02 4.091861e-02 9.684328e-02
      vertex   -3.086744e-02 3.894243e-02 9.971835e-02
      vertex   -2.590023e-02 4.216236e-02 1.005195e-01
    endloop
  endfacet
  facet normal -5.232320e-01 6.790466e-01 5.149018e-01
    outer loop
      vertex   -2.660316e-02 3.941825e-02 1.034241e-01
      vertex   -2.590023e-02 4.216236e-02 1.005195e-01
      vertex   -3.086744e-02 3.894243e-02 9.971835e-02
    endloop
  endfacet
  facet normal -5.606409e-01 8.274168e-01 -3.260693e-02
    outer loop
      vertex   -2.252331e-02 4.439626e-02 9.914336e-02
      vertex   -2.459748e-02 4.283498e-02 9.518837e-02
      vertex   -2.590023e-02 4.216236e-02 1.005195e-01
    endloop
  endfacet
  facet normal -4.832549e-01 8.499044e-01 -2.100649e-01
    outer loop
      vertex   -2.252331e-02 4.439626e-02 9.914336e-02
      vertex   -1.812023e-02 4.648815e-02 9.747767e-02
      vertex   -2.046971e-02 4.438847e-02 9.438753e-02
    endloop
  endfacet
  facet normal -7.405409e-01 -1.840707e-01 6.463104e-01
    outer loop
      vertex   -4.773728e-02 -1.141054e-02 1.010740e-01
      vertex   -4.446170e-02 -1.513109e-02 1.037675e-01
      vertex   -4.577491e-02 -9.112421e-03 1.039769e-01
    endloop
  endfacet
  facet normal -4.087637e-01 8.452059e-01 -3.442953e-01
    outer loop
      vertex   -1.201802e-02 4.766284e-02 9.474867e-02
      vertex   -1.518213e-02 4.545079e-02 9.307491e-02
      vertex   -1.433447e-02 4.779483e-02 9.782290e-02
    endloop
  endfacet
  facet normal -3.025798e-01 5.154030e-01 -8.017514e-01
    outer loop
      vertex   -1.781210e-02 4.034434e-02 9.078480e-02
      vertex   -2.046971e-02 4.438847e-02 9.438753e-02
      vertex   -1.518213e-02 4.545079e-02 9.307491e-02
    endloop
  endfacet
  facet normal -9.809800e-02 7.569167e-01 -6.461067e-01
    outer loop
      vertex   -4.439849e-03 4.644581e-02 9.182532e-02
      vertex   -1.002193e-02 4.555798e-02 9.163275e-02
      vertex   -7.873763e-03 4.850280e-02 9.475647e-02
    endloop
  endfacet
  facet normal -1.720687e-02 3.140801e-01 -9.492405e-01
    outer loop
      vertex   -1.002193e-02 4.555798e-02 9.163275e-02
      vertex   -4.439849e-03 4.644581e-02 9.182532e-02
      vertex   -6.278682e-03 4.259718e-02 9.058524e-02
    endloop
  endfacet
  facet normal 8.363059e-01 2.838871e-01 -4.690423e-01
    outer loop
      vertex   4.114606e-02 1.704326e-02 1.058182e-01
      vertex   4.508086e-02 1.402144e-02 1.110050e-01
      vertex   4.301864e-02 1.152681e-02 1.058182e-01
    endloop
  endfacet
  facet normal -2.205128e-01 -8.049409e-01 -5.508577e-01
    outer loop
      vertex   -1.283351e-02 -4.530039e-02 9.258900e-02
      vertex   -1.368853e-02 -4.772898e-02 9.648005e-02
      vertex   -1.886580e-02 -4.476164e-02 9.421652e-02
    endloop
  endfacet
  facet normal 5.858493e-02 -8.938362e-01 -4.445498e-01
    outer loop
      vertex   -1.116843e-16 -4.453618e-02 1.058182e-01
      vertex   5.813138e-03 -4.415516e-02 1.058182e-01
      vertex   -1.145707e-16 -4.784347e-02 1.124680e-01
    endloop
  endfacet
  facet normal -3.277161e-01 7.250724e-01 6.056998e-01
    outer loop
      vertex   -2.203158e-02 4.162912e-02 1.032510e-01
      vertex   -2.590023e-02 4.216236e-02 1.005195e-01
      vertex   -2.660316e-02 3.941825e-02 1.034241e-01
    endloop
  endfacet
  facet normal 6.661865e-01 -6.159940e-01 -4.204128e-01
    outer loop
      vertex   3.149183e-02 -3.149183e-02 1.058182e-01
      vertex   3.626449e-02 -3.129767e-02 1.130964e-01
      vertex   3.130794e-02 -3.528875e-02 1.110901e-01
    endloop
  endfacet
  facet normal 3.188589e-01 8.108287e-01 -4.908011e-01
    outer loop
      vertex   2.407652e-02 4.171811e-02 9.340424e-02
      vertex   2.015825e-02 4.261530e-02 9.234086e-02
      vertex   2.255170e-02 4.418816e-02 9.649426e-02
    endloop
  endfacet
  facet normal -1.103413e-01 9.935175e-02 -9.889156e-01
    outer loop
      vertex   -3.152043e-02 2.462646e-02 9.000000e-02
      vertex   -3.333426e-02 2.807479e-02 9.054882e-02
      vertex   -2.778634e-02 2.877359e-02 9.000000e-02
    endloop
  endfacet
  facet normal 3.717247e-01 -8.193503e-01 -4.364469e-01
    outer loop
      vertex   1.555207e-02 -4.437892e-02 1.106172e-01
      vertex   1.704326e-02 -4.114606e-02 1.058182e-01
      vertex   2.119503e-02 -4.301479e-02 1.128625e-01
    endloop
  endfacet
  facet normal -1.548582e-01 7.697983e-01 -6.192169e-01
    outer loop
      vertex   -1.201802e-02 4.766284e-02 9.474867e-02
      vertex   -7.873763e-03 4.850280e-02 9.475647e-02
      vertex   -1.002193e-02 4.555798e-02 9.163275e-02
    endloop
  endfacet
  facet normal -5.481999e-02 5.021805e-01 -8.630235e-01
    outer loop
      vertex   7.516704e-05 4.824095e-02 9.325841e-02
      vertex   3.790291e-03 4.523366e-02 9.127253e-02
      vertex   -7.208183e-04 4.392067e-02 9.079507e-02
    endloop
  endfacet
  facet normal 3.744851e-02 2.253616e-01 -9.735552e-01
    outer loop
      vertex   3.790291e-03 4.523366e-02 9.127253e-02
      vertex   2.790259e-03 3.990256e-02 9.000000e-02
      vertex   -7.208183e-04 4.392067e-02 9.079507e-02
    endloop
  endfacet
  facet normal 1.035693e-01 2.125050e-01 -9.716558e-01
    outer loop
      vertex   2.790259e-03 3.990256e-02 9.000000e-02
      vertex   3.790291e-03 4.523366e-02 9.127253e-02
      vertex   7.433158e-03 4.359619e-02 9.130270e-02
    endloop
  endfacet
  facet normal 3.396447e-02 9.071377e-01 -4.194611e-01
    outer loop
      vertex   1.846148e-03 4.788371e-02 1.132071e-01
      vertex   8.879417e-17 4.453618e-02 1.058182e-01
      vertex   -3.299144e-03 4.663400e-02 1.100879e-01
    endloop
  endfacet
  facet normal 1.115510e-01 5.049370e-01 -8.559176e-01
    outer loop
      vertex   7.433158e-03 4.359619e-02 9.130270e-02
      vertex   1.018650e-02 4.746177e-02 9.394198e-02
      vertex   1.162390e-02 4.219591e-02 9.102280e-02
    endloop
  endfacet
  facet normal -5.201804e-01 6.781733e-01 5.191274e-01
    outer loop
      vertex   -1.894842e-02 4.473625e-02 1.022814e-01
      vertex   -2.252331e-02 4.439626e-02 9.914336e-02
      vertex   -2.203158e-02 4.162912e-02 1.032510e-01
    endloop
  endfacet
  facet normal 1.114146e-01 9.099922e-01 -3.993756e-01
    outer loop
      vertex   5.813138e-03 4.415516e-02 1.058182e-01
      vertex   1.846148e-03 4.788371e-02 1.132071e-01
      vertex   9.213833e-03 4.712351e-02 1.135304e-01
    endloop
  endfacet
  facet normal -4.156126e-02 3.243569e-01 -9.450213e-01
    outer loop
      vertex   -4.439849e-03 4.644581e-02 9.182532e-02
      vertex   -7.208183e-04 4.392067e-02 9.079507e-02
      vertex   -6.278682e-03 4.259718e-02 9.058524e-02
    endloop
  endfacet
  facet normal -3.263081e-01 9.047682e-01 2.737109e-01
    outer loop
      vertex   -2.252331e-02 4.439626e-02 9.914336e-02
      vertex   -1.894842e-02 4.473625e-02 1.022814e-01
      vertex   -1.812023e-02 4.648815e-02 9.747767e-02
    endloop
  endfacet
  facet normal -3.987364e-01 8.815466e-01 2.527548e-01
    outer loop
      vertex   -1.577095e-02 4.646179e-02 1.012757e-01
      vertex   -1.812023e-02 4.648815e-02 9.747767e-02
      vertex   -1.894842e-02 4.473625e-02 1.022814e-01
    endloop
  endfacet
  facet normal -3.360927e-01 9.171352e-01 2.142538e-01
    outer loop
      vertex   -1.812023e-02 4.648815e-02 9.747767e-02
      vertex   -1.577095e-02 4.646179e-02 1.012757e-01
      vertex   -1.433447e-02 4.779483e-02 9.782290e-02
    endloop
  endfacet
  facet normal -1.504073e-01 9.763577e-01 -1.552522e-01
    outer loop
      vertex   -1.016091e-02 4.870867e-02 9.952658e-02
      vertex   -1.201802e-02 4.766284e-02 9.474867e-02
      vertex   -1.433447e-02 4.779483e-02 9.782290e-02
    endloop
  endfacet
  facet normal 7.871251e-01 -3.323931e-01 -5.195660e-01
    outer loop
      vertex   4.603443e-02 -1.855287e-02 9.632561e-02
      vertex   4.367010e-02 -1.773613e-02 9.222122e-02
      vertex   4.735648e-02 -1.400439e-02 9.541858e-02
    endloop
  endfacet
  facet normal -5.073688e-02 9.855765e-02 -9.938371e-01
    outer loop
      vertex   -2.222377e-02 3.629158e-02 9.032409e-02
      vertex   -2.351141e-02 3.236068e-02 9.000000e-02
      vertex   -2.649337e-02 3.582760e-02 9.049604e-02
    endloop
  endfacet
  facet normal -1.379545e-01 8.896620e-01 -4.352815e-01
    outer loop
      vertex   -5.813138e-03 4.415516e-02 1.058182e-01
      vertex   -1.094176e-02 4.559142e-02 1.103791e-01
      vertex   -3.299144e-03 4.663400e-02 1.100879e-01
    endloop
  endfacet
  facet normal 8.387914e-01 3.516398e-01 -4.156663e-01
    outer loop
      vertex   4.098601e-02 2.366328e-02 1.110955e-01
      vertex   4.421289e-02 1.945515e-02 1.140473e-01
      vertex   4.114606e-02 1.704326e-02 1.058182e-01
    endloop
  endfacet
  facet normal -3.386071e-01 5.067616e-01 7.928038e-01
    outer loop
      vertex   -2.711191e-02 3.533293e-02 1.058182e-01
      vertex   -2.226809e-02 3.856946e-02 1.058182e-01
      vertex   -2.660316e-02 3.941825e-02 1.034241e-01
    endloop
  endfacet
  facet normal 1.122895e-01 -6.483041e-02 -9.915584e-01
    outer loop
      vertex   3.316150e-02 -2.236772e-02 9.000000e-02
      vertex   3.595176e-02 -1.753485e-02 9.000000e-02
      vertex   3.694195e-02 -2.115495e-02 9.034883e-02
    endloop
  endfacet
  facet normal -1.933600e-01 9.396316e-01 2.823197e-01
    outer loop
      vertex   -1.577095e-02 4.646179e-02 1.012757e-01
      vertex   -1.233941e-02 4.669530e-02 1.028488e-01
      vertex   -1.433447e-02 4.779483e-02 9.782290e-02
    endloop
  endfacet
  facet normal -4.937026e-01 -2.247991e-01 -8.400733e-01
    outer loop
      vertex   -4.322017e-02 -2.089251e-02 9.321550e-02
      vertex   -3.905359e-02 -2.109889e-02 9.082208e-02
      vertex   -4.103460e-02 -2.453318e-02 9.290529e-02
    endloop
  endfacet
  facet normal 7.698448e-01 5.516662e-01 3.209413e-01
    outer loop
      vertex   4.068229e-02 2.590422e-02 1.028679e-01
      vertex   4.398112e-02 2.285556e-02 1.001953e-01
      vertex   4.253642e-02 2.586862e-02 9.848152e-02
    endloop
  endfacet
  facet normal -7.228993e-01 5.548314e-01 -4.117994e-01
    outer loop
      vertex   -4.098601e-02 2.366328e-02 1.110955e-01
      vertex   -3.882799e-02 2.892269e-02 1.143934e-01
      vertex   -3.533293e-02 2.711191e-02 1.058182e-01
    endloop
  endfacet
  facet normal 8.568592e-02 9.555897e-01 -2.819685e-01
    outer loop
      vertex   -1.213746e-03 4.966475e-02 9.769200e-02
      vertex   7.516704e-05 4.824095e-02 9.325841e-02
      vertex   -3.775350e-03 4.908420e-02 9.494606e-02
    endloop
  endfacet
  facet normal -4.396219e-02 9.473967e-01 -3.170281e-01
    outer loop
      vertex   7.516704e-05 4.824095e-02 9.325841e-02
      vertex   -1.213746e-03 4.966475e-02 9.769200e-02
      vertex   3.154043e-03 4.979623e-02 9.747923e-02
    endloop
  endfacet
  facet normal 9.891692e-02 6.305533e-01 -7.698168e-01
    outer loop
      vertex   5.754382e-03 4.866368e-02 9.433441e-02
      vertex   3.790291e-03 4.523366e-02 9.127253e-02
      vertex   7.516704e-05 4.824095e-02 9.325841e-02
    endloop
  endfacet
  facet normal 6.850008e-02 5.288100e-01 -8.459715e-01
    outer loop
      vertex   1.018650e-02 4.746177e-02 9.394198e-02
      vertex   7.433158e-03 4.359619e-02 9.130270e-02
      vertex   5.754382e-03 4.866368e-02 9.433441e-02
    endloop
  endfacet
  facet normal -8.961094e-02 -1.685337e-01 -9.816141e-01
    outer loop
      vertex   -2.119677e-02 -3.392192e-02 9.000000e-02
      vertex   -1.626947e-02 -3.654182e-02 9.000000e-02
      vertex   -2.040737e-02 -3.922811e-02 9.083896e-02
    endloop
  endfacet
  facet normal -1.209250e-01 -1.214204e-01 -9.852077e-01
    outer loop
      vertex   -1.566072e-02 -4.144560e-02 9.052964e-02
      vertex   -2.040737e-02 -3.922811e-02 9.083896e-02
      vertex   -1.626947e-02 -3.654182e-02 9.000000e-02
    endloop
  endfacet
  facet normal -4.897457e-01 -7.329566e-01 -4.721481e-01
    outer loop
      vertex   -2.711191e-02 -3.533293e-02 1.058182e-01
      vertex   -2.226809e-02 -3.856946e-02 1.058182e-01
      vertex   -2.612498e-02 -3.883173e-02 1.102260e-01
    endloop
  endfacet
  facet normal 9.603496e-01 -2.659713e-01 -8.359339e-02
    outer loop
      vertex   4.749758e-02 -1.477638e-02 9.949580e-02
      vertex   4.735648e-02 -1.400439e-02 9.541858e-02
      vertex   4.878433e-02 -1.008473e-02 9.935093e-02
    endloop
  endfacet
  facet normal -5.803797e-01 -7.866845e-01 2.104447e-01
    outer loop
      vertex   -2.126092e-02 -4.494537e-02 9.906597e-02
      vertex   -2.347889e-02 -4.242317e-02 1.023776e-01
      vertex   -2.384137e-02 -4.357531e-02 9.707101e-02
    endloop
  endfacet
  facet normal -3.246473e-01 -8.513218e-01 4.121350e-01
    outer loop
      vertex   -1.611290e-02 -4.507890e-02 1.030006e-01
      vertex   -1.979384e-02 -4.359657e-02 1.031630e-01
      vertex   -1.742232e-02 -4.636861e-02 9.930510e-02
    endloop
  endfacet
  facet normal -7.692448e-01 -4.718360e-01 -4.308518e-01
    outer loop
      vertex   -4.170321e-02 -2.712972e-02 9.694256e-02
      vertex   -4.388248e-02 -2.341634e-02 9.676683e-02
      vertex   -4.103460e-02 -2.453318e-02 9.290529e-02
    endloop
  endfacet
  facet normal -7.256229e-01 5.510341e-01 -4.121077e-01
    outer loop
      vertex   -3.458694e-02 3.245161e-02 1.116445e-01
      vertex   -3.533293e-02 2.711191e-02 1.058182e-01
      vertex   -3.882799e-02 2.892269e-02 1.143934e-01
    endloop
  endfacet
  facet normal 8.315768e-01 3.664906e-01 -4.173303e-01
    outer loop
      vertex   4.114606e-02 1.704326e-02 1.058182e-01
      vertex   4.421289e-02 1.945515e-02 1.140473e-01
      vertex   4.508086e-02 1.402144e-02 1.110050e-01
    endloop
  endfacet
  facet normal -6.761927e-01 -5.930052e-01 -4.371593e-01
    outer loop
      vertex   -3.149183e-02 -3.149183e-02 1.058182e-01
      vertex   -3.581870e-02 -3.192248e-02 1.130951e-01
      vertex   -3.533293e-02 -2.711191e-02 1.058182e-01
    endloop
  endfacet
  facet normal -8.963360e-01 1.495331e-01 -4.173987e-01
    outer loop
      vertex   -4.565645e-02 1.243348e-02 1.114138e-01
      vertex   -4.415516e-02 5.813138e-03 1.058182e-01
      vertex   -4.760873e-02 4.661475e-03 1.128219e-01
    endloop
  endfacet
  facet normal -8.991319e-01 5.895272e-02 -4.336892e-01
    outer loop
      vertex   -4.453618e-02 1.165600e-16 1.058182e-01
      vertex   -4.725121e-02 -1.613575e-03 1.112277e-01
      vertex   -4.760873e-02 4.661475e-03 1.128219e-01
    endloop
  endfacet
  facet normal -2.715111e-01 -5.505696e-01 7.894016e-01
    outer loop
      vertex   -1.704326e-02 -4.114606e-02 1.058182e-01
      vertex   -2.226809e-02 -3.856946e-02 1.058182e-01
      vertex   -1.979384e-02 -4.359657e-02 1.031630e-01
    endloop
  endfacet
  facet normal -3.332524e-01 5.659991e-01 7.540477e-01
    outer loop
      vertex   -1.894842e-02 4.473625e-02 1.022814e-01
      vertex   -2.203158e-02 4.162912e-02 1.032510e-01
      vertex   -1.704326e-02 4.114606e-02 1.058182e-01
    endloop
  endfacet
  facet normal 4.171509e-01 4.756693e-01 7.744184e-01
    outer loop
      vertex   2.711191e-02 3.533293e-02 1.058182e-01
      vertex   3.149183e-02 3.149183e-02 1.058182e-01
      vertex   3.149536e-02 3.668044e-02 1.026293e-01
    endloop
  endfacet
  facet normal -1.100806e-01 -1.156996e-02 -9.938553e-01
    outer loop
      vertex   -3.939231e-02 -6.945927e-03 9.000000e-02
      vertex   -4.367644e-02 -5.089147e-03 9.045290e-02
      vertex   -3.997563e-02 -1.395980e-03 9.000000e-02
    endloop
  endfacet
  facet normal -8.880839e-01 -2.068893e-01 -4.104921e-01
    outer loop
      vertex   -4.727342e-02 -7.194174e-03 1.128396e-01
      vertex   -4.301864e-02 -1.152681e-02 1.058182e-01
      vertex   -4.644575e-02 -1.288141e-02 1.139153e-01
    endloop
  endfacet
  facet normal 2.571109e-01 5.574468e-01 -7.893966e-01
    outer loop
      vertex   3.790291e-03 4.523366e-02 9.127253e-02
      vertex   5.754382e-03 4.866368e-02 9.433441e-02
      vertex   7.433158e-03 4.359619e-02 9.130270e-02
    endloop
  endfacet
  facet normal 9.141588e-02 1.462960e-01 -9.850079e-01
    outer loop
      vertex   2.499989e-02 3.686145e-02 9.080661e-02
      vertex   2.351141e-02 3.236068e-02 9.000000e-02
      vertex   1.877886e-02 3.531790e-02 9.000000e-02
    endloop
  endfacet
  facet normal 5.659167e-01 -2.790795e-01 7.757918e-01
    outer loop
      vertex   4.114606e-02 -1.704326e-02 1.058182e-01
      vertex   3.856946e-02 -2.226809e-02 1.058182e-01
      vertex   4.273116e-02 -2.221355e-02 1.028020e-01
    endloop
  endfacet
  facet normal 5.581573e-01 -3.229840e-01 7.642917e-01
    outer loop
      vertex   4.273116e-02 -2.221355e-02 1.028020e-01
      vertex   3.856946e-02 -2.226809e-02 1.058182e-01
      vertex   3.980464e-02 -2.588125e-02 1.033892e-01
    endloop
  endfacet
  facet normal 7.677047e-01 -4.838452e-01 4.201468e-01
    outer loop
      vertex   3.991501e-02 -2.977633e-02 9.870197e-02
      vertex   4.274668e-02 -2.540050e-02 9.856711e-02
      vertex   3.980464e-02 -2.588125e-02 1.033892e-01
    endloop
  endfacet
  facet normal 4.824354e-01 4.390101e-01 7.579751e-01
    outer loop
      vertex   3.417230e-02 3.356724e-02 1.030319e-01
      vertex   3.496755e-02 3.066092e-02 1.042091e-01
      vertex   3.801276e-02 2.982008e-02 1.027578e-01
    endloop
  endfacet
  facet normal 7.914989e-01 5.551584e-01 -2.555948e-01
    outer loop
      vertex   4.253642e-02 2.586862e-02 9.848152e-02
      vertex   4.406904e-02 2.222216e-02 9.530739e-02
      vertex   4.060981e-02 2.636562e-02 9.359490e-02
    endloop
  endfacet
  facet normal -5.384806e-01 3.352888e-01 7.730589e-01
    outer loop
      vertex   -3.886848e-02 2.716932e-02 1.034842e-01
      vertex   -4.088611e-02 2.358513e-02 1.036333e-01
      vertex   -3.856946e-02 2.226809e-02 1.058182e-01
    endloop
  endfacet
  facet normal 5.457550e-01 -3.535938e-01 -7.596861e-01
    outer loop
      vertex   3.641372e-02 -2.871887e-02 9.165827e-02
      vertex   3.724734e-02 -2.515841e-02 9.059993e-02
      vertex   4.013684e-02 -2.706600e-02 9.356361e-02
    endloop
  endfacet
  facet normal 3.626428e-01 -8.559177e-02 -9.279894e-01
    outer loop
      vertex   3.987810e-02 -1.651598e-02 9.062683e-02
      vertex   4.367010e-02 -1.773613e-02 9.222122e-02
      vertex   4.026533e-02 -2.188508e-02 9.127337e-02
    endloop
  endfacet
  facet normal 8.939116e-01 4.168375e-01 -1.648288e-01
    outer loop
      vertex   3.708735e-02 1.498426e-02 9.000000e-02
      vertex   2.349231e-02 8.550504e-03 4.244644e-18
      vertex   2.165064e-02 1.250000e-02 -2.116906e-17
    endloop
  endfacet
  facet normal 9.382550e-01 3.048575e-01 -1.635222e-01
    outer loop
      vertex   3.881183e-02 9.676876e-03 9.000000e-02
      vertex   2.349231e-02 8.550504e-03 4.244644e-18
      vertex   3.708735e-02 1.498426e-02 9.000000e-02
    endloop
  endfacet
  facet normal 9.526300e-01 2.552567e-01 -1.653483e-01
    outer loop
      vertex   3.881183e-02 9.676876e-03 9.000000e-02
      vertex   2.462019e-02 4.341204e-03 8.360316e-18
      vertex   2.349231e-02 8.550504e-03 4.244644e-18
    endloop
  endfacet
  facet normal 9.715784e-01 1.713156e-01 -1.633597e-01
    outer loop
      vertex   3.978088e-02 4.181139e-03 9.000000e-02
      vertex   2.462019e-02 4.341204e-03 8.360316e-18
      vertex   3.881183e-02 9.676876e-03 9.000000e-02
    endloop
  endfacet
  facet normal 9.824823e-01 8.595593e-02 -1.653483e-01
    outer loop
      vertex   3.978088e-02 4.181139e-03 9.000000e-02
      vertex   2.500000e-02 4.662937e-17 1.222196e-17
      vertex   2.462019e-02 4.341204e-03 8.360316e-18
    endloop
  endfacet
  facet normal 9.859387e-01 3.442969e-02 -1.635221e-01
    outer loop
      vertex   3.997563e-02 -1.395980e-03 9.000000e-02
      vertex   2.500000e-02 4.662937e-17 1.222196e-17
      vertex   3.978088e-02 4.181139e-03 9.000000e-02
    endloop
  endfacet
  facet normal 9.825689e-01 -8.596351e-02 -1.648288e-01
    outer loop
      vertex   3.997563e-02 -1.395980e-03 9.000000e-02
      vertex   2.462019e-02 -4.341204e-03 1.571225e-17
      vertex   2.500000e-02 4.662937e-17 1.222196e-17
    endloop
  endfacet
  facet normal 9.810548e-01 -1.031133e-01 -1.640093e-01
    outer loop
      vertex   3.939231e-02 -6.945927e-03 9.000000e-02
      vertex   2.462019e-02 -4.341204e-03 1.571225e-17
      vertex   3.997563e-02 -1.395980e-03 9.000000e-02
    endloop
  endfacet
  facet normal 9.571568e-01 -2.386457e-01 -1.640093e-01
    outer loop
      vertex   3.804226e-02 -1.236068e-02 9.000000e-02
      vertex   2.462019e-02 -4.341204e-03 1.571225e-17
      vertex   3.939231e-02 -6.945927e-03 9.000000e-02
    endloop
  endfacet
  facet normal 8.037424e-02 -9.053840e-01 4.169169e-01
    outer loop
      vertex   5.712004e-03 -4.792447e-02 1.343155e-01
      vertex   6.281456e-03 -4.508966e-02 1.403618e-01
      vertex   2.832570e-06 -4.775977e-02 1.357738e-01
    endloop
  endfacet
  facet normal 9.527140e-01 -2.552792e-01 -1.648289e-01
    outer loop
      vertex   3.804226e-02 -1.236068e-02 9.000000e-02
      vertex   2.349231e-02 -8.550504e-03 1.872514e-17
      vertex   2.462019e-02 -4.341204e-03 1.571225e-17
    endloop
  endfacet
  facet normal 9.147036e-01 -3.695644e-01 -1.635222e-01
    outer loop
      vertex   3.595176e-02 -1.753485e-02 9.000000e-02
      vertex   2.349231e-02 -8.550504e-03 1.872514e-17
      vertex   3.804226e-02 -1.236068e-02 9.000000e-02
    endloop
  endfacet
  facet normal 8.938328e-01 -4.168007e-01 -1.653483e-01
    outer loop
      vertex   3.595176e-02 -1.753485e-02 9.000000e-02
      vertex   2.165064e-02 -1.250000e-02 2.116906e-17
      vertex   2.349231e-02 -8.550504e-03 1.872514e-17
    endloop
  endfacet
  facet normal 8.543916e-01 -4.932835e-01 -1.633596e-01
    outer loop
      vertex   3.316150e-02 -2.236772e-02 9.000000e-02
      vertex   2.165064e-02 -1.250000e-02 2.116906e-17
      vertex   3.595176e-02 -1.753485e-02 9.000000e-02
    endloop
  endfacet
  facet normal 8.078764e-01 -5.656816e-01 -1.653482e-01
    outer loop
      vertex   3.316150e-02 -2.236772e-02 9.000000e-02
      vertex   1.915111e-02 -1.606969e-02 2.296978e-17
      vertex   2.165064e-02 -1.250000e-02 2.116906e-17
    endloop
  endfacet
  facet normal 7.774040e-01 -6.073743e-01 -1.635221e-01
    outer loop
      vertex   2.972579e-02 -2.676522e-02 9.000000e-02
      vertex   1.915111e-02 -1.606969e-02 2.296978e-17
      vertex   3.316150e-02 -2.236772e-02 9.000000e-02
    endloop
  endfacet
  facet normal 6.974351e-01 -6.974351e-01 -1.648288e-01
    outer loop
      vertex   2.972579e-02 -2.676522e-02 9.000000e-02
      vertex   1.606969e-02 -1.915111e-02 2.407257e-17
      vertex   1.915111e-02 -1.606969e-02 2.296978e-17
    endloop
  endfacet
  facet normal 6.852519e-01 -7.095990e-01 -1.640093e-01
    outer loop
      vertex   2.571151e-02 -3.064178e-02 9.000000e-02
      vertex   1.606969e-02 -1.915111e-02 2.407257e-17
      vertex   2.972579e-02 -2.676522e-02 9.000000e-02
    endloop
  endfacet
  facet normal 5.798259e-01 -7.980620e-01 -1.640093e-01
    outer loop
      vertex   2.119677e-02 -3.392192e-02 9.000000e-02
      vertex   1.606969e-02 -1.915111e-02 2.407257e-17
      vertex   2.571151e-02 -3.064178e-02 9.000000e-02
    endloop
  endfacet
  facet normal 5.657314e-01 -8.079477e-01 -1.648288e-01
    outer loop
      vertex   2.119677e-02 -3.392192e-02 9.000000e-02
      vertex   1.250000e-02 -2.165064e-02 2.444393e-17
      vertex   1.606969e-02 -1.915111e-02 2.407257e-17
    endloop
  endfacet
  facet normal 4.631522e-01 -8.710629e-01 -1.635221e-01
    outer loop
      vertex   1.626947e-02 -3.654182e-02 9.000000e-02
      vertex   1.250000e-02 -2.165064e-02 2.444393e-17
      vertex   2.119677e-02 -3.392192e-02 9.000000e-02
    endloop
  endfacet
  facet normal 4.168007e-01 -8.938328e-01 -1.653482e-01
    outer loop
      vertex   1.626947e-02 -3.654182e-02 9.000000e-02
      vertex   8.550504e-03 -2.349231e-02 2.407257e-17
      vertex   1.250000e-02 -2.165064e-02 2.444393e-17
    endloop
  endfacet
  facet normal 3.374258e-01 -9.270693e-01 -1.633597e-01
    outer loop
      vertex   1.102549e-02 -3.845047e-02 9.000000e-02
      vertex   8.550504e-03 -2.349231e-02 2.407257e-17
      vertex   1.626947e-02 -3.654182e-02 9.000000e-02
    endloop
  endfacet
  facet normal 2.552567e-01 -9.526300e-01 -1.653483e-01
    outer loop
      vertex   1.102549e-02 -3.845047e-02 9.000000e-02
      vertex   4.341204e-03 -2.462019e-02 2.296978e-17
      vertex   8.550504e-03 -2.349231e-02 2.407257e-17
    endloop
  endfacet
  facet normal 2.051131e-01 -9.649814e-01 -1.635221e-01
    outer loop
      vertex   5.566924e-03 -3.961072e-02 9.000000e-02
      vertex   4.341204e-03 -2.462019e-02 2.296978e-17
      vertex   1.102549e-02 -3.845047e-02 9.000000e-02
    endloop
  endfacet
  facet normal 8.596351e-02 -9.825689e-01 -1.648288e-01
    outer loop
      vertex   5.566924e-03 -3.961072e-02 9.000000e-02
      vertex   -3.774758e-17 -2.500000e-02 2.116906e-17
      vertex   4.341204e-03 -2.462019e-02 2.296978e-17
    endloop
  endfacet
  facet normal 6.881201e-02 -9.840558e-01 -1.640093e-01
    outer loop
      vertex   1.043610e-16 -4.000000e-02 9.000000e-02
      vertex   -3.774758e-17 -2.500000e-02 2.116906e-17
      vertex   5.566924e-03 -3.961072e-02 9.000000e-02
    endloop
  endfacet
  facet normal -6.881201e-02 -9.840558e-01 -1.640093e-01
    outer loop
      vertex   -5.566924e-03 -3.961072e-02 9.000000e-02
      vertex   -3.774758e-17 -2.500000e-02 2.116906e-17
      vertex   1.043610e-16 -4.000000e-02 9.000000e-02
    endloop
  endfacet
  facet normal -8.596351e-02 -9.825689e-01 -1.648288e-01
    outer loop
      vertex   -5.566924e-03 -3.961072e-02 9.000000e-02
      vertex   -4.341204e-03 -2.462019e-02 1.872514e-17
      vertex   -3.774758e-17 -2.500000e-02 2.116906e-17
    endloop
  endfacet
  facet normal -2.051131e-01 -9.649814e-01 -1.635221e-01
    outer loop
      vertex   -1.102549e-02 -3.845047e-02 9.000000e-02
      vertex   -4.341204e-03 -2.462019e-02 1.872514e-17
      vertex   -5.566924e-03 -3.961072e-02 9.000000e-02
    endloop
  endfacet
  facet normal -2.552567e-01 -9.526300e-01 -1.653483e-01
    outer loop
      vertex   -1.102549e-02 -3.845047e-02 9.000000e-02
      vertex   -8.550504e-03 -2.349231e-02 1.571225e-17
      vertex   -4.341204e-03 -2.462019e-02 1.872514e-17
    endloop
  endfacet
  facet normal -7.020057e-01 -6.750794e-01 -2.268388e-01
    outer loop
      vertex   -3.818304e-02 -3.175348e-02 1.199092e-01
      vertex   -3.581870e-02 -3.192248e-02 1.130951e-01
      vertex   -3.283642e-02 -3.700945e-02 1.190047e-01
    endloop
  endfacet
  facet normal 3.796340e-01 5.442220e-01 7.481313e-01
    outer loop
      vertex   2.006318e-02 3.413241e-02 2.076625e-01
      vertex   1.907205e-02 2.854066e-02 2.122332e-01
      vertex   2.586589e-02 2.969377e-02 2.079469e-01
    endloop
  endfacet
  facet normal 8.589142e-02 8.212299e-01 -5.640958e-01
    outer loop
      vertex   5.703612e-03 4.913587e-02 1.548378e-01
      vertex   8.855872e-03 4.663897e-02 1.516827e-01
      vertex   4.085141e-03 4.705925e-02 1.515681e-01
    endloop
  endfacet
  facet normal -9.620488e-01 -1.542207e-01 -2.251181e-01
    outer loop
      vertex   -4.919219e-02 -2.083795e-03 1.772627e-01
      vertex   -4.703307e-02 -7.107227e-03 1.714771e-01
      vertex   -4.918263e-02 -7.730648e-03 1.810903e-01
    endloop
  endfacet
  facet normal -1.716976e-01 -9.837711e-01 5.209857e-02
    outer loop
      vertex   -9.057376e-03 -4.901055e-02 1.227403e-01
      vertex   -4.963738e-03 -4.949971e-02 1.269948e-01
      vertex   -1.024248e-02 -4.847141e-02 1.290152e-01
    endloop
  endfacet
  facet normal -8.287045e-02 -9.824800e-01 1.669297e-01
    outer loop
      vertex   -5.080779e-03 -4.856209e-02 1.324551e-01
      vertex   -4.963738e-03 -4.949971e-02 1.269948e-01
      vertex   1.033669e-10 -4.949642e-02 1.294783e-01
    endloop
  endfacet
  facet normal -3.374258e-01 -9.270693e-01 -1.633597e-01
    outer loop
      vertex   -1.626947e-02 -3.654182e-02 9.000000e-02
      vertex   -8.550504e-03 -2.349231e-02 1.571225e-17
      vertex   -1.102549e-02 -3.845047e-02 9.000000e-02
    endloop
  endfacet
  facet normal -4.168007e-01 -8.938328e-01 -1.653482e-01
    outer loop
      vertex   -1.626947e-02 -3.654182e-02 9.000000e-02
      vertex   -1.250000e-02 -2.165064e-02 1.222196e-17
      vertex   -8.550504e-03 -2.349231e-02 1.571225e-17
    endloop
  endfacet
  facet normal -4.631522e-01 -8.710629e-01 -1.635221e-01
    outer loop
      vertex   -2.119677e-02 -3.392192e-02 9.000000e-02
      vertex   -1.250000e-02 -2.165064e-02 1.222196e-17
      vertex   -1.626947e-02 -3.654182e-02 9.000000e-02
    endloop
  endfacet
  facet normal -5.657314e-01 -8.079477e-01 -1.648288e-01
    outer loop
      vertex   -2.119677e-02 -3.392192e-02 9.000000e-02
      vertex   -1.606969e-02 -1.915111e-02 8.360316e-18
      vertex   -1.250000e-02 -2.165064e-02 1.222196e-17
    endloop
  endfacet
  facet normal -5.798259e-01 -7.980620e-01 -1.640093e-01
    outer loop
      vertex   -2.571151e-02 -3.064178e-02 9.000000e-02
      vertex   -1.606969e-02 -1.915111e-02 8.360316e-18
      vertex   -2.119677e-02 -3.392192e-02 9.000000e-02
    endloop
  endfacet
  facet normal -6.852519e-01 -7.095990e-01 -1.640093e-01
    outer loop
      vertex   -2.972579e-02 -2.676522e-02 9.000000e-02
      vertex   -1.606969e-02 -1.915111e-02 8.360316e-18
      vertex   -2.571151e-02 -3.064178e-02 9.000000e-02
    endloop
  endfacet
  facet normal 4.286974e-02 1.495046e-01 -9.878312e-01
    outer loop
      vertex   1.334947e-02 3.667737e-02 1.490000e-01
      vertex   8.115053e-03 3.817832e-02 1.490000e-01
      vertex   1.129444e-02 4.208901e-02 1.497298e-01
    endloop
  endfacet
  facet normal -6.974351e-01 -6.974351e-01 -1.648288e-01
    outer loop
      vertex   -2.972579e-02 -2.676522e-02 9.000000e-02
      vertex   -1.915111e-02 -1.606969e-02 4.244644e-18
      vertex   -1.606969e-02 -1.915111e-02 8.360316e-18
    endloop
  endfacet
  facet normal -7.774040e-01 -6.073743e-01 -1.635221e-01
    outer loop
      vertex   -3.316150e-02 -2.236772e-02 9.000000e-02
      vertex   -1.915111e-02 -1.606969e-02 4.244644e-18
      vertex   -2.972579e-02 -2.676522e-02 9.000000e-02
    endloop
  endfacet
  facet normal -8.078764e-01 -5.656816e-01 -1.653482e-01
    outer loop
      vertex   -3.316150e-02 -2.236772e-02 9.000000e-02
      vertex   -2.165064e-02 -1.250000e-02 -3.944305e-32
      vertex   -1.915111e-02 -1.606969e-02 4.244644e-18
    endloop
  endfacet
  facet normal -8.543916e-01 -4.932835e-01 -1.633596e-01
    outer loop
      vertex   -3.595176e-02 -1.753485e-02 9.000000e-02
      vertex   -2.165064e-02 -1.250000e-02 -3.944305e-32
      vertex   -3.316150e-02 -2.236772e-02 9.000000e-02
    endloop
  endfacet
  facet normal -8.938328e-01 -4.168007e-01 -1.653483e-01
    outer loop
      vertex   -3.595176e-02 -1.753485e-02 9.000000e-02
      vertex   -2.349231e-02 -8.550504e-03 -4.244644e-18
      vertex   -2.165064e-02 -1.250000e-02 -3.944305e-32
    endloop
  endfacet
  facet normal 5.296387e-01 -3.538930e-01 7.708713e-01
    outer loop
      vertex   3.946721e-02 -2.762185e-02 1.621185e-01
      vertex   3.856946e-02 -2.226809e-02 1.651932e-01
      vertex   3.533293e-02 -2.711191e-02 1.651932e-01
    endloop
  endfacet
  facet normal -9.147036e-01 -3.695644e-01 -1.635222e-01
    outer loop
      vertex   -3.804226e-02 -1.236068e-02 9.000000e-02
      vertex   -2.349231e-02 -8.550504e-03 -4.244644e-18
      vertex   -3.595176e-02 -1.753485e-02 9.000000e-02
    endloop
  endfacet
  facet normal 1.279946e-01 -5.557713e-01 8.214229e-01
    outer loop
      vertex   5.525925e-03 -2.852154e-02 2.158868e-01
      vertex   5.455399e-03 -3.478212e-02 2.116619e-01
      vertex   1.168898e-02 -3.140183e-02 2.129777e-01
    endloop
  endfacet
  facet normal -9.527140e-01 -2.552792e-01 -1.648289e-01
    outer loop
      vertex   -3.804226e-02 -1.236068e-02 9.000000e-02
      vertex   -2.462019e-02 -4.341204e-03 -8.360316e-18
      vertex   -2.349231e-02 -8.550504e-03 -4.244644e-18
    endloop
  endfacet
  facet normal -9.571568e-01 -2.386457e-01 -1.640093e-01
    outer loop
      vertex   -3.939231e-02 -6.945927e-03 9.000000e-02
      vertex   -2.462019e-02 -4.341204e-03 -8.360316e-18
      vertex   -3.804226e-02 -1.236068e-02 9.000000e-02
    endloop
  endfacet
  facet normal -9.810548e-01 -1.031133e-01 -1.640093e-01
    outer loop
      vertex   -3.997563e-02 -1.395980e-03 9.000000e-02
      vertex   -2.462019e-02 -4.341204e-03 -8.360316e-18
      vertex   -3.939231e-02 -6.945927e-03 9.000000e-02
    endloop
  endfacet
  facet normal 5.755845e-01 -3.325257e-01 7.470805e-01
    outer loop
      vertex   3.856946e-02 -2.226809e-02 1.651932e-01
      vertex   3.946721e-02 -2.762185e-02 1.621185e-01
      vertex   4.221260e-02 -2.405625e-02 1.615904e-01
    endloop
  endfacet
  facet normal -9.825689e-01 -8.596351e-02 -1.648288e-01
    outer loop
      vertex   -3.997563e-02 -1.395980e-03 9.000000e-02
      vertex   -2.500000e-02 8.881784e-18 -1.222196e-17
      vertex   -2.462019e-02 -4.341204e-03 -8.360316e-18
    endloop
  endfacet
  facet normal -9.859387e-01 3.442969e-02 -1.635221e-01
    outer loop
      vertex   -3.978088e-02 4.181139e-03 9.000000e-02
      vertex   -2.500000e-02 8.881784e-18 -1.222196e-17
      vertex   -3.997563e-02 -1.395980e-03 9.000000e-02
    endloop
  endfacet
  facet normal -9.824823e-01 8.595593e-02 -1.653483e-01
    outer loop
      vertex   -3.978088e-02 4.181139e-03 9.000000e-02
      vertex   -2.462019e-02 4.341204e-03 -1.571225e-17
      vertex   -2.500000e-02 8.881784e-18 -1.222196e-17
    endloop
  endfacet
  facet normal -9.715784e-01 1.713156e-01 -1.633597e-01
    outer loop
      vertex   -3.881183e-02 9.676876e-03 9.000000e-02
      vertex   -2.462019e-02 4.341204e-03 -1.571225e-17
      vertex   -3.978088e-02 4.181139e-03 9.000000e-02
    endloop
  endfacet
  facet normal -9.526300e-01 2.552567e-01 -1.653483e-01
    outer loop
      vertex   -3.881183e-02 9.676876e-03 9.000000e-02
      vertex   -2.349231e-02 8.550504e-03 -1.872514e-17
      vertex   -2.462019e-02 4.341204e-03 -1.571225e-17
    endloop
  endfacet
  facet normal -9.382550e-01 3.048575e-01 -1.635222e-01
    outer loop
      vertex   -3.708735e-02 1.498426e-02 9.000000e-02
      vertex   -2.349231e-02 8.550504e-03 -1.872514e-17
      vertex   -3.881183e-02 9.676876e-03 9.000000e-02
    endloop
  endfacet
  facet normal -8.939116e-01 4.168375e-01 -1.648288e-01
    outer loop
      vertex   -3.708735e-02 1.498426e-02 9.000000e-02
      vertex   -2.165064e-02 1.250000e-02 -2.116906e-17
      vertex   -2.349231e-02 8.550504e-03 -1.872514e-17
    endloop
  endfacet
  facet normal -8.866232e-01 4.324352e-01 -1.640093e-01
    outer loop
      vertex   -3.464102e-02 2.000000e-02 9.000000e-02
      vertex   -2.165064e-02 1.250000e-02 -2.116906e-17
      vertex   -3.708735e-02 1.498426e-02 9.000000e-02
    endloop
  endfacet
  facet normal 7.647908e-01 -5.358886e-01 3.576568e-01
    outer loop
      vertex   3.946721e-02 -2.762185e-02 1.621185e-01
      vertex   4.219253e-02 -2.644991e-02 1.580469e-01
      vertex   4.221260e-02 -2.405625e-02 1.615904e-01
    endloop
  endfacet
  facet normal -8.178116e-01 5.516205e-01 -1.640093e-01
    outer loop
      vertex   -3.152043e-02 2.462646e-02 9.000000e-02
      vertex   -2.165064e-02 1.250000e-02 -2.116906e-17
      vertex   -3.464102e-02 2.000000e-02 9.000000e-02
    endloop
  endfacet
  facet normal -8.079477e-01 5.657314e-01 -1.648289e-01
    outer loop
      vertex   -3.152043e-02 2.462646e-02 9.000000e-02
      vertex   -1.915111e-02 1.606969e-02 -2.296978e-17
      vertex   -2.165064e-02 1.250000e-02 -2.116906e-17
    endloop
  endfacet
  facet normal -7.331417e-01 6.601240e-01 -1.635222e-01
    outer loop
      vertex   -2.778634e-02 2.877359e-02 9.000000e-02
      vertex   -1.915111e-02 1.606969e-02 -2.296978e-17
      vertex   -3.152043e-02 2.462646e-02 9.000000e-02
    endloop
  endfacet
  facet normal -6.973736e-01 6.973736e-01 -1.653483e-01
    outer loop
      vertex   -2.778634e-02 2.877359e-02 9.000000e-02
      vertex   -1.606969e-02 1.915111e-02 -2.407257e-17
      vertex   -1.915111e-02 1.606969e-02 -2.296978e-17
    endloop
  endfacet
  facet normal 8.923330e-01 -4.510360e-01 -1.755903e-02
    outer loop
      vertex   4.466928e-02 -2.159865e-02 1.592996e-01
      vertex   4.219253e-02 -2.644991e-02 1.580469e-01
      vertex   4.390235e-02 -2.292705e-02 1.544475e-01
    endloop
  endfacet
  facet normal -6.341527e-01 7.557539e-01 -1.633597e-01
    outer loop
      vertex   -2.351141e-02 3.236068e-02 9.000000e-02
      vertex   -1.606969e-02 1.915111e-02 -2.407257e-17
      vertex   -2.778634e-02 2.877359e-02 9.000000e-02
    endloop
  endfacet
  facet normal -5.656816e-01 8.078764e-01 -1.653483e-01
    outer loop
      vertex   -2.351141e-02 3.236068e-02 9.000000e-02
      vertex   -1.250000e-02 2.165064e-02 -2.444393e-17
      vertex   -1.606969e-02 1.915111e-02 -2.407257e-17
    endloop
  endfacet
  facet normal 8.334351e-01 -5.371519e-01 -1.298219e-01
    outer loop
      vertex   4.390235e-02 -2.292705e-02 1.544475e-01
      vertex   4.219253e-02 -2.644991e-02 1.580469e-01
      vertex   4.078094e-02 -2.770918e-02 1.541951e-01
    endloop
  endfacet
  facet normal -5.227862e-01 8.366332e-01 -1.635221e-01
    outer loop
      vertex   -1.877886e-02 3.531790e-02 9.000000e-02
      vertex   -1.250000e-02 2.165064e-02 -2.444393e-17
      vertex   -2.351141e-02 3.236068e-02 9.000000e-02
    endloop
  endfacet
  facet normal -4.168375e-01 8.939116e-01 -1.648288e-01
    outer loop
      vertex   -1.877886e-02 3.531790e-02 9.000000e-02
      vertex   -8.550504e-03 2.349231e-02 -2.407257e-17
      vertex   -1.250000e-02 2.165064e-02 -2.444393e-17
    endloop
  endfacet
  facet normal -4.012291e-01 9.011749e-01 -1.640093e-01
    outer loop
      vertex   -1.368081e-02 3.758770e-02 9.000000e-02
      vertex   -8.550504e-03 2.349231e-02 -2.407257e-17
      vertex   -1.877886e-02 3.531790e-02 9.000000e-02
    endloop
  endfacet
  facet normal -2.719051e-01 9.482450e-01 -1.640093e-01
    outer loop
      vertex   -8.316467e-03 3.912591e-02 9.000000e-02
      vertex   -8.550504e-03 2.349231e-02 -2.407257e-17
      vertex   -1.368081e-02 3.758770e-02 9.000000e-02
    endloop
  endfacet
  facet normal -9.238903e-01 1.699624e-01 -3.428403e-01
    outer loop
      vertex   -4.565645e-02 1.243348e-02 1.114138e-01
      vertex   -4.760873e-02 4.661475e-03 1.128219e-01
      vertex   -4.830525e-02 9.069108e-03 1.168840e-01
    endloop
  endfacet
  facet normal -2.552792e-01 9.527140e-01 -1.648288e-01
    outer loop
      vertex   -8.316467e-03 3.912591e-02 9.000000e-02
      vertex   -4.341204e-03 2.462019e-02 -2.296978e-17
      vertex   -8.550504e-03 2.349231e-02 -2.407257e-17
    endloop
  endfacet
  facet normal -1.372998e-01 9.769387e-01 -1.635221e-01
    outer loop
      vertex   -2.790259e-03 3.990256e-02 9.000000e-02
      vertex   -4.341204e-03 2.462019e-02 -2.296978e-17
      vertex   -8.316467e-03 3.912591e-02 9.000000e-02
    endloop
  endfacet
  facet normal -8.595593e-02 9.824823e-01 -1.653483e-01
    outer loop
      vertex   -2.790259e-03 3.990256e-02 9.000000e-02
      vertex   -7.327472e-17 2.500000e-02 -2.116906e-17
      vertex   -4.341204e-03 2.462019e-02 -2.296978e-17
    endloop
  endfacet
  facet normal 0.000000e+00 9.865666e-01 -1.633597e-01
    outer loop
      vertex   2.790259e-03 3.990256e-02 9.000000e-02
      vertex   -7.327472e-17 2.500000e-02 -2.116906e-17
      vertex   -2.790259e-03 3.990256e-02 9.000000e-02
    endloop
  endfacet
  facet normal 8.595593e-02 9.824823e-01 -1.653483e-01
    outer loop
      vertex   2.790259e-03 3.990256e-02 9.000000e-02
      vertex   4.341204e-03 2.462019e-02 -1.872514e-17
      vertex   -7.327472e-17 2.500000e-02 -2.116906e-17
    endloop
  endfacet
  facet normal 1.372998e-01 9.769387e-01 -1.635221e-01
    outer loop
      vertex   8.316467e-03 3.912591e-02 9.000000e-02
      vertex   4.341204e-03 2.462019e-02 -1.872514e-17
      vertex   2.790259e-03 3.990256e-02 9.000000e-02
    endloop
  endfacet
  facet normal 2.552792e-01 9.527140e-01 -1.648288e-01
    outer loop
      vertex   8.316467e-03 3.912591e-02 9.000000e-02
      vertex   8.550504e-03 2.349231e-02 -1.571225e-17
      vertex   4.341204e-03 2.462019e-02 -1.872514e-17
    endloop
  endfacet
  facet normal 2.719051e-01 9.482450e-01 -1.640093e-01
    outer loop
      vertex   1.368081e-02 3.758770e-02 9.000000e-02
      vertex   8.550504e-03 2.349231e-02 -1.571225e-17
      vertex   8.316467e-03 3.912591e-02 9.000000e-02
    endloop
  endfacet
  facet normal 4.012291e-01 9.011749e-01 -1.640093e-01
    outer loop
      vertex   1.877886e-02 3.531790e-02 9.000000e-02
      vertex   8.550504e-03 2.349231e-02 -1.571225e-17
      vertex   1.368081e-02 3.758770e-02 9.000000e-02
    endloop
  endfacet
  facet normal 4.168375e-01 8.939116e-01 -1.648288e-01
    outer loop
      vertex   1.877886e-02 3.531790e-02 9.000000e-02
      vertex   1.250000e-02 2.165064e-02 -1.222196e-17
      vertex   8.550504e-03 2.349231e-02 -1.571225e-17
    endloop
  endfacet
  facet normal 5.227862e-01 8.366332e-01 -1.635221e-01
    outer loop
      vertex   2.351141e-02 3.236068e-02 9.000000e-02
      vertex   1.250000e-02 2.165064e-02 -1.222196e-17
      vertex   1.877886e-02 3.531790e-02 9.000000e-02
    endloop
  endfacet
  facet normal 5.656816e-01 8.078764e-01 -1.653483e-01
    outer loop
      vertex   2.351141e-02 3.236068e-02 9.000000e-02
      vertex   1.606969e-02 1.915111e-02 -8.360316e-18
      vertex   1.250000e-02 2.165064e-02 -1.222196e-17
    endloop
  endfacet
  facet normal 6.341527e-01 7.557539e-01 -1.633597e-01
    outer loop
      vertex   2.778634e-02 2.877359e-02 9.000000e-02
      vertex   1.606969e-02 1.915111e-02 -8.360316e-18
      vertex   2.351141e-02 3.236068e-02 9.000000e-02
    endloop
  endfacet
  facet normal 6.973736e-01 6.973736e-01 -1.653483e-01
    outer loop
      vertex   2.778634e-02 2.877359e-02 9.000000e-02
      vertex   1.915111e-02 1.606969e-02 -4.244644e-18
      vertex   1.606969e-02 1.915111e-02 -8.360316e-18
    endloop
  endfacet
  facet normal -5.605507e-01 -7.409402e-01 -3.698520e-01
    outer loop
      vertex   -2.835633e-02 -3.944029e-02 1.148270e-01
      vertex   -3.119638e-02 -3.585682e-02 1.119525e-01
      vertex   -2.612498e-02 -3.883173e-02 1.102260e-01
    endloop
  endfacet
  facet normal 7.331417e-01 6.601240e-01 -1.635222e-01
    outer loop
      vertex   3.152043e-02 2.462646e-02 9.000000e-02
      vertex   1.915111e-02 1.606969e-02 -4.244644e-18
      vertex   2.778634e-02 2.877359e-02 9.000000e-02
    endloop
  endfacet
  facet normal -5.287379e-01 8.035274e-01 -2.734592e-01
    outer loop
      vertex   -2.263838e-02 4.289993e-02 1.739796e-01
      vertex   -2.750520e-02 3.896467e-02 1.718264e-01
      vertex   -2.707243e-02 4.143316e-02 1.782430e-01
    endloop
  endfacet
  facet normal 8.866232e-01 4.324352e-01 -1.640093e-01
    outer loop
      vertex   2.165064e-02 1.250000e-02 -2.116906e-17
      vertex   3.464102e-02 2.000000e-02 9.000000e-02
      vertex   3.708735e-02 1.498426e-02 9.000000e-02
    endloop
  endfacet
  facet normal 8.178116e-01 5.516205e-01 -1.640093e-01
    outer loop
      vertex   2.165064e-02 1.250000e-02 -2.116906e-17
      vertex   3.152043e-02 2.462646e-02 9.000000e-02
      vertex   3.464102e-02 2.000000e-02 9.000000e-02
    endloop
  endfacet
  facet normal 8.079477e-01 5.657314e-01 -1.648289e-01
    outer loop
      vertex   1.915111e-02 1.606969e-02 -4.244644e-18
      vertex   3.152043e-02 2.462646e-02 9.000000e-02
      vertex   2.165064e-02 1.250000e-02 -2.116906e-17
    endloop
  endfacet
  facet normal 9.240744e-02 -8.074824e-02 -9.924417e-01
    outer loop
      vertex   3.205009e-02 -3.017081e-02 9.049351e-02
      vertex   2.972579e-02 -2.676522e-02 9.000000e-02
      vertex   3.371811e-02 -2.625879e-02 9.033052e-02
    endloop
  endfacet
  facet normal -5.611818e-01 -7.048700e-01 -4.338587e-01
    outer loop
      vertex   -2.711191e-02 -3.533293e-02 1.058182e-01
      vertex   -2.612498e-02 -3.883173e-02 1.102260e-01
      vertex   -3.119638e-02 -3.585682e-02 1.119525e-01
    endloop
  endfacet
  facet normal 7.902391e-01 -3.897032e-01 -4.729203e-01
    outer loop
      vertex   4.207946e-02 -2.064318e-02 1.103443e-01
      vertex   3.856946e-02 -2.226809e-02 1.058182e-01
      vertex   4.114606e-02 -1.704326e-02 1.058182e-01
    endloop
  endfacet
  facet normal 7.041209e-01 -3.911880e-01 -5.926092e-01
    outer loop
      vertex   4.260633e-02 -2.012523e-02 1.510580e-01
      vertex   4.390235e-02 -2.292705e-02 1.544475e-01
      vertex   4.050155e-02 -2.419199e-02 1.512417e-01
    endloop
  endfacet
  facet normal -7.901316e-01 -4.574706e-01 -4.079371e-01
    outer loop
      vertex   -3.856946e-02 -2.226809e-02 1.058182e-01
      vertex   -3.985018e-02 -2.677917e-02 1.133576e-01
      vertex   -4.321774e-02 -1.906498e-02 1.112294e-01
    endloop
  endfacet
  facet normal 8.862079e-01 1.314598e-01 -4.442452e-01
    outer loop
      vertex   4.415516e-02 5.813138e-03 1.058182e-01
      vertex   4.591316e-02 8.921638e-03 1.102450e-01
      vertex   4.713964e-02 3.538210e-03 1.110986e-01
    endloop
  endfacet
  facet normal -6.459020e-01 -6.363704e-01 -4.217148e-01
    outer loop
      vertex   -3.119638e-02 -3.585682e-02 1.119525e-01
      vertex   -3.581870e-02 -3.192248e-02 1.130951e-01
      vertex   -3.149183e-02 -3.149183e-02 1.058182e-01
    endloop
  endfacet
  facet normal -4.382843e-01 -7.890589e-01 -4.304566e-01
    outer loop
      vertex   -2.263776e-02 -4.228640e-02 1.130080e-01
      vertex   -2.612498e-02 -3.883173e-02 1.102260e-01
      vertex   -2.226809e-02 -3.856946e-02 1.058182e-01
    endloop
  endfacet
  facet normal 5.922724e-02 9.036359e-01 -4.241866e-01
    outer loop
      vertex   5.813138e-03 4.415516e-02 1.058182e-01
      vertex   8.879417e-17 4.453618e-02 1.058182e-01
      vertex   1.846148e-03 4.788371e-02 1.132071e-01
    endloop
  endfacet
  facet normal -6.816531e-01 3.324630e-01 6.517802e-01
    outer loop
      vertex   -3.380205e-02 1.951562e-02 1.490000e-01
      vertex   -3.732212e-02 2.154794e-02 1.442819e-01
      vertex   -3.618914e-02 1.462136e-02 1.490000e-01
    endloop
  endfacet
  facet normal -5.752875e-02 8.777219e-01 -4.757044e-01
    outer loop
      vertex   -5.813138e-03 4.415516e-02 1.058182e-01
      vertex   -3.299144e-03 4.663400e-02 1.100879e-01
      vertex   8.879417e-17 4.453618e-02 1.058182e-01
    endloop
  endfacet
  facet normal -2.295983e-01 -3.506724e-01 -9.079171e-01
    outer loop
      vertex   -2.443192e-02 -3.636016e-02 9.139763e-02
      vertex   -2.384056e-02 -4.124398e-02 9.313440e-02
      vertex   -2.838690e-02 -3.771310e-02 9.292034e-02
    endloop
  endfacet
  facet normal -2.081746e-01 9.305181e-01 -3.013293e-01
    outer loop
      vertex   -5.606034e-03 4.828372e-02 1.150069e-01
      vertex   -1.094176e-02 4.559142e-02 1.103791e-01
      vertex   -1.402193e-02 4.671065e-02 1.159633e-01
    endloop
  endfacet
  facet normal 9.096223e-01 3.817404e-01 -1.638947e-01
    outer loop
      vertex   4.696084e-02 1.498609e-02 1.773625e-01
      vertex   4.454672e-02 1.991874e-02 1.754531e-01
      vertex   4.579908e-02 1.949656e-02 1.814204e-01
    endloop
  endfacet
  facet normal 8.448248e-01 -3.016438e-01 -4.419073e-01
    outer loop
      vertex   4.114606e-02 -1.704326e-02 1.651932e-01
      vertex   4.470299e-02 -1.436364e-02 1.701641e-01
      vertex   4.267389e-02 -1.980171e-02 1.699969e-01
    endloop
  endfacet
  facet normal 9.065829e-02 -6.791468e-01 7.283822e-01
    outer loop
      vertex   5.737804e-03 -4.015913e-02 2.066133e-01
      vertex   5.455399e-03 -3.478212e-02 2.116619e-01
      vertex   -2.492539e-17 -3.896860e-02 2.084375e-01
    endloop
  endfacet
  facet normal 4.415768e-01 -7.876040e-01 -4.297556e-01
    outer loop
      vertex   2.119503e-02 -4.301479e-02 1.128625e-01
      vertex   2.226809e-02 -3.856946e-02 1.058182e-01
      vertex   2.670678e-02 -3.902206e-02 1.112084e-01
    endloop
  endfacet
  facet normal -9.497023e-01 -1.858812e-01 -2.520194e-01
    outer loop
      vertex   -4.894029e-02 -7.838107e-03 1.195959e-01
      vertex   -4.727342e-02 -7.194174e-03 1.128396e-01
      vertex   -4.644575e-02 -1.288141e-02 1.139153e-01
    endloop
  endfacet
  facet normal -6.431004e-02 -5.593333e-01 8.264445e-01
    outer loop
      vertex   -6.807320e-03 -3.059157e-02 2.144283e-01
      vertex   -2.377776e-17 -3.466279e-02 2.122027e-01
      vertex   -2.277316e-17 -2.979278e-02 2.154987e-01
    endloop
  endfacet
  facet normal 1.153396e-01 -9.079962e-01 -4.027899e-01
    outer loop
      vertex   5.234867e-03 -4.826655e-02 1.149208e-01
      vertex   -1.145707e-16 -4.784347e-02 1.124680e-01
      vertex   5.813138e-03 -4.415516e-02 1.058182e-01
    endloop
  endfacet
  facet normal 9.864141e-02 -9.092414e-01 -4.044131e-01
    outer loop
      vertex   1.024163e-02 -4.649991e-02 1.121700e-01
      vertex   5.234867e-03 -4.826655e-02 1.149208e-01
      vertex   5.813138e-03 -4.415516e-02 1.058182e-01
    endloop
  endfacet
  facet normal -3.191334e-02 -1.289382e-02 -9.994075e-01
    outer loop
      vertex   -3.508105e-02 -1.711017e-02 1.490000e-01
      vertex   -3.911747e-02 -1.738345e-02 1.491324e-01
      vertex   -3.712092e-02 -1.206132e-02 1.490000e-01
    endloop
  endfacet
  facet normal 3.849457e-01 7.160278e-01 5.823410e-01
    outer loop
      vertex   2.044624e-02 4.217309e-02 1.628978e-01
      vertex   2.243131e-02 4.342624e-02 1.600448e-01
      vertex   1.842845e-02 4.554078e-02 1.600908e-01
    endloop
  endfacet
  facet normal 3.448042e-01 9.166070e-01 2.023406e-01
    outer loop
      vertex   2.429074e-02 4.336738e-02 1.571428e-01
      vertex   2.039031e-02 4.526789e-02 1.551801e-01
      vertex   2.243131e-02 4.342624e-02 1.600448e-01
    endloop
  endfacet
  facet normal 7.407971e-01 5.341255e-01 4.073446e-01
    outer loop
      vertex   3.886712e-02 3.103171e-02 1.576561e-01
      vertex   3.835491e-02 2.845529e-02 1.619659e-01
      vertex   4.164981e-02 2.648574e-02 1.585563e-01
    endloop
  endfacet
  facet normal -6.336883e-01 4.974358e-02 -7.719875e-01
    outer loop
      vertex   -4.701578e-02 1.277129e-02 1.530829e-01
      vertex   -4.483218e-02 1.600255e-02 1.514987e-01
      vertex   -4.319611e-02 1.277385e-02 1.499476e-01
    endloop
  endfacet
  facet normal -6.958196e-01 -6.280417e-01 3.484232e-01
    outer loop
      vertex   -3.405289e-02 -3.412980e-02 1.605221e-01
      vertex   -3.672910e-02 -3.056484e-02 1.616035e-01
      vertex   -3.674655e-02 -3.290501e-02 1.573505e-01
    endloop
  endfacet
  facet normal -5.051568e-01 -7.062274e-01 4.960438e-01
    outer loop
      vertex   -3.008503e-02 -3.589908e-02 1.620439e-01
      vertex   -3.405289e-02 -3.412980e-02 1.605221e-01
      vertex   -3.209651e-02 -3.695338e-02 1.584945e-01
    endloop
  endfacet
  facet normal -6.885263e-01 7.223033e-01 -6.488018e-02
    outer loop
      vertex   -3.382388e-02 3.651157e-02 1.584913e-01
      vertex   -3.129041e-02 3.868078e-02 1.557550e-01
      vertex   -3.398615e-02 3.598697e-02 1.543730e-01
    endloop
  endfacet
  facet normal 1.518683e-01 -8.994748e-01 -4.097330e-01
    outer loop
      vertex   5.927733e-03 -4.918522e-02 1.560040e-01
      vertex   8.630722e-03 -4.692709e-02 1.520487e-01
      vertex   9.547275e-03 -4.873469e-02 1.563566e-01
    endloop
  endfacet
  facet normal 5.896822e-01 6.611363e-01 4.638682e-01
    outer loop
      vertex   2.822741e-02 3.796851e-02 1.627823e-01
      vertex   3.310412e-02 3.439823e-02 1.616715e-01
      vertex   3.237924e-02 3.768105e-02 1.579141e-01
    endloop
  endfacet
  facet normal 1.317132e-01 1.688703e-01 -9.767981e-01
    outer loop
      vertex   4.183181e-02 1.671809e-02 1.501233e-01
      vertex   4.146330e-02 1.233091e-02 1.493152e-01
      vertex   3.618914e-02 1.462136e-02 1.490000e-01
    endloop
  endfacet
  facet normal -3.162719e-03 -4.063667e-01 -9.137046e-01
    outer loop
      vertex   3.410260e-03 -4.318721e-02 1.497320e-01
      vertex   7.775958e-03 -4.277646e-02 1.495342e-01
      vertex   4.902352e-03 -4.727149e-02 1.515433e-01
    endloop
  endfacet
  facet normal 8.664035e-01 4.809352e-01 -1.343367e-01
    outer loop
      vertex   4.492043e-02 1.850919e-02 1.531973e-01
      vertex   4.567854e-02 1.862486e-02 1.585008e-01
      vertex   4.759568e-02 1.447176e-02 1.559970e-01
    endloop
  endfacet
  facet normal 5.784918e-01 4.027318e-01 7.093338e-01
    outer loop
      vertex   3.533293e-02 2.711191e-02 1.651932e-01
      vertex   3.835491e-02 2.845529e-02 1.619659e-01
      vertex   3.494633e-02 3.055421e-02 1.635541e-01
    endloop
  endfacet
  facet normal 3.156406e-02 -5.131262e-01 -8.577326e-01
    outer loop
      vertex   8.630722e-03 -4.692709e-02 1.520487e-01
      vertex   7.775958e-03 -4.277646e-02 1.495342e-01
      vertex   1.159831e-02 -4.290081e-02 1.497493e-01
    endloop
  endfacet
  facet normal -2.662590e-02 9.991351e-01 -3.194031e-02
    outer loop
      vertex   -4.326493e-03 4.919063e-02 1.543033e-01
      vertex   -8.558486e-03 4.914465e-02 1.563928e-01
      vertex   -2.937216e-03 4.934965e-02 1.581194e-01
    endloop
  endfacet
  facet normal -1.823755e-01 -6.230757e-01 -7.606023e-01
    outer loop
      vertex   -9.431390e-03 -4.762133e-02 1.525926e-01
      vertex   -1.094852e-02 -4.471958e-02 1.505793e-01
      vertex   -6.369966e-03 -4.606884e-02 1.505867e-01
    endloop
  endfacet
  facet normal -3.039448e-02 -1.429948e-01 -9.892566e-01
    outer loop
      vertex   -1.075847e-02 -3.751924e-02 1.490000e-01
      vertex   -5.432100e-03 -3.865140e-02 1.490000e-01
      vertex   -7.289023e-03 -4.187966e-02 1.495237e-01
    endloop
  endfacet
  facet normal 6.854719e-01 4.733040e-01 5.532736e-01
    outer loop
      vertex   3.977465e-02 2.473173e-02 1.623800e-01
      vertex   4.286571e-02 2.107416e-02 1.616793e-01
      vertex   4.164981e-02 2.648574e-02 1.585563e-01
    endloop
  endfacet
  facet normal -3.470822e-01 -8.553092e-01 -3.846818e-01
    outer loop
      vertex   -1.417066e-02 -4.729450e-02 1.543995e-01
      vertex   -1.914155e-02 -4.589386e-02 1.557703e-01
      vertex   -1.811870e-02 -4.481291e-02 1.524440e-01
    endloop
  endfacet
  facet normal -4.972220e-01 -6.598194e-01 5.633903e-01
    outer loop
      vertex   -2.564514e-02 -3.920568e-02 1.621043e-01
      vertex   -2.386084e-02 -4.215432e-02 1.602257e-01
      vertex   -2.095161e-02 -4.213062e-02 1.628210e-01
    endloop
  endfacet
  facet normal -9.649408e-01 -1.710962e-01 1.990362e-01
    outer loop
      vertex   -4.817927e-02 -1.241385e-02 1.560277e-01
      vertex   -4.726384e-02 -1.494365e-02 1.582911e-01
      vertex   -4.787612e-02 -1.050474e-02 1.591385e-01
    endloop
  endfacet
  facet normal -9.782390e-02 9.743210e-01 2.028032e-01
    outer loop
      vertex   -7.427819e-03 4.851521e-02 1.599622e-01
      vertex   -2.937216e-03 4.934965e-02 1.581194e-01
      vertex   -8.558486e-03 4.914465e-02 1.563928e-01
    endloop
  endfacet
  facet normal -1.519012e-01 8.576853e-01 4.912250e-01
    outer loop
      vertex   -1.266321e-02 4.630319e-02 1.620153e-01
      vertex   -8.962815e-03 4.654986e-02 1.627289e-01
      vertex   -1.226722e-02 4.813696e-02 1.589360e-01
    endloop
  endfacet
  facet normal -8.386089e-01 3.110417e-01 -4.472004e-01
    outer loop
      vertex   -4.420587e-02 1.976905e-02 1.529439e-01
      vertex   -4.483218e-02 1.600255e-02 1.514987e-01
      vertex   -4.677929e-02 1.636165e-02 1.553997e-01
    endloop
  endfacet
  facet normal -2.954802e-01 6.435629e-01 7.060582e-01
    outer loop
      vertex   -2.112572e-02 4.249932e-02 1.620892e-01
      vertex   -2.618671e-02 3.991197e-02 1.623296e-01
      vertex   -2.226809e-02 3.856946e-02 1.651932e-01
    endloop
  endfacet
  facet normal 1.866035e-01 8.074294e-02 -9.791117e-01
    outer loop
      vertex   4.137699e-02 2.044860e-02 1.503443e-01
      vertex   4.183181e-02 1.671809e-02 1.501233e-01
      vertex   3.791103e-02 1.861012e-02 1.495321e-01
    endloop
  endfacet
  facet normal -1.558669e-01 -3.886199e-02 -9.870133e-01
    outer loop
      vertex   -3.712092e-02 -1.206132e-02 1.490000e-01
      vertex   -4.152973e-02 -8.554088e-03 1.495581e-01
      vertex   -3.843827e-02 -6.777705e-03 1.490000e-01
    endloop
  endfacet
  facet normal -2.416647e-01 -1.426399e-01 -9.598187e-01
    outer loop
      vertex   -4.324687e-02 -3.134567e-03 1.491851e-01
      vertex   -4.152973e-02 -8.554088e-03 1.495581e-01
      vertex   -4.534517e-02 -8.279034e-03 1.504779e-01
    endloop
  endfacet
  facet normal 8.641198e-02 -3.491269e-02 -9.956476e-01
    outer loop
      vertex   3.987388e-02 -1.693926e-02 1.494100e-01
      vertex   3.508105e-02 -1.711017e-02 1.490000e-01
      vertex   3.712092e-02 -1.206132e-02 1.490000e-01
    endloop
  endfacet
  facet normal 2.076796e-01 -8.394278e-01 5.022252e-01
    outer loop
      vertex   1.710656e-02 -4.512726e-02 1.614040e-01
      vertex   1.355042e-02 -4.516335e-02 1.628142e-01
      vertex   1.299200e-02 -4.757136e-02 1.590203e-01
    endloop
  endfacet
  facet normal 3.669679e-01 -4.540920e-01 -8.118713e-01
    outer loop
      vertex   3.198783e-02 -3.216167e-02 1.502104e-01
      vertex   3.227682e-02 -3.651156e-02 1.527739e-01
      vertex   2.862758e-02 -3.423114e-02 1.498490e-01
    endloop
  endfacet
  facet normal 8.980624e-01 -3.809737e-01 2.198701e-01
    outer loop
      vertex   4.630063e-02 -1.847257e-02 1.569828e-01
      vertex   4.726365e-02 -1.477642e-02 1.594538e-01
      vertex   4.563149e-02 -1.801245e-02 1.605132e-01
    endloop
  endfacet
  facet normal 6.912047e-02 4.728599e-01 -8.784224e-01
    outer loop
      vertex   6.390934e-03 4.320532e-02 1.496749e-01
      vertex   1.868507e-03 4.449551e-02 1.500136e-01
      vertex   4.085141e-03 4.705925e-02 1.515681e-01
    endloop
  endfacet
  facet normal -8.125278e-01 -5.118084e-01 2.790174e-01
    outer loop
      vertex   -4.313345e-02 -2.472603e-02 1.565873e-01
      vertex   -4.050546e-02 -2.746167e-02 1.592222e-01
      vertex   -4.206367e-02 -2.429429e-02 1.604945e-01
    endloop
  endfacet
  facet normal -5.601876e-01 -6.152087e-01 -5.547145e-01
    outer loop
      vertex   -3.564373e-02 -3.113507e-02 1.513136e-01
      vertex   -3.474303e-02 -3.494600e-02 1.546305e-01
      vertex   -3.825778e-02 -3.115549e-02 1.539761e-01
    endloop
  endfacet
  facet normal -5.613466e-02 9.981990e-01 -2.115844e-02
    outer loop
      vertex   6.553142e-04 4.948199e-02 1.548320e-01
      vertex   -4.326493e-03 4.919063e-02 1.543033e-01
      vertex   -2.937216e-03 4.934965e-02 1.581194e-01
    endloop
  endfacet
  facet normal 7.193048e-01 -2.765011e-01 -6.372972e-01
    outer loop
      vertex   4.436047e-02 -1.537640e-02 1.509776e-01
      vertex   4.570500e-02 -1.766607e-02 1.534885e-01
      vertex   4.260633e-02 -2.012523e-02 1.510580e-01
    endloop
  endfacet
  facet normal 2.490098e-01 5.014177e-01 -8.285979e-01
    outer loop
      vertex   1.745992e-02 4.519510e-02 1.524998e-01
      vertex   1.866805e-02 3.959976e-02 1.494769e-01
      vertex   1.515179e-02 4.248109e-02 1.501639e-01
    endloop
  endfacet
  facet normal 5.350065e-01 2.781122e-01 -7.977604e-01
    outer loop
      vertex   3.369639e-02 3.096520e-02 1.503167e-01
      vertex   3.740974e-02 3.123998e-02 1.529028e-01
      vertex   3.541417e-02 2.626652e-02 1.498306e-01
    endloop
  endfacet
  facet normal 3.616706e-01 5.412786e-01 7.590862e-01
    outer loop
      vertex   2.226809e-02 3.856946e-02 1.651932e-01
      vertex   2.711191e-02 3.533293e-02 1.651932e-01
      vertex   2.822741e-02 3.796851e-02 1.627823e-01
    endloop
  endfacet
  facet normal 2.830754e-01 -6.588580e-01 6.969752e-01
    outer loop
      vertex   1.710656e-02 -4.512726e-02 1.614040e-01
      vertex   1.704326e-02 -4.114606e-02 1.651932e-01
      vertex   1.355042e-02 -4.516335e-02 1.628142e-01
    endloop
  endfacet
  facet normal -6.431214e-01 1.279250e-01 7.550034e-01
    outer loop
      vertex   -4.301864e-02 1.152681e-02 1.651932e-01
      vertex   -4.648082e-02 7.922841e-03 1.628547e-01
      vertex   -4.415516e-02 5.813138e-03 1.651932e-01
    endloop
  endfacet
  facet normal 8.381491e-01 -2.849251e-01 4.651062e-01
    outer loop
      vertex   4.875688e-02 -3.763074e-03 1.611516e-01
      vertex   4.649252e-02 -7.581961e-03 1.628926e-01
      vertex   4.918778e-02 -7.933891e-03 1.578200e-01
    endloop
  endfacet
  facet normal 6.446914e-01 -1.282373e-01 7.536101e-01
    outer loop
      vertex   4.301864e-02 -1.152681e-02 1.651932e-01
      vertex   4.649252e-02 -7.581961e-03 1.628926e-01
      vertex   4.415516e-02 -5.813138e-03 1.651932e-01
    endloop
  endfacet
  facet normal -8.820360e-01 -2.108040e-02 4.707102e-01
    outer loop
      vertex   -4.760114e-02 -1.538395e-03 1.629279e-01
      vertex   -4.898769e-02 3.280343e-03 1.605455e-01
      vertex   -4.956895e-02 -1.596879e-03 1.592379e-01
    endloop
  endfacet
  facet normal 1.456527e-01 -1.725759e-01 -9.741678e-01
    outer loop
      vertex   2.862758e-02 -3.423114e-02 1.498490e-01
      vertex   2.442250e-02 -3.716552e-02 1.497401e-01
      vertex   2.520277e-02 -3.318486e-02 1.491516e-01
    endloop
  endfacet
  facet normal 6.608397e-01 3.128026e-01 6.822356e-01
    outer loop
      vertex   4.435569e-02 1.570651e-02 1.626971e-01
      vertex   4.286571e-02 2.107416e-02 1.616793e-01
      vertex   4.114606e-02 1.704326e-02 1.651932e-01
    endloop
  endfacet
  facet normal 5.711720e-01 -2.094147e-02 -8.205632e-01
    outer loop
      vertex   4.332244e-02 4.941571e-03 1.496063e-01
      vertex   4.517924e-02 9.814076e-03 1.507744e-01
      vertex   4.731718e-02 6.071491e-03 1.523581e-01
    endloop
  endfacet
  facet normal 3.917450e-01 -8.307999e-01 3.953573e-01
    outer loop
      vertex   2.179959e-02 -4.228789e-02 1.619211e-01
      vertex   2.524447e-02 -4.290647e-02 1.572078e-01
      vertex   2.646278e-02 -3.998718e-02 1.621352e-01
    endloop
  endfacet
  facet normal 2.280799e-01 9.305246e-01 2.865371e-01
    outer loop
      vertex   1.036564e-02 4.870535e-02 1.567147e-01
      vertex   6.773125e-03 4.869191e-02 1.596180e-01
      vertex   1.126359e-02 4.688087e-02 1.619250e-01
    endloop
  endfacet
  facet normal -5.894051e-02 -8.112463e-02 -9.949597e-01
    outer loop
      vertex   -2.068341e-02 -3.310037e-02 1.490000e-01
      vertex   -2.539846e-02 -3.363264e-02 1.493227e-01
      vertex   -2.508880e-02 -2.989967e-02 1.490000e-01
    endloop
  endfacet
  facet normal -1.706105e-01 -1.609434e-01 -9.721056e-01
    outer loop
      vertex   -2.862883e-02 -3.075638e-02 1.494135e-01
      vertex   -2.539846e-02 -3.363264e-02 1.493227e-01
      vertex   -3.122496e-02 -3.430843e-02 1.504572e-01
    endloop
  endfacet
  facet normal 2.413864e-02 -4.557382e-01 -8.897865e-01
    outer loop
      vertex   1.549745e-02 -4.416169e-02 1.516789e-01
      vertex   1.491364e-02 -4.003971e-02 1.495518e-01
      vertex   1.892375e-02 -4.252416e-02 1.509331e-01
    endloop
  endfacet
  facet normal 5.024153e-01 4.581115e-01 7.332890e-01
    outer loop
      vertex   2.822741e-02 3.796851e-02 1.627823e-01
      vertex   2.711191e-02 3.533293e-02 1.651932e-01
      vertex   3.310412e-02 3.439823e-02 1.616715e-01
    endloop
  endfacet
  facet normal -5.521742e-01 -6.177901e-01 -5.598563e-01
    outer loop
      vertex   -3.474303e-02 -3.494600e-02 1.546305e-01
      vertex   -3.564373e-02 -3.113507e-02 1.513136e-01
      vertex   -3.122496e-02 -3.430843e-02 1.504572e-01
    endloop
  endfacet
  facet normal -4.015900e-01 -2.045055e-01 -8.926942e-01
    outer loop
      vertex   -3.244972e-02 -2.973189e-02 1.495553e-01
      vertex   -3.564373e-02 -3.113507e-02 1.513136e-01
      vertex   -3.455394e-02 -2.636659e-02 1.497309e-01
    endloop
  endfacet
  facet normal 2.776031e-02 -9.036780e-01 4.273119e-01
    outer loop
      vertex   1.808721e-03 -4.956864e-02 1.582492e-01
      vertex   5.170108e-03 -4.804962e-02 1.612433e-01
      vertex   1.214720e-03 -4.754323e-02 1.625711e-01
    endloop
  endfacet
  facet normal 1.311908e-01 -7.165280e-01 6.851107e-01
    outer loop
      vertex   5.813138e-03 -4.415516e-02 1.651932e-01
      vertex   5.170108e-03 -4.804962e-02 1.612433e-01
      vertex   9.572678e-03 -4.583483e-02 1.627166e-01
    endloop
  endfacet
  facet normal 6.486088e-01 -4.251193e-02 7.599338e-01
    outer loop
      vertex   4.415516e-02 -5.813138e-03 1.651932e-01
      vertex   4.635238e-02 -2.856508e-03 1.634832e-01
      vertex   4.453618e-02 5.660705e-17 1.651932e-01
    endloop
  endfacet
  facet normal 6.675118e-01 -1.197064e-01 7.349138e-01
    outer loop
      vertex   4.742589e-02 9.365075e-04 1.631260e-01
      vertex   4.635238e-02 -2.856508e-03 1.634832e-01
      vertex   4.875688e-02 -3.763074e-03 1.611516e-01
    endloop
  endfacet
  facet normal -2.495371e-02 -1.127369e-01 -9.933115e-01
    outer loop
      vertex   -3.911747e-02 -1.738345e-02 1.491324e-01
      vertex   -3.508105e-02 -1.711017e-02 1.490000e-01
      vertex   -3.915331e-02 -2.130471e-02 1.495784e-01
    endloop
  endfacet
  facet normal -3.900902e-01 2.620107e-01 -8.827118e-01
    outer loop
      vertex   -3.193282e-02 3.357397e-02 1.508860e-01
      vertex   -3.212815e-02 2.941502e-02 1.497378e-01
      vertex   -3.499016e-02 3.266195e-02 1.519664e-01
    endloop
  endfacet
  facet normal -1.171419e-01 1.054749e-01 -9.874983e-01
    outer loop
      vertex   -3.075704e-02 2.403003e-02 1.490000e-01
      vertex   -3.212815e-02 2.941502e-02 1.497378e-01
      vertex   -2.711338e-02 2.807673e-02 1.490000e-01
    endloop
  endfacet
  facet normal 6.417344e-01 4.193145e-01 6.421467e-01
    outer loop
      vertex   4.286571e-02 2.107416e-02 1.616793e-01
      vertex   3.977465e-02 2.473173e-02 1.623800e-01
      vertex   3.856946e-02 2.226809e-02 1.651932e-01
    endloop
  endfacet
  facet normal 6.439284e-02 8.167305e-01 5.734151e-01
    outer loop
      vertex   6.773125e-03 4.869191e-02 1.596180e-01
      vertex   3.650118e-03 4.697490e-02 1.624143e-01
      vertex   7.662024e-03 4.645782e-02 1.627003e-01
    endloop
  endfacet
  facet normal -3.260880e-01 6.309482e-01 7.039680e-01
    outer loop
      vertex   -1.638130e-02 4.545510e-02 1.616377e-01
      vertex   -2.112572e-02 4.249932e-02 1.620892e-01
      vertex   -1.704326e-02 4.114606e-02 1.651932e-01
    endloop
  endfacet
  facet normal 3.660809e-01 8.345941e-01 4.116279e-01
    outer loop
      vertex   1.126359e-02 4.688087e-02 1.619250e-01
      vertex   1.524471e-02 4.470948e-02 1.627869e-01
      vertex   1.516123e-02 4.750828e-02 1.571865e-01
    endloop
  endfacet
  facet normal -4.403703e-01 1.975763e-01 -8.758068e-01
    outer loop
      vertex   -4.483218e-02 1.600255e-02 1.514987e-01
      vertex   -3.996221e-02 1.742089e-02 1.493699e-01
      vertex   -4.319611e-02 1.277385e-02 1.499476e-01
    endloop
  endfacet
  facet normal 9.911549e-02 -4.244085e-02 -9.941705e-01
    outer loop
      vertex   2.508880e-02 -2.989967e-02 1.490000e-01
      vertex   2.887603e-02 -3.011715e-02 1.493868e-01
      vertex   2.520277e-02 -3.318486e-02 1.491516e-01
    endloop
  endfacet
  facet normal -9.315503e-01 -3.500918e-01 9.823307e-02
    outer loop
      vertex   -4.313345e-02 -2.472603e-02 1.565873e-01
      vertex   -4.405140e-02 -2.152615e-02 1.592863e-01
      vertex   -4.470491e-02 -2.111669e-02 1.545483e-01
    endloop
  endfacet
  facet normal 7.085238e-01 -8.239432e-02 -7.008604e-01
    outer loop
      vertex   4.610295e-02 -6.179546e-03 1.512007e-01
      vertex   4.833729e-02 -9.023391e-03 1.537938e-01
      vertex   4.528384e-02 -1.057004e-02 1.508887e-01
    endloop
  endfacet
  facet normal -7.049180e-01 4.620262e-02 7.077824e-01
    outer loop
      vertex   -4.415516e-02 5.813138e-03 1.651932e-01
      vertex   -4.898769e-02 3.280343e-03 1.605455e-01
      vertex   -4.453618e-02 9.992007e-17 1.651932e-01
    endloop
  endfacet
  facet normal -6.898009e-01 7.211045e-01 -6.467724e-02
    outer loop
      vertex   -3.382388e-02 3.651157e-02 1.584913e-01
      vertex   -3.398615e-02 3.598697e-02 1.543730e-01
      vertex   -3.707498e-02 3.316322e-02 1.558334e-01
    endloop
  endfacet
  facet normal 7.444870e-02 5.359376e-02 -9.957837e-01
    outer loop
      vertex   2.294199e-02 3.157694e-02 1.490000e-01
      vertex   2.313048e-02 3.700500e-02 1.493062e-01
      vertex   2.731573e-02 3.454403e-02 1.494867e-01
    endloop
  endfacet
  facet normal -4.260761e-01 4.694337e-01 -7.733635e-01
    outer loop
      vertex   -2.439353e-02 3.696561e-02 1.496713e-01
      vertex   -2.716798e-02 4.079239e-02 1.535227e-01
      vertex   -2.254878e-02 4.203046e-02 1.517293e-01
    endloop
  endfacet
  facet normal 7.868140e-01 7.243802e-02 -6.129246e-01
    outer loop
      vertex   4.702362e-02 -1.436990e-03 1.516399e-01
      vertex   4.959754e-02 -3.395573e-04 1.550737e-01
      vertex   4.895306e-02 -4.673588e-03 1.537342e-01
    endloop
  endfacet
  facet normal -1.651813e-01 -2.177712e-01 -9.619204e-01
    outer loop
      vertex   -3.915331e-02 -2.130471e-02 1.495784e-01
      vertex   -3.586495e-02 -2.262936e-02 1.493136e-01
      vertex   -3.858980e-02 -2.510263e-02 1.503414e-01
    endloop
  endfacet
  facet normal 4.639344e-01 8.752580e-01 1.367055e-01
    outer loop
      vertex   1.842845e-02 4.554078e-02 1.600908e-01
      vertex   2.243131e-02 4.342624e-02 1.600448e-01
      vertex   2.039031e-02 4.526789e-02 1.551801e-01
    endloop
  endfacet
  facet normal -2.015136e-01 -1.782461e-01 -9.631306e-01
    outer loop
      vertex   -3.455394e-02 -2.636659e-02 1.497309e-01
      vertex   -3.858980e-02 -2.510263e-02 1.503414e-01
      vertex   -3.586495e-02 -2.262936e-02 1.493136e-01
    endloop
  endfacet
  facet normal 1.129914e-01 -3.372442e-01 -9.346118e-01
    outer loop
      vertex   1.919061e-02 -3.861137e-02 1.495535e-01
      vertex   1.892375e-02 -4.252416e-02 1.509331e-01
      vertex   1.491364e-02 -4.003971e-02 1.495518e-01
    endloop
  endfacet
  facet normal -6.680600e-01 -4.983395e-01 5.525881e-01
    outer loop
      vertex   -4.182279e-02 -2.069047e-02 1.627343e-01
      vertex   -4.536941e-02 -1.798875e-02 1.608830e-01
      vertex   -4.405140e-02 -2.152615e-02 1.592863e-01
    endloop
  endfacet
  facet normal -6.150504e-01 2.087811e-01 7.603443e-01
    outer loop
      vertex   -4.114606e-02 1.704326e-02 1.651932e-01
      vertex   -4.497603e-02 1.643438e-02 1.622623e-01
      vertex   -4.301864e-02 1.152681e-02 1.651932e-01
    endloop
  endfacet
  facet normal 8.316918e-02 -1.463289e-01 -9.857336e-01
    outer loop
      vertex   3.603799e-02 -2.376113e-02 1.495977e-01
      vertex   3.235837e-02 -2.182600e-02 1.490000e-01
      vertex   3.771909e-02 -2.068503e-02 1.492829e-01
    endloop
  endfacet
  facet normal 2.236909e-01 -2.184732e-01 -9.498588e-01
    outer loop
      vertex   3.309321e-02 -2.692733e-02 1.496325e-01
      vertex   3.603799e-02 -2.376113e-02 1.495977e-01
      vertex   3.798804e-02 -2.723809e-02 1.508567e-01
    endloop
  endfacet
  facet normal 6.887346e-01 6.872996e-01 -2.307897e-01
    outer loop
      vertex   3.237924e-02 3.768105e-02 1.579141e-01
      vertex   3.130654e-02 3.699391e-02 1.526666e-01
      vertex   2.889890e-02 4.000440e-02 1.544469e-01
    endloop
  endfacet
  facet normal -3.344407e-01 8.803361e-01 3.363894e-01
    outer loop
      vertex   -1.638130e-02 4.545510e-02 1.616377e-01
      vertex   -1.703282e-02 4.692415e-02 1.571455e-01
      vertex   -2.014484e-02 4.501288e-02 1.590533e-01
    endloop
  endfacet
  facet normal -4.146253e-01 -6.228189e-01 -6.634625e-01
    outer loop
      vertex   -2.621764e-02 -3.805386e-02 1.504818e-01
      vertex   -2.717839e-02 -4.069346e-02 1.535601e-01
      vertex   -3.061699e-02 -3.794171e-02 1.531258e-01
    endloop
  endfacet
  facet normal 9.415393e-01 -2.238811e-01 -2.517556e-01
    outer loop
      vertex   4.854858e-02 -1.153591e-02 1.568183e-01
      vertex   4.723626e-02 -1.370383e-02 1.538382e-01
      vertex   4.833729e-02 -9.023391e-03 1.537938e-01
    endloop
  endfacet
  facet normal -6.981742e-01 -7.133167e-01 -6.109043e-02
    outer loop
      vertex   -3.061699e-02 -3.794171e-02 1.531258e-01
      vertex   -2.952821e-02 -3.941106e-02 1.578395e-01
      vertex   -3.209651e-02 -3.695338e-02 1.584945e-01
    endloop
  endfacet
  facet normal 3.656765e-01 -1.246130e-01 -9.223624e-01
    outer loop
      vertex   4.436047e-02 -1.537640e-02 1.509776e-01
      vertex   3.987388e-02 -1.693926e-02 1.494100e-01
      vertex   4.203933e-02 -1.268592e-02 1.496938e-01
    endloop
  endfacet
  facet normal 7.866478e-01 -2.062491e-01 5.819334e-01
    outer loop
      vertex   4.726365e-02 -1.477642e-02 1.594538e-01
      vertex   4.461916e-02 -1.491326e-02 1.629801e-01
      vertex   4.563149e-02 -1.801245e-02 1.605132e-01
    endloop
  endfacet
  facet normal 6.132158e-01 -2.081583e-01 7.619951e-01
    outer loop
      vertex   4.114606e-02 -1.704326e-02 1.651932e-01
      vertex   4.461916e-02 -1.491326e-02 1.629801e-01
      vertex   4.301864e-02 -1.152681e-02 1.651932e-01
    endloop
  endfacet
  facet normal -7.536054e-01 1.130387e-01 -6.475347e-01
    outer loop
      vertex   -4.570892e-02 5.157060e-03 1.504118e-01
      vertex   -4.708443e-02 -3.515504e-04 1.510510e-01
      vertex   -4.930407e-02 3.451807e-03 1.542982e-01
    endloop
  endfacet
  facet normal 7.113890e-01 -2.805370e-01 6.443793e-01
    outer loop
      vertex   4.280873e-02 -1.983175e-02 1.628374e-01
      vertex   4.563149e-02 -1.801245e-02 1.605132e-01
      vertex   4.461916e-02 -1.491326e-02 1.629801e-01
    endloop
  endfacet
  facet normal -2.454235e-01 -8.396077e-01 4.845887e-01
    outer loop
      vertex   -1.199541e-02 -4.789319e-02 1.587456e-01
      vertex   -7.505295e-03 -4.896576e-02 1.591613e-01
      vertex   -1.002502e-02 -4.604223e-02 1.629505e-01
    endloop
  endfacet
  facet normal -3.687541e-01 -2.737467e-01 -8.883035e-01
    outer loop
      vertex   -3.564373e-02 -3.113507e-02 1.513136e-01
      vertex   -3.244972e-02 -2.973189e-02 1.495553e-01
      vertex   -3.122496e-02 -3.430843e-02 1.504572e-01
    endloop
  endfacet
  facet normal -7.099326e-01 -4.451465e-01 5.457474e-01
    outer loop
      vertex   -4.050546e-02 -2.746167e-02 1.592222e-01
      vertex   -3.672910e-02 -3.056484e-02 1.616035e-01
      vertex   -3.899837e-02 -2.557595e-02 1.627208e-01
    endloop
  endfacet
endsolid
